Participant,Purchased response?,Source,L1 Eng?,L1s,Other Ls,Country,Age,Gender,years Eng,Eng residence,1stOr2ndResponse,ResponseID,What is happening?,A1 Core,A1 Answer,A1 Gramm,A1 Interp,A1 Verif,A2 Core,A2 Answer,A2 Gramm,A2 Interp,A2 Verif
1,no,NNSv1,No,Chinese,,China,18,female,10 years or more (or native speaker),0,1,I30U-gNNS-p001-r1,The woman is running.,1,1,1,1,1,1,1,1,1,1
1,no,NNSv1,No,Chinese,,China,18,female,10 years or more (or native speaker),0,2,I30U-gNNS-p001-r2,0, , , , , ,,,,,
2,no,NNSv1,No,Chinese,,China,19,female,5 - 6 years,USA 3 years,1,I30U-gNNS-p002-r1,The woman is running.,1,1,1,1,1,1,1,1,1,1
2,no,NNSv1,No,Chinese,,China,19,female,5 - 6 years,USA 3 years,2,I30U-gNNS-p002-r2,0, , , , , ,,,,,
3,no,NNSv1,No,Chinese,,Chinese,18,female,4 - 5 years,USA 1 year,1,I30U-gNNS-p003-r1,she is running,1,1,1,1,1,1,1,1,1,1
3,no,NNSv1,No,Chinese,,Chinese,18,female,4 - 5 years,USA 1 year,2,I30U-gNNS-p003-r2,0, , , , , ,,,,,
4,no,NNSv2,No,"Chinese (Mandarin), Chinese (Cantonese), Chinese (Fujianese)",,China (Hong Kong),18,male,8 - 10 years,USA 3 years,1,I30U-gNNS-p004-r1,0, , , , , ,,,,,
4,no,NNSv2,No,"Chinese (Mandarin), Chinese (Cantonese), Chinese (Fujianese)",,China (Hong Kong),18,male,8 - 10 years,USA 3 years,2,I30U-gNNS-p004-r2,0, , , , , ,,,,,
5,no,NNSv2,No,Chinese,,China,19,female,8 - 10 years,USA 4 months,1,I30U-gNNS-p005-r1,0, , , , , ,,,,,
5,no,NNSv2,No,Chinese,,China,19,female,8 - 10 years,USA 4 months,2,I30U-gNNS-p005-r2,0, , , , , ,,,,,
6,no,NNSv2,No,Chinese (Mandarin),,China,18,female,8 - 10 years,0,1,I30U-gNNS-p006-r1,0, , , , , ,,,,,
6,no,NNSv2,No,Chinese (Mandarin),,China,18,female,8 - 10 years,0,2,I30U-gNNS-p006-r2,0, , , , , ,,,,,
7,no,NNSv2,No,Chinese,,China,19,male,8 - 10 years,UK (England) 1 year ,1,I30U-gNNS-p007-r1,0, , , , , ,,,,,
7,no,NNSv2,No,Chinese,,China,19,male,8 - 10 years,UK (England) 1 year ,2,I30U-gNNS-p007-r2,0, , , , , ,,,,,
8,no,NNSv1,No,Thai,,Thailand,18,male,4 - 5 years,0,1,I30U-gNNS-p008-r1,The woman is jogging.,1,1,1,1,1,1,1,1,1,1
8,no,NNSv1,No,Thai,,Thailand,18,male,4 - 5 years,0,2,I30U-gNNS-p008-r2,0, , , , , ,,,,,
9,no,NNSv2,No,Arabic,,Saudi Arabia,26,male,2 - 3 years,USA 5 years,1,I30U-gNNS-p009-r1,0, , , , , ,,,,,
9,no,NNSv2,No,Arabic,,Saudi Arabia,26,male,2 - 3 years,USA 5 years,2,I30U-gNNS-p009-r2,0, , , , , ,,,,,
10,no,NNSv1,No,Chinese,,China,19,male,3 - 4 years,USA 1 year,1,I30U-gNNS-p010-r1,the girl is running ,1,1,1,1,1,1,1,1,1,1
10,no,NNSv1,No,Chinese,,China,19,male,3 - 4 years,USA 1 year,2,I30U-gNNS-p010-r2,0, , , , , ,,,,,
11,no,NNSv1,No,"Korean, English",,South Korea,19,male,5 - 6 years,"USA 2 years, Singapore 2.5 years",1,I30U-gNNS-p011-r1,A woman is running ,1,1,1,1,1,1,1,1,1,1
11,no,NNSv1,No,"Korean, English",,South Korea,19,male,5 - 6 years,"USA 2 years, Singapore 2.5 years",2,I30U-gNNS-p011-r2,0, , , , , ,,,,,
12,no,NNSv2,No,"Burmese, Burmese (Chin)",,Burma (Myanmar),19,male,5 - 6 years,USA 6 years,1,I30U-gNNS-p012-r1,0, , , , , ,,,,,
12,no,NNSv2,No,"Burmese, Burmese (Chin)",,Burma (Myanmar),19,male,5 - 6 years,USA 6 years,2,I30U-gNNS-p012-r2,0, , , , , ,,,,,
13,no,NNSv2,No,Chinese,,China,18,female,8 - 10 years,USA 6 months,1,I30U-gNNS-p013-r1,0, , , , , ,,,,,
13,no,NNSv2,No,Chinese,,China,18,female,8 - 10 years,USA 6 months,2,I30U-gNNS-p013-r2,0, , , , , ,,,,,
14,no,NNSv2,No,Chinese,,China,20,male,8 - 10 years,None,1,I30U-gNNS-p014-r1,0, , , , , ,,,,,
14,no,NNSv2,No,Chinese,,China,20,male,8 - 10 years,None,2,I30U-gNNS-p014-r2,0, , , , , ,,,,,
15,no,NNSv1,No,Chinese,,China,18,female,3 - 4 years,0,1,I30U-gNNS-p015-r1,The girl is running.,1,1,1,1,1,1,1,1,1,1
15,no,NNSv1,No,Chinese,,China,18,female,3 - 4 years,0,2,I30U-gNNS-p015-r2,0, , , , , ,,,,,
16,no,NNSv1,No,Chinese,,China,18,female,4 - 5 years,0,1,I30U-gNNS-p016-r1,The woman is running.,1,1,1,1,1,1,1,1,1,1
16,no,NNSv1,No,Chinese,,China,18,female,4 - 5 years,0,2,I30U-gNNS-p016-r2,0, , , , , ,,,,,
17,no,NNSv2,No,Chinese ,,China,18,female,10 years or more (or native speaker),USA 1 year,1,I30U-gNNS-p017-r1,0, , , , , ,,,,,
17,no,NNSv2,No,Chinese ,,China,18,female,10 years or more (or native speaker),USA 1 year,2,I30U-gNNS-p017-r2,0, , , , , ,,,,,
18,no,NNSv1,No,Chinese,,China,18,female,8 - 10 years,USA 4 months,1,I30U-gNNS-p018-r1,The woman is running.,1,1,1,1,1,1,1,1,1,1
18,no,NNSv1,No,Chinese,,China,18,female,8 - 10 years,USA 4 months,2,I30U-gNNS-p018-r2,0, , , , , ,,,,,
19,no,NNSv1,No,Chinese,,China,17,female,4 - 5 years,0,1,I30U-gNNS-p019-r1,The woman is running.,1,1,1,1,1,1,1,1,1,1
19,no,NNSv1,No,Chinese,,China,17,female,4 - 5 years,0,2,I30U-gNNS-p019-r2,0, , , , , ,,,,,
20,no,NNSv1,No,"Chinese, English",,China,18,female,8 - 10 years,"UK 6 months, USA 2 years",1,I30U-gNNS-p020-r1,The young lady is running. ,1,1,1,1,1,1,1,1,1,1
20,no,NNSv1,No,"Chinese, English",,China,18,female,8 - 10 years,"UK 6 months, USA 2 years",2,I30U-gNNS-p020-r2,0, , , , , ,,,,,
21,no,NNSv2,No,Chinese,,China,18,male,6 - 8 years,USA 3 months,1,I30U-gNNS-p021-r1,0, , , , , ,,,,,
21,no,NNSv2,No,Chinese,,China,18,male,6 - 8 years,USA 3 months,2,I30U-gNNS-p021-r2,0, , , , , ,,,,,
22,no,NNSv2,No,Chinese,,Brazil,18,female,6 - 8 years,USA 4 months,1,I30U-gNNS-p022-r1,0, , , , , ,,,,,
22,no,NNSv2,No,Chinese,,Brazil,18,female,6 - 8 years,USA 4 months,2,I30U-gNNS-p022-r2,0, , , , , ,,,,,
23,no,NNSv2,No,Chinese,,China,20,female,5 - 6 years,USA 4 month,1,I30U-gNNS-p023-r1,0, , , , , ,,,,,
23,no,NNSv2,No,Chinese,,China,20,female,5 - 6 years,USA 4 month,2,I30U-gNNS-p023-r2,0, , , , , ,,,,,
24,no,NNSv1,No,Chinese,,China,18,male,8 - 10 years,USA 4 years,1,I30U-gNNS-p024-r1,the women is running to a open area because the earthquake is happening.,1,1,0,1,0,1,1,0,1,0
24,no,NNSv1,No,Chinese,,China,18,male,8 - 10 years,USA 4 years,2,I30U-gNNS-p024-r2,0, , , , , ,,,,,
25,no,NNSv1,No,Chinese,,China,18,female,10 years or more (or native speaker),USA 3 months,1,I30U-gNNS-p025-r1,A girl is running.,1,1,1,1,1,1,1,1,1,1
25,no,NNSv1,No,Chinese,,China,18,female,10 years or more (or native speaker),USA 3 months,2,I30U-gNNS-p025-r2,0, , , , , ,,,,,
26,no,NNSv2,No,Chinese,,China,18,female,8 - 10 years,UK 1 year,1,I30U-gNNS-p026-r1,0, , , , , ,,,,,
26,no,NNSv2,No,Chinese,,China,18,female,8 - 10 years,UK 1 year,2,I30U-gNNS-p026-r2,0, , , , , ,,,,,
27,no,NNSv2,No,Chinese ,,China,18,female,10 years or more (or native speaker),USA 2.5 years,1,I30U-gNNS-p027-r1,0, , , , , ,,,,,
27,no,NNSv2,No,Chinese ,,China,18,female,10 years or more (or native speaker),USA 2.5 years,2,I30U-gNNS-p027-r2,0, , , , , ,,,,,
28,no,NNSv2,No,Chinese,,China,19,female,6 - 8 years,USA 6 months,1,I30U-gNNS-p028-r1,0, , , , , ,,,,,
28,no,NNSv2,No,Chinese,,China,19,female,6 - 8 years,USA 6 months,2,I30U-gNNS-p028-r2,0, , , , , ,,,,,
29,no,NNSv1,No,Chinese,,China,19,female,10 years or more (or native speaker),0,1,I30U-gNNS-p029-r1,The women is running.,1,1,0,0,0,1,1,0,1,0
29,no,NNSv1,No,Chinese,,China,19,female,10 years or more (or native speaker),0,2,I30U-gNNS-p029-r2,0, , , , , ,,,,,
30,no,NNSv2,No,Chinese,,China,18,female,3 - 4 years,USA 6 months,1,I30U-gNNS-p030-r1,0, , , , , ,,,,,
30,no,NNSv2,No,Chinese,,China,18,female,3 - 4 years,USA 6 months,2,I30U-gNNS-p030-r2,0, , , , , ,,,,,
31,no,NNSv1,No,Chinese,,China,17,female,8 - 10 years,USA 4 months,1,I30U-gNNS-p031-r1,a woman is jogging. ,1,1,1,1,1,1,1,1,1,1
31,no,NNSv1,No,Chinese,,China,17,female,8 - 10 years,USA 4 months,2,I30U-gNNS-p031-r2,0, , , , , ,,,,,
32,no,NNSv2,No,Chinese,,China,18,female,8 - 10 years,0,1,I30U-gNNS-p032-r1,0, , , , , ,,,,,
32,no,NNSv2,No,Chinese,,China,18,female,8 - 10 years,0,2,I30U-gNNS-p032-r2,0, , , , , ,,,,,
33,no,NNSv1,No,Chinese,,China,18,female,6 - 8 years,None,1,I30U-gNNS-p033-r1,A woman is running.,1,1,1,1,1,1,1,1,1,1
33,no,NNSv1,No,Chinese,,China,18,female,6 - 8 years,None,2,I30U-gNNS-p033-r2,0, , , , , ,,,,,
34,no,NNSv2,No,Chinese,,China,18,male,10 years or more (or native speaker),0,1,I30U-gNNS-p034-r1,0, , , , , ,,,,,
34,no,NNSv2,No,Chinese,,China,18,male,10 years or more (or native speaker),0,2,I30U-gNNS-p034-r2,0, , , , , ,,,,,
35,no,NNSv1,No,Chinese,,China,19,female,10 years or more (or native speaker),0,1,I30U-gNNS-p035-r1,The woman is running to protect her health.,1,1,1,1,1,1,1,1,1,1
35,no,NNSv1,No,Chinese,,China,19,female,10 years or more (or native speaker),0,2,I30U-gNNS-p035-r2,0, , , , , ,,,,,
36,no,NNSv2,No,Chinese,,China,19,male,5 - 6 years,0,1,I30U-gNNS-p036-r1,0, , , , , ,,,,,
36,no,NNSv2,No,Chinese,,China,19,male,5 - 6 years,0,2,I30U-gNNS-p036-r2,0, , , , , ,,,,,
37,no,NNSv2,No,Chinese,,China,18,male,10 years or more (or native speaker),USA 4 months ,1,I30U-gNNS-p037-r1,0, , , , , ,,,,,
37,no,NNSv2,No,Chinese,,China,18,male,10 years or more (or native speaker),USA 4 months ,2,I30U-gNNS-p037-r2,0, , , , , ,,,,,
38,no,NNSv2,No,Chinese,,China,20,male,10 years or more (or native speaker),0,1,I30U-gNNS-p038-r1,0, , , , , ,,,,,
38,no,NNSv2,No,Chinese,,China,20,male,10 years or more (or native speaker),0,2,I30U-gNNS-p038-r2,0, , , , , ,,,,,
39,no,NNSv2,No,Chinese,,China,18,male,5 - 6 years,USA 4 months,1,I30U-gNNS-p039-r1,0, , , , , ,,,,,
39,no,NNSv2,No,Chinese,,China,18,male,5 - 6 years,USA 4 months,2,I30U-gNNS-p039-r2,0, , , , , ,,,,,
40,no,NNSv2,No,Chinese,,China,20,male,5 - 6 years,USA 3 years,1,I30U-gNNS-p040-r1,0, , , , , ,,,,,
40,no,NNSv2,No,Chinese,,China,20,male,5 - 6 years,USA 3 years,2,I30U-gNNS-p040-r2,0, , , , , ,,,,,
41,no,NNSv2,No,Bahasa (Indonesian),,Indonesia,19,male,8 - 10 years,Singapore 1 month,1,I30U-gNNS-p041-r1,0, , , , , ,,,,,
41,no,NNSv2,No,Bahasa (Indonesian),,Indonesia,19,male,8 - 10 years,Singapore 1 month,2,I30U-gNNS-p041-r2,0, , , , , ,,,,,
42,no,NNSv2,No,Chinese,,China,18,male,6 - 8 years,USA 1 month,1,I30U-gNNS-p042-r1,0, , , , , ,,,,,
42,no,NNSv2,No,Chinese,,China,18,male,6 - 8 years,USA 1 month,2,I30U-gNNS-p042-r2,0, , , , , ,,,,,
43,no,NNSv2,No,Chinese,,China,19,,6 - 8 years,0,1,I30U-gNNS-p043-r1,0, , , , , ,,,,,
43,no,NNSv2,No,Chinese,,China,19,,6 - 8 years,0,2,I30U-gNNS-p043-r2,0, , , , , ,,,,,
44,no,NNSv2,No,Chinese,,China,18,male,8 - 10 years,USA 1 year,1,I30U-gNNS-p044-r1,0, , , , , ,,,,,
44,no,NNSv2,No,Chinese,,China,18,male,8 - 10 years,USA 1 year,2,I30U-gNNS-p044-r2,0, , , , , ,,,,,
45,no,NNSv1,No,Chinese,,China,19,male,5 - 6 years,USA 4 years,1,I30U-gNNS-p045-r1,The woman is running.,1,1,1,1,1,1,1,1,1,1
45,no,NNSv1,No,Chinese,,China,19,male,5 - 6 years,USA 4 years,2,I30U-gNNS-p045-r2,0, , , , , ,,,,,
46,no,NNSv1,No,Chinese,,China,18,female,5 - 6 years,0,1,I30U-gNNS-p046-r1,The girl is running.,1,1,1,1,1,1,1,1,1,1
46,no,NNSv1,No,Chinese,,China,18,female,5 - 6 years,0,2,I30U-gNNS-p046-r2,0, , , , , ,,,,,
47,no,NNSv1,No,Chinese,,China,19,male,5 - 6 years,USA 4 years,1,I30U-gNNS-p047-r1,The woman is running,1,1,1,1,1,1,1,1,1,1
47,no,NNSv1,No,Chinese,,China,19,male,5 - 6 years,USA 4 years,2,I30U-gNNS-p047-r2,0, , , , , ,,,,,
48,no,NNSv1,No,Chinese,,China,17,female,5 - 6 years,0,1,I30U-gNNS-p048-r1,The woman is running.,1,1,1,1,1,1,1,1,1,1
48,no,NNSv1,No,Chinese,,China,17,female,5 - 6 years,0,2,I30U-gNNS-p048-r2,0, , , , , ,,,,,
49,no,NNSv1,No,Chinese ,,China ,18,male,3 - 4 years,USA 3 years ,1,I30U-gNNS-p049-r1,A lady is jogging ,1,1,1,1,1,1,1,1,1,1
49,no,NNSv1,No,Chinese ,,China ,18,male,3 - 4 years,USA 3 years ,2,I30U-gNNS-p049-r2,0, , , , , ,,,,,
50,no,NNSv1,No,Chinese,,China,18,female,5 - 6 years,None,1,I30U-gNNS-p050-r1,A woman is running.,1,1,1,1,1,1,1,1,1,1
50,no,NNSv1,No,Chinese,,China,18,female,5 - 6 years,None,2,I30U-gNNS-p050-r2,0, , , , , ,,,,,
51,no,NNSv2,No,Chinese,,China,21,female,6 - 8 years,USA 4 months,1,I30U-gNNS-p051-r1,0, , , , , ,,,,,
51,no,NNSv2,No,Chinese,,China,21,female,6 - 8 years,USA 4 months,2,I30U-gNNS-p051-r2,0, , , , , ,,,,,
52,no,NNSv1,No,Chinese,,China,18,female,5 - 6 years,USA 3 months,1,I30U-gNNS-p052-r1,This teenager is running for fitness. ,1,1,1,1,1,1,1,1,1,1
52,no,NNSv1,No,Chinese,,China,18,female,5 - 6 years,USA 3 months,2,I30U-gNNS-p052-r2,0, , , , , ,,,,,
53,no,NNSv1,No,Chinese,,China,19,,4 - 5 years,USA 4 years,1,I30U-gNNS-p053-r1,The girl is running,1,1,1,1,1,1,1,1,1,1
53,no,NNSv1,No,Chinese,,China,19,,4 - 5 years,USA 4 years,2,I30U-gNNS-p053-r2,0, , , , , ,,,,,
54,no,NNSv1,No,Chinese,,China,18,female,8 - 10 years,0,1,I30U-gNNS-p054-r1,A woman is running.,1,1,1,1,1,1,1,1,1,1
54,no,NNSv1,No,Chinese,,China,18,female,8 - 10 years,0,2,I30U-gNNS-p054-r2,0, , , , , ,,,,,
55,no,NNSv1,No,Chinese,,China,18,male,4 - 5 years,0,1,I30U-gNNS-p055-r1,The woman is running.,1,1,1,1,1,1,1,1,1,1
55,no,NNSv1,No,Chinese,,China,18,male,4 - 5 years,0,2,I30U-gNNS-p055-r2,0, , , , , ,,,,,
56,no,NNSv1,No,Chinese,,Taiwan,20,female,8 - 10 years,0,1,I30U-gNNS-p056-r1,The woman is jogging.,1,1,1,1,1,1,1,1,1,1
56,no,NNSv1,No,Chinese,,Taiwan,20,female,8 - 10 years,0,2,I30U-gNNS-p056-r2,0, , , , , ,,,,,
57,no,NNSv2,No,Chinese,,China,19,male,3 - 4 years,USA 6 months,1,I30U-gNNS-p057-r1,0, , , , , ,,,,,
57,no,NNSv2,No,Chinese,,China,19,male,3 - 4 years,USA 6 months,2,I30U-gNNS-p057-r2,0, , , , , ,,,,,
58,no,NNSv2,No,Vietnamese,,Vietnam,19,male,3 - 4 years,USA 4 years,1,I30U-gNNS-p058-r1,0, , , , , ,,,,,
58,no,NNSv2,No,Vietnamese,,Vietnam,19,male,3 - 4 years,USA 4 years,2,I30U-gNNS-p058-r2,0, , , , , ,,,,,
59,no,NNSv1,No,Gujarati,,India,18,male,10 years or more (or native speaker),Taiwan,1,I30U-gNNS-p059-r1,The woman is jogging.,1,1,1,1,1,1,1,1,1,1
59,no,NNSv1,No,Gujarati,,India,18,male,10 years or more (or native speaker),Taiwan,2,I30U-gNNS-p059-r2,0, , , , , ,,,,,
60,no,NNSv1,No,Chinese,,China,18,female,8 - 10 years,0,1,I30U-gNNS-p060-r1,A girl is running.,1,1,1,1,1,1,1,1,1,1
60,no,NNSv1,No,Chinese,,China,18,female,8 - 10 years,0,2,I30U-gNNS-p060-r2,0, , , , , ,,,,,
61,no,NNSv1,No,Chinese,,China,18,female,8 - 10 years,0,1,I30U-gNNS-p061-r1,The lady is running.,1,1,1,1,1,1,1,1,1,1
61,no,NNSv1,No,Chinese,,China,18,female,8 - 10 years,0,2,I30U-gNNS-p061-r2,0, , , , , ,,,,,
62,no,NNSv1,No,Chinese,,China,18,male,10 years or more (or native speaker),"Australia 1 month, USA 4 months",1,I30U-gNNS-p062-r1,The woman is running.,1,1,1,1,1,1,1,1,1,1
62,no,NNSv1,No,Chinese,,China,18,male,10 years or more (or native speaker),"Australia 1 month, USA 4 months",2,I30U-gNNS-p062-r2,0, , , , , ,,,,,
63,no,NNSv1,No,Chinese,,China,19,male,3 - 4 years,USA 3.5 years,1,I30U-gNNS-p063-r1,A woman is jogging. ,1,1,1,1,1,1,1,1,1,1
63,no,NNSv1,No,Chinese,,China,19,male,3 - 4 years,USA 3.5 years,2,I30U-gNNS-p063-r2,0, , , , , ,,,,,
64,no,NNSv1,No,Chinese,,China,18,female,8 - 10 years,USA 4 years,1,I30U-gNNS-p064-r1,The woman is running. ,1,1,1,1,1,1,1,1,1,1
64,no,NNSv1,No,Chinese,,China,18,female,8 - 10 years,USA 4 years,2,I30U-gNNS-p064-r2,0, , , , , ,,,,,
65,no,NNSv2,No,Chinese,,China,19,female,8 - 10 years,0,1,I30U-gNNS-p065-r1,0, , , , , ,,,,,
65,no,NNSv2,No,Chinese,,China,19,female,8 - 10 years,0,2,I30U-gNNS-p065-r2,0, , , , , ,,,,,
66,no,NNSv2,No,Chinese,,China,18,female,8 - 10 years,0,1,I30U-gNNS-p066-r1,0, , , , , ,,,,,
66,no,NNSv2,No,Chinese,,China,18,female,8 - 10 years,0,2,I30U-gNNS-p066-r2,0, , , , , ,,,,,
67,no,NNSv1,No,Chinese,,China,17,female,10 years or more (or native speaker),USA 2 years,1,I30U-gNNS-p067-r1,She is running.,1,1,1,1,1,1,1,1,1,1
67,no,NNSv1,No,Chinese,,China,17,female,10 years or more (or native speaker),USA 2 years,2,I30U-gNNS-p067-r2,0, , , , , ,,,,,
68,no,NNSv1,No,Chinese,,China,19,male,4 - 5 years,0,1,I30U-gNNS-p068-r1,A lady is running ,1,1,1,1,1,1,1,1,1,1
68,no,NNSv1,No,Chinese,,China,19,male,4 - 5 years,0,2,I30U-gNNS-p068-r2,0, , , , , ,,,,,
69,no,NNSv2,No,Chinese,,China,19,male,10 years or more (or native speaker),None,1,I30U-gNNS-p069-r1,0, , , , , ,,,,,
69,no,NNSv2,No,Chinese,,China,19,male,10 years or more (or native speaker),None,2,I30U-gNNS-p069-r2,0, , , , , ,,,,,
70,no,NNSv2,No,"Burmese (Mizo), Burmese (Zophei)",,Burma,19,,5 - 6 years,USA 5 years,1,I30U-gNNS-p070-r1,0, , , , , ,,,,,
70,no,NNSv2,No,"Burmese (Mizo), Burmese (Zophei)",,Burma,19,,5 - 6 years,USA 5 years,2,I30U-gNNS-p070-r2,0, , , , , ,,,,,
71,no,NNSv1,No,HINDI,,India,19,female,10 years or more (or native speaker),USA 4 months,1,I30U-gNNS-p071-r1,The woman is jogging.,1,1,1,1,1,1,1,1,1,1
71,no,NNSv1,No,HINDI,,India,19,female,10 years or more (or native speaker),USA 4 months,2,I30U-gNNS-p071-r2,0, , , , , ,,,,,
72,no,NNSv2,No,Chinese,,China,18,male,5 - 6 years,None,1,I30U-gNNS-p072-r1,0, , , , , ,,,,,
72,no,NNSv2,No,Chinese,,China,18,male,5 - 6 years,None,2,I30U-gNNS-p072-r2,0, , , , , ,,,,,
73,no,NNSv1,No,Chinese,,China,18,female,8 - 10 years,0,1,I30U-gNNS-p073-r1,The woman is jogging.,1,1,1,1,1,1,1,1,1,1
73,no,NNSv1,No,Chinese,,China,18,female,8 - 10 years,0,2,I30U-gNNS-p073-r2,0, , , , , ,,,,,
74,no,NNSv2,No,Chinese,,China,19,male,8 - 10 years,0,1,I30U-gNNS-p074-r1,0, , , , , ,,,,,
74,no,NNSv2,No,Chinese,,China,19,male,8 - 10 years,0,2,I30U-gNNS-p074-r2,0, , , , , ,,,,,
75,no,NNSv2,No,Chinese,,China,18,male,8 - 10 years,USA 5 months,1,I30U-gNNS-p075-r1,0, , , , , ,,,,,
75,no,NNSv2,No,Chinese,,China,18,male,8 - 10 years,USA 5 months,2,I30U-gNNS-p075-r2,0, , , , , ,,,,,
76,no,NNSv1,No,Chinese,,China,18,male,8 - 10 years,0,1,I30U-gNNS-p076-r1,A teenager is jogging.,1,1,1,1,1,1,1,1,1,1
76,no,NNSv1,No,Chinese,,China,18,male,8 - 10 years,0,2,I30U-gNNS-p076-r2,0, , , , , ,,,,,
77,no,NNSv2,No,"Burmese (Chin), Burmese (Zophei)",,Burma,19,male,6 - 8 years,USA 6 years,1,I30U-gNNS-p077-r1,0, , , , , ,,,,,
77,no,NNSv2,No,"Burmese (Chin), Burmese (Zophei)",,Burma,19,male,6 - 8 years,USA 6 years,2,I30U-gNNS-p077-r2,0, , , , , ,,,,,
78,no,NNSv2,No,Chinese,,China,19,male,8 - 10 years,USA 6 months,1,I30U-gNNS-p078-r1,0, , , , , ,,,,,
78,no,NNSv2,No,Chinese,,China,19,male,8 - 10 years,USA 6 months,2,I30U-gNNS-p078-r2,0, , , , , ,,,,,
79,no,NNSv2,No,Chinese,,China,18,male,5 - 6 years,None,1,I30U-gNNS-p079-r1,0, , , , , ,,,,,
79,no,NNSv2,No,Chinese,,China,18,male,5 - 6 years,None,2,I30U-gNNS-p079-r2,0, , , , , ,,,,,
80,no,NNSv1,No,Chinese,,China,19,female,8 - 10 years,USA 2 years,1,I30U-gNNS-p080-r1,The woman is running.,1,1,1,1,1,1,1,1,1,1
80,no,NNSv1,No,Chinese,,China,19,female,8 - 10 years,USA 2 years,2,I30U-gNNS-p080-r2,0, , , , , ,,,,,
81,no,NNSv2,No,Chinese,,China,20,male,6 - 8 years,USA 3 years,1,I30U-gNNS-p081-r1,0, , , , , ,,,,,
81,no,NNSv2,No,Chinese,,China,20,male,6 - 8 years,USA 3 years,2,I30U-gNNS-p081-r2,0, , , , , ,,,,,
82,no,NNSv2,No,Chinese,,China,19,male,5 - 6 years,USA 3 years,1,I30U-gNNS-p082-r1,0, , , , , ,,,,,
82,no,NNSv2,No,Chinese,,China,19,male,5 - 6 years,USA 3 years,2,I30U-gNNS-p082-r2,0, , , , , ,,,,,
83,no,NNSv2,No,Chinese,,China,18,female,6 - 8 years,USA 2 years,1,I30U-gNNS-p083-r1,0, , , , , ,,,,,
83,no,NNSv2,No,Chinese,,China,18,female,6 - 8 years,USA 2 years,2,I30U-gNNS-p083-r2,0, , , , , ,,,,,
84,no,NNSv1,No,Chinese,,China ,19,female,1 - 2 years,0,1,I30U-gNNS-p084-r1,the girl is running ,1,1,1,1,1,1,1,1,1,1
84,no,NNSv1,No,Chinese,,China ,19,female,1 - 2 years,0,2,I30U-gNNS-p084-r2,0, , , , , ,,,,,
85,no,NNSv1,No,Chinese,,China,19,female,8 - 10 years,USA 5 years,1,I30U-gNNS-p085-r1,She is jogging.,1,1,1,1,1,1,1,1,1,1
85,no,NNSv1,No,Chinese,,China,19,female,8 - 10 years,USA 5 years,2,I30U-gNNS-p085-r2,0, , , , , ,,,,,
86,no,NNSv2,No,Chinese,,China,19,female,8 - 10 years,None,1,I30U-gNNS-p086-r1,0, , , , , ,,,,,
86,no,NNSv2,No,Chinese,,China,19,female,8 - 10 years,None,2,I30U-gNNS-p086-r2,0, , , , , ,,,,,
87,no,NNSv2,No,Chinese,,China,19,male,8 - 10 years,0,1,I30U-gNNS-p087-r1,0, , , , , ,,,,,
87,no,NNSv2,No,Chinese,,China,19,male,8 - 10 years,0,2,I30U-gNNS-p087-r2,0, , , , , ,,,,,
88,no,NNSv1,No,Chinese,,China,19,female,8 - 10 years,USA 4 years,1,I30U-gNNS-p088-r1,A woman is jogging. ,1,1,1,1,1,1,1,1,1,1
88,no,NNSv1,No,Chinese,,China,19,female,8 - 10 years,USA 4 years,2,I30U-gNNS-p088-r2,0, , , , , ,,,,,
89,no,NNSv1,No,Korean,,Korea,18,,5 - 6 years,None,1,I30U-gNNS-p089-r1,A woman is running.,1,1,1,1,1,1,1,1,1,1
89,no,NNSv1,No,Korean,,Korea,18,,5 - 6 years,None,2,I30U-gNNS-p089-r2,0, , , , , ,,,,,
90,no,NNSv1,No,Chinese,,China,18,female,6 - 8 years,0,1,I30U-gNNS-p090-r1,The woman is running.,1,1,1,1,1,1,1,1,1,1
90,no,NNSv1,No,Chinese,,China,18,female,6 - 8 years,0,2,I30U-gNNS-p090-r2,0, , , , , ,,,,,
91,no,NNSv1,No,Chinese,,China,18,male,5 - 6 years,USA 4 months,1,I30U-gNNS-p091-r1,The lady is exercising. ,1,1,1,0,1,0,1,1,0,1
91,no,NNSv1,No,Chinese,,China,18,male,5 - 6 years,USA 4 months,2,I30U-gNNS-p091-r2,0, , , , , ,,,,,
92,no,NNSv1,No,Chinese,,China,18,female,8 - 10 years,USA 1 year,1,I30U-gNNS-p092-r1,The woman is running.,1,1,1,1,1,1,1,1,1,1
92,no,NNSv1,No,Chinese,,China,18,female,8 - 10 years,USA 1 year,2,I30U-gNNS-p092-r2,0, , , , , ,,,,,
93,no,NNSv1,No,Chinese,,China,18,female,8 - 10 years,0,1,I30U-gNNS-p093-r1,The woman is running.,1,1,1,1,1,1,1,1,1,1
93,no,NNSv1,No,Chinese,,China,18,female,8 - 10 years,0,2,I30U-gNNS-p093-r2,0, , , , , ,,,,,
94,no,NNSv1,No,Chinese,,,18,female,6 - 8 years,USA 4 months,1,I30U-gNNS-p094-r1,The woman is running.,1,1,1,1,1,1,1,1,1,1
94,no,NNSv1,No,Chinese,,,18,female,6 - 8 years,USA 4 months,2,I30U-gNNS-p094-r2,0, , , , , ,,,,,
95,no,NNSv1,No,Chinese,,China,18,female,5 - 6 years,USA 6 months,1,I30U-gNNS-p095-r1,The women is running. ,1,1,0,0,0,1,1,0,1,0
95,no,NNSv1,No,Chinese,,China,18,female,5 - 6 years,USA 6 months,2,I30U-gNNS-p095-r2,0, , , , , ,,,,,
96,no,NNSv1,No,Chinese,,China,19,female,3 - 4 years,USA 1 year,1,I30U-gNNS-p096-r1,The girl is running to make a exercise.,1,1,0,1,1,1,1,0,1,1
96,no,NNSv1,No,Chinese,,China,19,female,3 - 4 years,USA 1 year,2,I30U-gNNS-p096-r2,0, , , , , ,,,,,
97,no,NNSv1,No,Chinese,,China,18,female,10 years or more (or native speaker),USA 4 years,1,I30U-gNNS-p097-r1,The woman is jogging.,1,1,1,1,1,1,1,1,1,1
97,no,NNSv1,No,Chinese,,China,18,female,10 years or more (or native speaker),USA 4 years,2,I30U-gNNS-p097-r2,0, , , , , ,,,,,
98,no,NNSv1,No,Chinese,,China,18,female,8 - 10 years,0,1,I30U-gNNS-p098-r1,The woman is jogging.,1,1,1,1,1,1,1,1,1,1
98,no,NNSv1,No,Chinese,,China,18,female,8 - 10 years,0,2,I30U-gNNS-p098-r2,0, , , , , ,,,,,
99,no,NNSv2,No,Chinese,,China,19,male,10 years or more (or native speaker),"USA 1 year, UK 1 year",1,I30U-gNNS-p099-r1,0, , , , , ,,,,,
99,no,NNSv2,No,Chinese,,China,19,male,10 years or more (or native speaker),"USA 1 year, UK 1 year",2,I30U-gNNS-p099-r2,0, , , , , ,,,,,
100,no,NNSv1,No,Chinese,,China,20,male,10 years or more (or native speaker),USA 4 months,1,I30U-gNNS-p100-r1,The woman is jogging.,1,1,1,1,1,1,1,1,1,1
100,no,NNSv1,No,Chinese,,China,20,male,10 years or more (or native speaker),USA 4 months,2,I30U-gNNS-p100-r2,0, , , , , ,,,,,
101,no,NNSv2,No,Chinese,,China,18,male,8 - 10 years,USA 6 months,1,I30U-gNNS-p101-r1,0, , , , , ,,,,,
101,no,NNSv2,No,Chinese,,China,18,male,8 - 10 years,USA 6 months,2,I30U-gNNS-p101-r2,0, , , , , ,,,,,
102,no,NNSv1,No,Chinese,,China,20,female,8 - 10 years,USA 3 months,1,I30U-gNNS-p102-r1,The woman is running.,1,1,1,1,1,1,1,1,1,1
102,no,NNSv1,No,Chinese,,China,20,female,8 - 10 years,USA 3 months,2,I30U-gNNS-p102-r2,0, , , , , ,,,,,
103,no,NNSv1,No,Chinese,,China,19,male,4 - 5 years,USA 4 years,1,I30U-gNNS-p103-r1,A woman is jogging.,1,1,1,1,1,1,1,1,1,1
103,no,NNSv1,No,Chinese,,China,19,male,4 - 5 years,USA 4 years,2,I30U-gNNS-p103-r2,0, , , , , ,,,,,
104,no,NNSv2,No,Chinese,,China,18,,8 - 10 years,USA 6 months,1,I30U-gNNS-p104-r1,0, , , , , ,,,,,
104,no,NNSv2,No,Chinese,,China,18,,8 - 10 years,USA 6 months,2,I30U-gNNS-p104-r2,0, , , , , ,,,,,
105,no,NNSv2,No,Chinese,,China,18,female,6 - 8 years,USA 3 months,1,I30U-gNNS-p105-r1,0, , , , , ,,,,,
105,no,NNSv2,No,Chinese,,China,18,female,6 - 8 years,USA 3 months,2,I30U-gNNS-p105-r2,0, , , , , ,,,,,
106,no,NNSv2,No,"Chinese, English",,China,19,female,8 - 10 years,0,1,I30U-gNNS-p106-r1,0, , , , , ,,,,,
106,no,NNSv2,No,"Chinese, English",,China,19,female,8 - 10 years,0,2,I30U-gNNS-p106-r2,0, , , , , ,,,,,
107,no,NNSv2,No,Chinese,,China,19,female,8 - 10 years,USA 4 months,1,I30U-gNNS-p107-r1,0, , , , , ,,,,,
107,no,NNSv2,No,Chinese,,China,19,female,8 - 10 years,USA 4 months,2,I30U-gNNS-p107-r2,0, , , , , ,,,,,
108,no,NNSv2,No,Chinese,,China,18,female,4 - 5 years,USA 4 months,1,I30U-gNNS-p108-r1,0, , , , , ,,,,,
108,no,NNSv2,No,Chinese,,China,18,female,4 - 5 years,USA 4 months,2,I30U-gNNS-p108-r2,0, , , , , ,,,,,
109,no,NNSv2,No,Chinese,,China,19,female,10 years or more (or native speaker),USA 2 years,1,I30U-gNNS-p109-r1,0, , , , , ,,,,,
109,no,NNSv2,No,Chinese,,China,19,female,10 years or more (or native speaker),USA 2 years,2,I30U-gNNS-p109-r2,0, , , , , ,,,,,
110,no,NNSv1,No,Chinese,,China (ShanDingDong People),19,female,8 - 10 years,USA 3 months,1,I30U-gNNS-p110-r1,A girl is running.,1,1,1,1,1,1,1,1,1,1
110,no,NNSv1,No,Chinese,,China (ShanDingDong People),19,female,8 - 10 years,USA 3 months,2,I30U-gNNS-p110-r2,0, , , , , ,,,,,
111,no,NNSv2,No,Chinese,,China,18,female,5 - 6 years,USA 2 years,1,I30U-gNNS-p111-r1,0, , , , , ,,,,,
111,no,NNSv2,No,Chinese,,China,18,female,5 - 6 years,USA 2 years,2,I30U-gNNS-p111-r2,0, , , , , ,,,,,
112,no,NNSv2,No,Chinese,,China,18,female,4 - 5 years,USA 6 months,1,I30U-gNNS-p112-r1,0, , , , , ,,,,,
112,no,NNSv2,No,Chinese,,China,18,female,4 - 5 years,USA 6 months,2,I30U-gNNS-p112-r2,0, , , , , ,,,,,
113,no,NNSv1,No,Chinese,,China,18,female,4 - 5 years,USA 6 months,1,I30U-gNNS-p113-r1,A woman is running.,1,1,1,1,1,1,1,1,1,1
113,no,NNSv1,No,Chinese,,China,18,female,4 - 5 years,USA 6 months,2,I30U-gNNS-p113-r2,0, , , , , ,,,,,
114,no,NNSv2,No,Chinese,,China,19,,4 - 5 years,USA 2 years,1,I30U-gNNS-p114-r1,0, , , , , ,,,,,
114,no,NNSv2,No,Chinese,,China,19,,4 - 5 years,USA 2 years,2,I30U-gNNS-p114-r2,0, , , , , ,,,,,
115,no,NNSv1,No,Chinese,,China,18,male,6 - 8 years,USA 6 months,1,I30U-gNNS-p115-r1,A girl is running.,1,1,1,1,1,1,1,1,1,1
115,no,NNSv1,No,Chinese,,China,18,male,6 - 8 years,USA 6 months,2,I30U-gNNS-p115-r2,0, , , , , ,,,,,
116,no,NNSv2,No,Chinese,,China,20,male,4 - 5 years,0,1,I30U-gNNS-p116-r1,0, , , , , ,,,,,
116,no,NNSv2,No,Chinese,,China,20,male,4 - 5 years,0,2,I30U-gNNS-p116-r2,0, , , , , ,,,,,
117,no,NNSv1,No,Chinese (Mandarin),,China,21,male,3 - 4 years,USA 2 years,1,I30U-gNNS-p117-r1,A girl is running.,1,1,1,1,1,1,1,1,1,1
117,no,NNSv1,No,Chinese (Mandarin),,China,21,male,3 - 4 years,USA 2 years,2,I30U-gNNS-p117-r2,0, , , , , ,,,,,
118,no,NNSv2,No,"Chinese, English",,China,19,male,6 - 8 years,USA 3 months ,1,I30U-gNNS-p118-r1,0, , , , , ,,,,,
118,no,NNSv2,No,"Chinese, English",,China,19,male,6 - 8 years,USA 3 months ,2,I30U-gNNS-p118-r2,0, , , , , ,,,,,
119,no,NNSv2,No,Chinese,,China,20,male,1 year or less,USA 1 YEAR,1,I30U-gNNS-p119-r1,0, , , , , ,,,,,
119,no,NNSv2,No,Chinese,,China,20,male,1 year or less,USA 1 YEAR,2,I30U-gNNS-p119-r2,0, , , , , ,,,,,
120,no,NNSv1,No,Chinese,,China,18,male,1 - 2 years,USA 6 months,1,I30U-gNNS-p120-r1,The woman is running.,1,1,1,1,1,1,1,1,1,1
120,no,NNSv1,No,Chinese,,China,18,male,1 - 2 years,USA 6 months,2,I30U-gNNS-p120-r2,0, , , , , ,,,,,
121,no,NNSv1,No,Chinese,,China,18,male,6 - 8 years,None,1,I30U-gNNS-p121-r1,A woman is running.,1,1,1,1,1,1,1,1,1,1
121,no,NNSv1,No,Chinese,,China,18,male,6 - 8 years,None,2,I30U-gNNS-p121-r2,0, , , , , ,,,,,
122,no,NNSv2,No,Chinese,,China,19,female,4 - 5 years,USA 4 months,1,I30U-gNNS-p122-r1,0, , , , , ,,,,,
122,no,NNSv2,No,Chinese,,China,19,female,4 - 5 years,USA 4 months,2,I30U-gNNS-p122-r2,0, , , , , ,,,,,
123,no,NNSv2,No,Chinese,,China,20,female,8 - 10 years,USA 3 months,1,I30U-gNNS-p123-r1,0, , , , , ,,,,,
123,no,NNSv2,No,Chinese,,China,20,female,8 - 10 years,USA 3 months,2,I30U-gNNS-p123-r2,0, , , , , ,,,,,
124,no,NNSv2,No,Chinese,,China,18,female,6 - 8 years,0,1,I30U-gNNS-p124-r1,0, , , , , ,,,,,
124,no,NNSv2,No,Chinese,,China,18,female,6 - 8 years,0,2,I30U-gNNS-p124-r2,0, , , , , ,,,,,
125,no,NNSv2,No,"Chinese (Mandarin), Chinese (Sichuanese), English",,China,19,male,6 - 8 years,USA 5 months,1,I30U-gNNS-p125-r1,0, , , , , ,,,,,
125,no,NNSv2,No,"Chinese (Mandarin), Chinese (Sichuanese), English",,China,19,male,6 - 8 years,USA 5 months,2,I30U-gNNS-p125-r2,0, , , , , ,,,,,
126,no,NNSv1,No,Chinese,,China,20,,4 - 5 years,USA 4 years,1,I30U-gNNS-p126-r1,A young girl is running.,1,1,1,1,1,1,1,1,1,1
126,no,NNSv1,No,Chinese,,China,20,,4 - 5 years,USA 4 years,2,I30U-gNNS-p126-r2,0, , , , , ,,,,,
127,no,NNSv2,No,Chinese,,China,19,female,8 - 10 years,"Singapore 6 months, USA 3 years",1,I30U-gNNS-p127-r1,0, , , , , ,,,,,
127,no,NNSv2,No,Chinese,,China,19,female,8 - 10 years,"Singapore 6 months, USA 3 years",2,I30U-gNNS-p127-r2,0, , , , , ,,,,,
128,no,NNSv2,No,Korean,,South Korea,19,,8 - 10 years,0,1,I30U-gNNS-p128-r1,0, , , , , ,,,,,
128,no,NNSv2,No,Korean,,South Korea,19,,8 - 10 years,0,2,I30U-gNNS-p128-r2,0, , , , , ,,,,,
129,no,NNSv1,No,Chinese,,China,18,female,6 - 8 years,0,1,I30U-gNNS-p129-r1,The woman is running hardly.,1,1,0,1,1,1,1,0,1,0
129,no,NNSv1,No,Chinese,,China,18,female,6 - 8 years,0,2,I30U-gNNS-p129-r2,0, , , , , ,,,,,
130,no,NNSv1,No,Chinese,,China,19,,10 years or more (or native speaker),USA 4 years,1,I30U-gNNS-p130-r1,This lady is running,1,1,1,1,1,1,1,1,1,1
130,no,NNSv1,No,Chinese,,China,19,,10 years or more (or native speaker),USA 4 years,2,I30U-gNNS-p130-r2,0, , , , , ,,,,,
131,no,NNSv1,No,Chinese,,China,18,female,5 - 6 years,0,1,I30U-gNNS-p131-r1,The girl is running.,1,1,1,1,1,1,1,1,1,1
131,no,NNSv1,No,Chinese,,China,18,female,5 - 6 years,0,2,I30U-gNNS-p131-r2,0, , , , , ,,,,,
132,no,NNSv1,No,Spanish,,Mexico,20,male,10 years or more (or native speaker),USA 3 years,1,I30U-gNNS-p132-r1,the woman is running,1,1,1,1,1,1,1,1,1,1
132,no,NNSv1,No,Spanish,,Mexico,20,male,10 years or more (or native speaker),USA 3 years,2,I30U-gNNS-p132-r2,0, , , , , ,,,,,
133,no,NNSv2,No,Chinese,,China,21,female,10 years or more (or native speaker),USA 2 years,1,I30U-gNNS-p133-r1,0, , , , , ,,,,,
133,no,NNSv2,No,Chinese,,China,21,female,10 years or more (or native speaker),USA 2 years,2,I30U-gNNS-p133-r2,0, , , , , ,,,,,
134,no,NNSv1,No,German,,Germany,19,female,8 - 10 years,0,1,I30U-gNNS-p134-r1,The woman is running.,1,1,1,1,1,1,1,1,1,1
134,no,NNSv1,No,German,,Germany,19,female,8 - 10 years,0,2,I30U-gNNS-p134-r2,0, , , , , ,,,,,
135,no,NNSv2,No,"English, Hindi, Gujarati",,India,18,female,10 years or more (or native speaker),USA 5 months,1,I30U-gNNS-p135-r1,0, , , , , ,,,,,
135,no,NNSv2,No,"English, Hindi, Gujarati",,India,18,female,10 years or more (or native speaker),USA 5 months,2,I30U-gNNS-p135-r2,0, , , , , ,,,,,
136,no,NNSv2,No,Chinese,,China,17,male,5 - 6 years,USA 3 years,1,I30U-gNNS-p136-r1,0, , , , , ,,,,,
136,no,NNSv2,No,Chinese,,China,17,male,5 - 6 years,USA 3 years,2,I30U-gNNS-p136-r2,0, , , , , ,,,,,
137,no,NNSv1,No,Chinese,,China,18,female,6 - 8 years,None,1,I30U-gNNS-p137-r1,The woman is jogging.,1,1,1,1,1,1,1,1,1,1
137,no,NNSv1,No,Chinese,,China,18,female,6 - 8 years,None,2,I30U-gNNS-p137-r2,0, , , , , ,,,,,
138,no,NNSv1,No,Chinese,,China,18,female,8 - 10 years,USA 1 year,1,I30U-gNNS-p138-r1,A woman is running.,1,1,1,1,1,1,1,1,1,1
138,no,NNSv1,No,Chinese,,China,18,female,8 - 10 years,USA 1 year,2,I30U-gNNS-p138-r2,0, , , , , ,,,,,
139,no,NNSv1,No,Chinese,,China,18,female,4 - 5 years,USA 6 months,1,I30U-gNNS-p139-r1,The woman is running on the road since she wants to lose her weight.,1,1,1,1,0,1,1,1,1,0
139,no,NNSv1,No,Chinese,,China,18,female,4 - 5 years,USA 6 months,2,I30U-gNNS-p139-r2,0, , , , , ,,,,,
140,no,NNSv2,No,Chinese,,China,19,female,8 - 10 years,0,1,I30U-gNNS-p140-r1,0, , , , , ,,,,,
140,no,NNSv2,No,Chinese,,China,19,female,8 - 10 years,0,2,I30U-gNNS-p140-r2,0, , , , , ,,,,,
141,no,NNSv2,No,Korean,,South Korea,20,,5 - 6 years,None,1,I30U-gNNS-p141-r1,0, , , , , ,,,,,
141,no,NNSv2,No,Korean,,South Korea,20,,5 - 6 years,None,2,I30U-gNNS-p141-r2,0, , , , , ,,,,,
142,no,NSv1,Yes,English,,USA,34,male,na,USA 34 years,1,I30U-gNSF-p142-r1,A woman is jogging.,1,1,1,1,1,1,1,1,1,1
142,no,NSv1,Yes,English,,USA,34,male,na,USA 34 years,2,I30U-gNSF-p142-r2,A woman is running.,1,1,1,1,1,1,1,1,1,1
143,no,NSv2,Yes,English,,USA,57,female,na,USA 57 years,1,I30U-gNSF-p143-r1,0, , , , , ,,,,,
143,no,NSv2,Yes,English,,USA,57,female,na,USA 57 years,2,I30U-gNSF-p143-r2,0, , , , , ,,,,,
144,no,NSv2,Yes,English,,USA,35,male,na,USA 35 years,1,I30U-gNSF-p144-r1,0, , , , , ,,,,,
144,no,NSv2,Yes,English,,USA,35,male,na,USA 35 years,2,I30U-gNSF-p144-r2,0, , , , , ,,,,,
145,no,NSv1,Yes,English,,USA,30,male,na,USA 30 years,1,I30U-gNSF-p145-r1,A lady goes for a run. ,1,0,1,1,1,1,0,1,1,1
145,no,NSv1,Yes,English,,USA,30,male,na,USA 30 years,2,I30U-gNSF-p145-r2,A lady is enjoying a jog. ,1,1,1,1,1,1,1,1,1,1
146,no,NSv1,Yes,English,,USA,36,male,na,USA 36 years,1,I30U-gNSF-p146-r1,The woman is sprinting to the finish.,1,1,1,1,0,1,1,1,1,0
146,no,NSv1,Yes,English,,USA,36,male,na,USA 36 years,2,I30U-gNSF-p146-r2,A woman is jogging in a race.,1,1,1,1,0,1,1,1,1,0
147,no,NSv1,Yes,English,,USA,36,female,na,0,1,I30U-gNSF-p147-r1,The woman is jogging. ,1,1,1,1,1,1,1,1,1,1
147,no,NSv1,Yes,English,,USA,36,female,na,0,2,I30U-gNSF-p147-r2,The woman is running. ,1,1,1,1,1,1,1,1,1,1
148,no,NSv1,Yes,English,Japanese,USA,34,male,na,USA 34 years,1,I30U-gNSF-p148-r1,The lady is exercising.,1,1,1,0,1,0,1,1,0,1
148,no,NSv1,Yes,English,Japanese,USA,34,male,na,USA 34 years,2,I30U-gNSF-p148-r2,She is running.,1,1,1,1,1,1,1,1,1,1
149,no,NSv1,Yes,English,"Chinese (Mandarin), French",USA,34,male,na,USA 28 years,1,I30U-gNSF-p149-r1,A girl is jogging. ,1,1,1,1,1,1,1,1,1,1
149,no,NSv1,Yes,English,"Chinese (Mandarin), French",USA,34,male,na,USA 28 years,2,I30U-gNSF-p149-r2,"Jogging is happening, yo. ",0,0,1,0,1,0,0,0,0,0
150,no,NSv1,Yes,English,German,USA,40,male,na,"USA 39 years, UK (England) 1 year",1,I30U-gNSF-p150-r1,The girl is running. ,1,1,1,1,1,1,1,1,1,1
150,no,NSv1,Yes,English,German,USA,40,male,na,"USA 39 years, UK (England) 1 year",2,I30U-gNSF-p150-r2,The girl is exercising. ,0,1,1,0,1,0,1,1,0,1
151,no,NSv2,Yes,English,German,USA,27,male,na,USA 27 years,1,I30U-gNSF-p151-r1,0, , , , , ,,,,,
151,no,NSv2,Yes,English,German,USA,27,male,na,USA 27 years,2,I30U-gNSF-p151-r2,0, , , , , ,,,,,
152,yes,NSv1pt1,Yes,,,USA,76,male,,USA 76 years,1,I30U-gNSC-p152-r1,0,,,,,,,,,,
152,yes,NSv1pt1,Yes,,,USA,76,male,,USA 76 years,2,I30U-gNSC-p152-r2,0,,,,,,,,,,
153,yes,NSv1pt1,No,English ,,USA,31,male,10 years or more,USA,1,I30U-gNSC-p153-r1,0,,,,,,,,,,
153,yes,NSv1pt1,No,English ,,USA,31,male,10 years or more,USA,2,I30U-gNSC-p153-r2,0,,,,,,,,,,
154,yes,NSv1pt1,Yes,,,,,,,0,1,I30U-gNSC-p154-r1,0,,,,,,,,,,
154,yes,NSv1pt1,Yes,,,,,,,0,2,I30U-gNSC-p154-r2,0,,,,,,,,,,
155,yes,NSv1pt2,Yes,,,UK (England),54,female,,"UK (England) 32 years, USA 22 years",1,I30U-gNSC-p155-r1,The lady is running,1,1,1,1,1,1,1,1,1,1
155,yes,NSv1pt2,Yes,,,UK (England),54,female,,"UK (England) 32 years, USA 22 years",2,I30U-gNSC-p155-r2,The lady is jogging,1,1,1,1,1,1,1,1,1,1
156,yes,NSv1pt2,Yes,,,UK (Britain),49,female,,"Great UK (Britain) 20 years, USA 20 years",1,I30U-gNSC-p156-r1,The girl is jogging.,1,1,1,1,1,1,1,1,1,1
156,yes,NSv1pt2,Yes,,,UK (Britain),49,female,,"Great UK (Britain) 20 years, USA 20 years",2,I30U-gNSC-p156-r2,The girl is running for exercise.,1,1,1,1,1,1,1,1,1,1
157,yes,NSv1pt2,Yes,,,USA,51,female,,USA 51 years,1,I30U-gNSC-p157-r1,The female is running.,1,1,1,1,1,1,1,1,1,1
157,yes,NSv1pt2,Yes,,,USA,51,female,,USA 51 years,2,I30U-gNSC-p157-r2,The female is jogging.,1,1,1,1,1,1,1,1,1,1
158,yes,NSv1pt2,Yes,,,USA,58,female,,0,1,I30U-gNSC-p158-r1,The girl is jogging. ,1,1,1,1,1,1,1,1,1,1
158,yes,NSv1pt2,Yes,,,USA,58,female,,0,2,I30U-gNSC-p158-r2,The girl is running a marathon.,1,1,1,1,0,1,1,1,1,0
159,yes,NSv1pt1,Yes,,,USA,53,male,,USA 53 YEARS,1,I30U-gNSC-p159-r1,0,,,,,,,,,,
159,yes,NSv1pt1,Yes,,,USA,53,male,,USA 53 YEARS,2,I30U-gNSC-p159-r2,0,,,,,,,,,,
160,yes,NSv1pt2,Yes,,Zuni ,USA,45,male,,USA ,1,I30U-gNSC-p160-r1,0, , , , , ,,,,,
160,yes,NSv1pt2,Yes,,Zuni ,USA,45,male,,USA ,2,I30U-gNSC-p160-r2,0, , , , , ,,,,,
161,yes,NSv1pt2,Yes,,,USA,29,male,,USA 29 years,1,I30U-gNSC-p161-r1,A woman with brown hair is running.,1,1,1,1,1,1,1,1,1,1
161,yes,NSv1pt2,Yes,,,USA,29,male,,USA 29 years,2,I30U-gNSC-p161-r2,A woman is running with red and blue shoes.,1,1,1,1,1,1,1,1,1,1
162,yes,NSv1pt1,Yes,,None,USA,47,male,,USA 47 years,1,I30U-gNSC-p162-r1,0,,,,,,,,,,
162,yes,NSv1pt1,Yes,,None,USA,47,male,,USA 47 years,2,I30U-gNSC-p162-r2,0,,,,,,,,,,
163,yes,NSv1pt1,Yes,,,USA,73,male,,USA 73 years,1,I30U-gNSC-p163-r1,0,,,,,,,,,,
163,yes,NSv1pt1,Yes,,,USA,73,male,,USA 73 years,2,I30U-gNSC-p163-r2,0,,,,,,,,,,
164,yes,NSv1pt2,Yes,,,Peru,55,male,,0,1,I30U-gNSC-p164-r1,0, , , , , ,,,,,
164,yes,NSv1pt2,Yes,,,Peru,55,male,,0,2,I30U-gNSC-p164-r2,0, , , , , ,,,,,
165,yes,NSv1pt2,Yes,,,USA,32,female,,USA,1,I30U-gNSC-p165-r1,She is exercising. ,0,1,1,0,1,0,1,1,0,1
165,yes,NSv1pt2,Yes,,,USA,32,female,,USA,2,I30U-gNSC-p165-r2,She likes to run.,1,0,1,1,1,0,0,1,1,0
166,yes,NSv1pt2,Yes,,,USA,63,female,,USA 63 years,1,I30U-gNSC-p166-r1,A woman is jogging.,1,1,1,1,1,1,1,1,1,1
166,yes,NSv1pt2,Yes,,,USA,63,female,,USA 63 years,2,I30U-gNSC-p166-r2,A woman is running for exercise.,1,1,1,1,1,1,1,1,1,1
167,yes,NSv1pt2,Yes,,,USA,19,female,,0,1,I30U-gNSC-p167-r1,A woman goes for a jog. ,1,0,1,1,1,1,0,1,1,1
167,yes,NSv1pt2,Yes,,,USA,19,female,,0,2,I30U-gNSC-p167-r2,The woman is running. ,1,1,1,1,1,1,1,1,1,1
168,yes,NSv1pt1,Yes,,,USA,52,female,,USA 52 years,1,I30U-gNSC-p168-r1,0,,,,,,,,,,
168,yes,NSv1pt1,Yes,,,USA,52,female,,USA 52 years,2,I30U-gNSC-p168-r2,0,,,,,,,,,,
169,yes,NSv1pt1,Yes,,spanish,Mexico,64,male,,USA 54 years,1,I30U-gNSC-p169-r1,0,,,,,,,,,,
169,yes,NSv1pt1,Yes,,spanish,Mexico,64,male,,USA 54 years,2,I30U-gNSC-p169-r2,0,,,,,,,,,,
170,yes,NSv1pt1,Yes,,,USA,62,female,,0,1,I30U-gNSC-p170-r1,0,,,,,,,,,,
170,yes,NSv1pt1,Yes,,,USA,62,female,,0,2,I30U-gNSC-p170-r2,0,,,,,,,,,,
171,yes,NSv1pt1,Yes,,Spanish,USA,47,female,,US 47 years,1,I30U-gNSC-p171-r1,0,,,,,,,,,,
171,yes,NSv1pt1,Yes,,Spanish,USA,47,female,,US 47 years,2,I30U-gNSC-p171-r2,0,,,,,,,,,,
172,yes,NSv1pt1,No,Mandarin,,South Africa,45,other / prefer not to say,10 years or more,USA 20 years,1,I30U-gNSC-p172-r1,0,,,,,,,,,,
172,yes,NSv1pt1,No,Mandarin,,South Africa,45,other / prefer not to say,10 years or more,USA 20 years,2,I30U-gNSC-p172-r2,0,,,,,,,,,,
173,yes,NSv1pt1,Yes,,,USA,57,female,,USA 57,1,I30U-gNSC-p173-r1,0,,,,,,,,,,
173,yes,NSv1pt1,Yes,,,USA,57,female,,USA 57,2,I30U-gNSC-p173-r2,0,,,,,,,,,,
174,yes,NSv1pt1,No,none ,,USA,23,female,10 years or more,0,1,I30U-gNSC-p174-r1,0,,,,,,,,,,
174,yes,NSv1pt1,No,none ,,USA,23,female,10 years or more,0,2,I30U-gNSC-p174-r2,0,,,,,,,,,,
175,yes,NSv1pt1,Yes,,,USA,71,male,,USA 71 Years,1,I30U-gNSC-p175-r1,0,,,,,,,,,,
175,yes,NSv1pt1,Yes,,,USA,71,male,,USA 71 Years,2,I30U-gNSC-p175-r2,0,,,,,,,,,,
176,yes,NSv1pt1,Yes,,,USA,71,female,,USA 71 years,1,I30U-gNSC-p176-r1,0,,,,,,,,,,
176,yes,NSv1pt1,Yes,,,USA,71,female,,USA 71 years,2,I30U-gNSC-p176-r2,0,,,,,,,,,,
177,yes,NSv1pt1,Yes,,,USA,34,female,,USA 34 years,1,I30U-gNSC-p177-r1,0,,,,,,,,,,
177,yes,NSv1pt1,Yes,,,USA,34,female,,USA 34 years,2,I30U-gNSC-p177-r2,0,,,,,,,,,,
178,yes,NSv1pt2,Yes,,,USA,54,female,,USA 54 years,1,I30U-gNSC-p178-r1,the woman is running,1,1,1,1,1,1,1,1,1,1
178,yes,NSv1pt2,Yes,,,USA,54,female,,USA 54 years,2,I30U-gNSC-p178-r2,the woman is excercising,0,1,1,0,1,0,1,1,0,1
179,yes,NSv1pt2,No,Tamil,,India,69,male,8 - 10 years,USA 2 years,1,I30U-gNSC-p179-r1,the girl is jogging for exercising,1,1,0,1,1,1,1,0,1,1
179,yes,NSv1pt2,No,Tamil,,India,69,male,8 - 10 years,USA 2 years,2,I30U-gNSC-p179-r2,the girl has put on a jogging shoes for running a race,1,1,0,1,1,0,0,0,1,1
180,yes,NSv1pt2,Yes,,German,USA,65,female,,USA 65 years,1,I30U-gNSC-p180-r1,A woman is running.,1,1,1,1,1,1,1,1,1,1
180,yes,NSv1pt2,Yes,,German,USA,65,female,,USA 65 years,2,I30U-gNSC-p180-r2,A woman is jogging.,1,1,1,1,1,1,1,1,1,1
181,yes,NSv1pt1,Yes,,,USA,35,female,,0,1,I30U-gNSC-p181-r1,0,,,,,,,,,,
181,yes,NSv1pt1,Yes,,,USA,35,female,,0,2,I30U-gNSC-p181-r2,0,,,,,,,,,,
182,yes,NSv1pt2,Yes,,,USA,35,female,,USA 36 years,1,I30U-gNSC-p182-r1,The lady is running,1,1,1,1,1,1,1,1,1,1
182,yes,NSv1pt2,Yes,,,USA,35,female,,USA 36 years,2,I30U-gNSC-p182-r2,The lady is doing excercise,0,1,1,0,1,0,1,1,0,1
183,yes,NSv1pt2,Yes,,None,USA,56,female,,USA 56 years,1,I30U-gNSC-p183-r1,0, , , , , ,,,,,
183,yes,NSv1pt2,Yes,,None,USA,56,female,,USA 56 years,2,I30U-gNSC-p183-r2,0, , , , , ,,,,,
184,yes,NSv1pt2,Yes,,,USA,37,female,,"USA 33 years, Germany (West) 4 years",1,I30U-gNSC-p184-r1,0, , , , , ,,,,,
184,yes,NSv1pt2,Yes,,,USA,37,female,,"USA 33 years, Germany (West) 4 years",2,I30U-gNSC-p184-r2,0, , , , , ,,,,,
185,yes,NSv1pt1,Yes,,,USA,47,female,,USA 47 years,1,I30U-gNSC-p185-r1,0,,,,,,,,,,
185,yes,NSv1pt1,Yes,,,USA,47,female,,USA 47 years,2,I30U-gNSC-p185-r2,0,,,,,,,,,,
186,yes,NSv1pt2,Yes,,,USA,46,male,,USA 46,1,I30U-gNSC-p186-r1,The woman is jogging.,1,1,1,1,1,1,1,1,1,1
186,yes,NSv1pt2,Yes,,,USA,46,male,,USA 46,2,I30U-gNSC-p186-r2,The woman is running.,1,1,1,1,1,1,1,1,1,1
187,yes,NSv1pt1,Yes,,,USA,59,male,,USA 59 years,1,I30U-gNSC-p187-r1,0,,,,,,,,,,
187,yes,NSv1pt1,Yes,,,USA,59,male,,USA 59 years,2,I30U-gNSC-p187-r2,0,,,,,,,,,,
188,yes,NSv1pt2,Yes,,,USA ,40,female,,USA 40 years,1,I30U-gNSC-p188-r1,A woman is jogging. ,1,1,1,1,1,1,1,1,1,1
188,yes,NSv1pt2,Yes,,,USA ,40,female,,USA 40 years,2,I30U-gNSC-p188-r2,A woman is exercising. ,0,1,1,0,1,0,1,1,0,1
189,yes,NSv1pt2,Yes,,,USA,44,male,,Germany 3 years,1,I30U-gNSC-p189-r1,The woman is running. ,1,1,1,1,1,1,1,1,1,1
189,yes,NSv1pt2,Yes,,,USA,44,male,,Germany 3 years,2,I30U-gNSC-p189-r2,The woman went for a run. ,1,0,1,1,1,1,0,1,1,1
190,yes,NSv1pt1,Yes,,spanish,USA,32,female,,USA 32 years,1,I30U-gNSC-p190-r1,0,,,,,,,,,,
190,yes,NSv1pt1,Yes,,spanish,USA,32,female,,USA 32 years,2,I30U-gNSC-p190-r2,0,,,,,,,,,,
191,yes,NSv1pt2,Yes,,,USA ,65,female,,USA 65 years,1,I30U-gNSC-p191-r1,A woman is running. ,1,1,1,1,1,1,1,1,1,1
191,yes,NSv1pt2,Yes,,,USA ,65,female,,USA 65 years,2,I30U-gNSC-p191-r2,A woman is jogging. ,1,1,1,1,1,1,1,1,1,1
192,yes,NSv1pt1,Yes,,,USA,68,male,,USA 68 years,1,I30U-gNSC-p192-r1,0,,,,,,,,,,
192,yes,NSv1pt1,Yes,,,USA,68,male,,USA 68 years,2,I30U-gNSC-p192-r2,0,,,,,,,,,,
193,yes,NSv1pt2,Yes,,,USA,61,female,,USA 61 years,1,I30U-gNSC-p193-r1,The girl is jogging.,1,1,1,1,1,1,1,1,1,1
193,yes,NSv1pt2,Yes,,,USA,61,female,,USA 61 years,2,I30U-gNSC-p193-r2,The runner is a girl.,1,0,1,1,1,1,0,1,1,1
194,yes,NSv1pt2,Yes,,,USA,67,female,,"USA 65 years, UK (England) 2 years",1,I30U-gNSC-p194-r1,The girl is jogging.,1,1,1,1,1,1,1,1,1,1
194,yes,NSv1pt2,Yes,,,USA,67,female,,"USA 65 years, UK (England) 2 years",2,I30U-gNSC-p194-r2,"To keep fit, the lady runs daily.",1,0,1,1,0,1,0,1,1,0
195,yes,NSv1pt2,Yes,,,US,32,female,,USA 32 years,1,I30U-gNSC-p195-r1,A woman is jogging.,1,1,1,1,1,1,1,1,1,1
195,yes,NSv1pt2,Yes,,,US,32,female,,USA 32 years,2,I30U-gNSC-p195-r2,A woman is taking a jog.,1,1,1,1,1,1,1,1,1,1
196,yes,NSv1pt2,Yes,,,USA,42,male,,USA 42 years,1,I30U-gNSC-p196-r1,0, , , , , ,,,,,
196,yes,NSv1pt2,Yes,,,USA,42,male,,USA 42 years,2,I30U-gNSC-p196-r2,0, , , , , ,,,,,
197,yes,NSv1pt2,Yes,,,USA,50,female,,0,1,I30U-gNSC-p197-r1,0, , , , , ,,,,,
197,yes,NSv1pt2,Yes,,,USA,50,female,,0,2,I30U-gNSC-p197-r2,0, , , , , ,,,,,
198,yes,NSv1pt2,Yes,,,USA,80,male,,"UK (England) 4 years, Okinawa (as a USA protectorate after WW2) 3 years",1,I30U-gNSC-p198-r1,The runner is training for the upcomming soccer season. Running or jogging are excellent ways to develope endurance strength.,1,1,0,1,0,1,1,1,1,0
198,yes,NSv1pt2,Yes,,,USA,80,male,,"UK (England) 4 years, Okinawa (as a USA protectorate after WW2) 3 years",2,I30U-gNSC-p198-r2,Along with the development of strength a major benefit of jogging or running is cardio development which adds to awinning soccer season.,0,1,0,0,0,0,0,1,0,0
199,yes,NSv1pt1,Yes,,,USA,27,female,,USA 27 years,1,I30U-gNSC-p199-r1,0,,,,,,,,,,
199,yes,NSv1pt1,Yes,,,USA,27,female,,USA 27 years,2,I30U-gNSC-p199-r2,0,,,,,,,,,,
200,yes,NSv1pt2,Yes,,,USA,38,female,,USA 38 years,1,I30U-gNSC-p200-r1,The woman is jogging. ,1,1,1,1,1,1,1,1,1,1
200,yes,NSv1pt2,Yes,,,USA,38,female,,USA 38 years,2,I30U-gNSC-p200-r2,The woman is exercising. ,0,1,1,0,1,0,1,1,0,1
201,yes,NSv1pt2,No,,,,24,female,,0,1,I30U-gNSC-p201-r1,The girl is jogging. ,1,1,1,1,1,1,1,1,1,1
201,yes,NSv1pt2,No,,,,24,female,,0,2,I30U-gNSC-p201-r2,The girl likes to jog. ,1,0,1,1,1,1,0,1,1,0
202,yes,NSv1pt1,Yes,,"French, Spanish",USA,45,female,,USA 45 years,1,I30U-gNSC-p202-r1,0,,,,,,,,,,
202,yes,NSv1pt1,Yes,,"French, Spanish",USA,45,female,,USA 45 years,2,I30U-gNSC-p202-r2,0,,,,,,,,,,
203,yes,NSv1pt2,Yes,,,USA,71,female,,USA 71 years,1,I30U-gNSC-p203-r1,0, , , , , ,,,,,
203,yes,NSv1pt2,Yes,,,USA,71,female,,USA 71 years,2,I30U-gNSC-p203-r2,0, , , , , ,,,,,
204,yes,NSv1pt1,Yes,,,USA,72,female,,0,1,I30U-gNSC-p204-r1,0,,,,,,,,,,
204,yes,NSv1pt1,Yes,,,USA,72,female,,0,2,I30U-gNSC-p204-r2,0,,,,,,,,,,
205,yes,NSv1pt2,Yes,,,USA,29,female,,USA 29 years,1,I30U-gNSC-p205-r1,A girl is running.,1,1,1,1,1,1,1,1,1,1
205,yes,NSv1pt2,Yes,,,USA,29,female,,USA 29 years,2,I30U-gNSC-p205-r2,There is a running girl.,1,1,1,1,1,1,1,1,1,1
206,yes,NSv1pt2,Yes,,,USA,36,female,,0,1,I30U-gNSC-p206-r1,The woman is running to get in some exercise.,1,1,1,1,1,1,1,1,1,1
206,yes,NSv1pt2,Yes,,,USA,36,female,,0,2,I30U-gNSC-p206-r2,The woman is running while thinking about her day.,1,1,1,1,0,1,1,1,1,0
207,yes,NSv1pt2,Yes,,,USA,26,female,,0,1,I30U-gNSC-p207-r1,A woman is jogging.,1,1,1,1,1,1,1,1,1,1
207,yes,NSv1pt2,Yes,,,USA,26,female,,0,2,I30U-gNSC-p207-r2,A woman with a ponytail runs.,1,0,1,1,1,1,0,1,1,1
208,yes,NSv1pt2,Yes,,,USA,27,female,,USA 27 years,1,I30U-gNSC-p208-r1,Anne runs left,1,0,1,1,0,1,0,1,1,0
208,yes,NSv1pt2,Yes,,,USA,27,female,,USA 27 years,2,I30U-gNSC-p208-r2,The Earth gets kicked by Anne,0,0,1,0,0,0,0,0,0,0
209,yes,NSv1pt1,Yes,,,USA,62,female,,USA 62 years,1,I30U-gNSC-p209-r1,0,,,,,,,,,,
209,yes,NSv1pt1,Yes,,,USA,62,female,,USA 62 years,2,I30U-gNSC-p209-r2,0,,,,,,,,,,
210,yes,NSv1pt2,Yes,,,USA,39,male,,USA 39 years,1,I30U-gNSC-p210-r1,0, , , , , ,,,,,
210,yes,NSv1pt2,Yes,,,USA,39,male,,USA 39 years,2,I30U-gNSC-p210-r2,0, , , , , ,,,,,
211,yes,NSv1pt1,Yes,,,USA,55,female,,USA 55 years,1,I30U-gNSC-p211-r1,0,,,,,,,,,,
211,yes,NSv1pt1,Yes,,,USA,55,female,,USA 55 years,2,I30U-gNSC-p211-r2,0,,,,,,,,,,
212,yes,NSv1pt1,Yes,,"Spanish, Portuguese, Japanese ",USA,65,male,,USA 65 years,1,I30U-gNSC-p212-r1,0,,,,,,,,,,
212,yes,NSv1pt1,Yes,,"Spanish, Portuguese, Japanese ",USA,65,male,,USA 65 years,2,I30U-gNSC-p212-r2,0,,,,,,,,,,
213,yes,NSv1pt1,Yes,,,USA,75,male,,USA 71 years,1,I30U-gNSC-p213-r1,0,,,,,,,,,,
213,yes,NSv1pt1,Yes,,,USA,75,male,,USA 71 years,2,I30U-gNSC-p213-r2,0,,,,,,,,,,
214,yes,NSv1pt2,Yes,,,USA,67,female,,USA 67 years,1,I30U-gNSC-p214-r1,The woman is running,1,1,1,1,1,1,1,1,1,1
214,yes,NSv1pt2,Yes,,,USA,67,female,,USA 67 years,2,I30U-gNSC-p214-r2,The woman is jogging for exercise ,1,1,1,1,1,1,1,1,1,1
215,yes,NSv1pt1,Yes,,,USA,19,female,,USA 19 years,1,I30U-gNSC-p215-r1,0,,,,,,,,,,
215,yes,NSv1pt1,Yes,,,USA,19,female,,USA 19 years,2,I30U-gNSC-p215-r2,0,,,,,,,,,,
216,yes,NSv1pt1,Yes,,,USA,over 80,male,,USA 81 years,1,I30U-gNSC-p216-r1,0,,,,,,,,,,
216,yes,NSv1pt1,Yes,,,USA,over 80,male,,USA 81 years,2,I30U-gNSC-p216-r2,0,,,,,,,,,,
217,yes,NSv1pt1,Yes,,,USA,26,female,,"USA 25.5 years, UK 6 months",1,I30U-gNSC-p217-r1,0,,,,,,,,,,
217,yes,NSv1pt1,Yes,,,USA,26,female,,"USA 25.5 years, UK 6 months",2,I30U-gNSC-p217-r2,0,,,,,,,,,,
218,yes,NSv1pt2,Yes,,,USA,65,female,,USA 65 years,1,I30U-gNSC-p218-r1,The girl is out for her running exercise of the day.,1,1,1,1,1,1,1,1,1,1
218,yes,NSv1pt2,Yes,,,USA,65,female,,USA 65 years,2,I30U-gNSC-p218-r2,The girl is doing her running exercise on a nice summer day. ,1,1,1,1,1,1,1,1,1,0
219,yes,NSv1pt1,Yes,,spanish ,USA,26,female,,USA,1,I30U-gNSC-p219-r1,0,,,,,,,,,,
219,yes,NSv1pt1,Yes,,spanish ,USA,26,female,,USA,2,I30U-gNSC-p219-r2,0,,,,,,,,,,
220,yes,NSv1pt1,Yes,,,USA,36,female,,USA 36 years,1,I30U-gNSC-p220-r1,0,,,,,,,,,,
220,yes,NSv1pt1,Yes,,,USA,36,female,,USA 36 years,2,I30U-gNSC-p220-r2,0,,,,,,,,,,
221,yes,NSv1pt2,No,,,,,,10 years or more,0,1,I30U-gNSC-p221-r1,0, , , , , ,,,,,
221,yes,NSv1pt2,No,,,,,,10 years or more,0,2,I30U-gNSC-p221-r2,0, , , , , ,,,,,
222,yes,NSv1pt1,Yes,,,USA,25,female,,USA 25 years,1,I30U-gNSC-p222-r1,0,,,,,,,,,,
222,yes,NSv1pt1,Yes,,,USA,25,female,,USA 25 years,2,I30U-gNSC-p222-r2,0,,,,,,,,,,
223,yes,NSv1pt2,Yes,,,USA ,54,female,,USA 54 years,1,I30U-gNSC-p223-r1,A person is wearing red shoes.,0,1,1,1,1,0,1,1,1,1
223,yes,NSv1pt2,Yes,,,USA ,54,female,,USA 54 years,2,I30U-gNSC-p223-r2,A person is running.,1,1,1,1,1,1,1,1,1,1
224,yes,NSv1pt1,Yes,,"Turkish, French, Spanish",USA,64,female,,USA 64 years,1,I30U-gNSC-p224-r1,0,,,,,,,,,,
224,yes,NSv1pt1,Yes,,"Turkish, French, Spanish",USA,64,female,,USA 64 years,2,I30U-gNSC-p224-r2,0,,,,,,,,,,
225,yes,NSv1pt2,Yes,,French,USA,35,female,,USA,1,I30U-gNSC-p225-r1,This is the way she runs in every day activity. ,1,0,1,0,1,0,0,0,0,0
225,yes,NSv1pt2,Yes,,French,USA,35,female,,USA,2,I30U-gNSC-p225-r2,A young woman is running as a way to stay fit.,1,1,1,1,1,1,1,1,1,1
226,yes,NSv1pt1,Yes,,,USA,37,male,,USA 37 years,1,I30U-gNSC-p226-r1,0,,,,,,,,,,
226,yes,NSv1pt1,Yes,,,USA,37,male,,USA 37 years,2,I30U-gNSC-p226-r2,0,,,,,,,,,,
227,yes,NSv1pt2,Yes,,,USA,64,male,,USA 64 years,1,I30U-gNSC-p227-r1,The woman is running.,1,1,1,1,1,1,1,1,1,1
227,yes,NSv1pt2,Yes,,,USA,64,male,,USA 64 years,2,I30U-gNSC-p227-r2,Running is this woman's chosen activity.,1,1,1,1,1,1,0,1,1,1
228,yes,NSv1pt2,Yes,,,USA,54,female,,0,1,I30U-gNSC-p228-r1,the girl is jogging ,1,1,1,1,1,1,1,1,1,1
228,yes,NSv1pt2,Yes,,,USA,54,female,,0,2,I30U-gNSC-p228-r2,the girl is running ,1,1,1,1,1,1,1,1,1,1
229,yes,NSv1pt2,Yes,,Farsi,USA,26,male,,USA 26 years,1,I30U-gNSC-p229-r1,The girl is running.,1,1,1,1,1,1,1,1,1,1
229,yes,NSv1pt2,Yes,,Farsi,USA,26,male,,USA 26 years,2,I30U-gNSC-p229-r2,The girl is going on a run.,1,1,1,1,1,1,1,1,1,1
230,yes,NSv1pt1,Yes,,,USA,69,female,,USA 69 years,1,I30U-gNSC-p230-r1,0,,,,,,,,,,
230,yes,NSv1pt1,Yes,,,USA,69,female,,USA 69 years,2,I30U-gNSC-p230-r2,0,,,,,,,,,,
231,yes,NSv1pt1,Yes,,,USA,52,female,,USA 52 years ,1,I30U-gNSC-p231-r1,0,,,,,,,,,,
231,yes,NSv1pt1,Yes,,,USA,52,female,,USA 52 years ,2,I30U-gNSC-p231-r2,0,,,,,,,,,,
232,yes,NSv1pt2,Yes,,,USA,63,female,,USA,1,I30U-gNSC-p232-r1,The girl is jogging,1,1,1,1,1,1,1,1,1,1
232,yes,NSv1pt2,Yes,,,USA,63,female,,USA,2,I30U-gNSC-p232-r2,The girl is running,1,1,1,1,1,1,1,1,1,1
233,yes,NSv1pt2,No,,,,,,,0,1,I30U-gNSC-p233-r1,0, , , , , ,,,,,
233,yes,NSv1pt2,No,,,,,,,0,2,I30U-gNSC-p233-r2,0, , , , , ,,,,,
234,yes,NSv1pt1,Yes,,,USA,78,male,,USA 78 years,1,I30U-gNSC-p234-r1,0,,,,,,,,,,
234,yes,NSv1pt1,Yes,,,USA,78,male,,USA 78 years,2,I30U-gNSC-p234-r2,0,,,,,,,,,,
235,yes,NSv1pt1,Yes,,,USA,37,male,,USA 37 years,1,I30U-gNSC-p235-r1,0,,,,,,,,,,
235,yes,NSv1pt1,Yes,,,USA,37,male,,USA 37 years,2,I30U-gNSC-p235-r2,0,,,,,,,,,,
236,yes,NSv1pt1,Yes,,,USA,29,female,,USA 29 years,1,I30U-gNSC-p236-r1,0,,,,,,,,,,
236,yes,NSv1pt1,Yes,,,USA,29,female,,USA 29 years,2,I30U-gNSC-p236-r2,0,,,,,,,,,,
237,yes,NSv1pt1,Yes,,,USA,35,female,,0,1,I30U-gNSC-p237-r1,0,,,,,,,,,,
237,yes,NSv1pt1,Yes,,,USA,35,female,,0,2,I30U-gNSC-p237-r2,0,,,,,,,,,,
238,yes,NSv1pt2,Yes,,,USA,39,female,,USA 39 years,1,I30U-gNSC-p238-r1,The woman is jogging.,1,1,1,1,1,1,1,1,1,1
238,yes,NSv1pt2,Yes,,,USA,39,female,,USA 39 years,2,I30U-gNSC-p238-r2,The woman is running.,1,1,1,1,1,1,1,1,1,1
239,yes,NSv1pt1,Yes,,,USA,36,male,,0,1,I30U-gNSC-p239-r1,0,,,,,,,,,,
239,yes,NSv1pt1,Yes,,,USA,36,male,,0,2,I30U-gNSC-p239-r2,0,,,,,,,,,,
240,yes,NSv1pt2,Yes,,American Sign Language ,USA,19,female,,USA 19 years,1,I30U-gNSC-p240-r1,She likes to jog.,1,0,1,1,1,1,0,1,1,0
240,yes,NSv1pt2,Yes,,American Sign Language ,USA,19,female,,USA 19 years,2,I30U-gNSC-p240-r2,Jogging is healthy for the body. ,0,1,1,0,0,0,0,1,0,0
241,yes,NSv1pt2,Yes,,German,USA,32,other / prefer not to say,,0,1,I30U-gNSC-p241-r1,A person is exercising.,0,1,1,0,1,0,1,1,0,1
241,yes,NSv1pt2,Yes,,German,USA,32,other / prefer not to say,,0,2,I30U-gNSC-p241-r2,A person is jogging.,1,1,1,1,1,1,1,1,1,1
242,yes,NSv1pt2,Yes,,,USA,63,female,,USA 63 years,1,I30U-gNSC-p242-r1,The woman is running.,1,1,1,1,1,1,1,1,1,1
242,yes,NSv1pt2,Yes,,,USA,63,female,,USA 63 years,2,I30U-gNSC-p242-r2,??,0,0,0,0,0,0,0,0,0,0
243,yes,NSv1pt1,Yes,,,USA,42,female,,0,1,I30U-gNSC-p243-r1,0,,,,,,,,,,
243,yes,NSv1pt1,Yes,,,USA,42,female,,0,2,I30U-gNSC-p243-r2,0,,,,,,,,,,
244,yes,NSv1pt1,Yes,,,USA,23,female,,USA 23 years,1,I30U-gNSC-p244-r1,0,,,,,,,,,,
244,yes,NSv1pt1,Yes,,,USA,23,female,,USA 23 years,2,I30U-gNSC-p244-r2,0,,,,,,,,,,
245,yes,NSv1pt1,Yes,,,USA,28,female,,USA 28 years,1,I30U-gNSC-p245-r1,0,,,,,,,,,,
245,yes,NSv1pt1,Yes,,,USA,28,female,,USA 28 years,2,I30U-gNSC-p245-r2,0,,,,,,,,,,
246,yes,NSv1pt2,No,,,Puerto Rico,61,female,10 years or more,USA 35 years,1,I30U-gNSC-p246-r1,0, , , , , ,,,,,
246,yes,NSv1pt2,No,,,Puerto Rico,61,female,10 years or more,USA 35 years,2,I30U-gNSC-p246-r2,0, , , , , ,,,,,
247,yes,NSv1pt1,Yes,,,USA,71,female,,"UK (Great Britain), 3 Y",1,I30U-gNSC-p247-r1,0,,,,,,,,,,
247,yes,NSv1pt1,Yes,,,USA,71,female,,"UK (Great Britain), 3 Y",2,I30U-gNSC-p247-r2,0,,,,,,,,,,
248,yes,NSv1pt2,Yes,,,USA,65,male,,USA 65 years,1,I30U-gNSC-p248-r1,Jogging takes stamina.,0,0,1,0,0,0,0,1,0,0
248,yes,NSv1pt2,Yes,,,USA,65,male,,USA 65 years,2,I30U-gNSC-p248-r2,Exercise helps mental and physical needs be fulfilled.,0,0,1,0,0,0,0,0,0,0
249,yes,NSv1pt1,Yes,,Spanish,USA,60,female,,USA 60 years,1,I30U-gNSC-p249-r1,0,,,,,,,,,,
249,yes,NSv1pt1,Yes,,Spanish,USA,60,female,,USA 60 years,2,I30U-gNSC-p249-r2,0,,,,,,,,,,
250,yes,NSv1pt2,Yes,,,Nigeria,20,female,,"Nigeria, The Gambia, Sierra Leone",1,I30U-gNSC-p250-r1,0, , , , , ,,,,,
250,yes,NSv1pt2,Yes,,,Nigeria,20,female,,"Nigeria, The Gambia, Sierra Leone",2,I30U-gNSC-p250-r2,0, , , , , ,,,,,
251,yes,NSv1pt2,Yes,,Several computer languages,USA,65,male,,USA 65 years,1,I30U-gNSC-p251-r1,0, , , , , ,,,,,
251,yes,NSv1pt2,Yes,,Several computer languages,USA,65,male,,USA 65 years,2,I30U-gNSC-p251-r2,0, , , , , ,,,,,
252,yes,NSv1pt1,Yes,,,USA,31,female,,0,1,I30U-gNSC-p252-r1,0,,,,,,,,,,
252,yes,NSv1pt1,Yes,,,USA,31,female,,0,2,I30U-gNSC-p252-r2,0,,,,,,,,,,
253,yes,NSv1pt1,Yes,,,USA,68,male,,USA 68 years,1,I30U-gNSC-p253-r1,0,,,,,,,,,,
253,yes,NSv1pt1,Yes,,,USA,68,male,,USA 68 years,2,I30U-gNSC-p253-r2,0,,,,,,,,,,
254,yes,NSv1pt1,Yes,,Spanish ,USA,25,female,,USA,1,I30U-gNSC-p254-r1,0,,,,,,,,,,
254,yes,NSv1pt1,Yes,,Spanish ,USA,25,female,,USA,2,I30U-gNSC-p254-r2,0,,,,,,,,,,
255,yes,NSv1pt1,Yes,,,USA,59,female,,USA 59 years,1,I30U-gNSC-p255-r1,0,,,,,,,,,,
255,yes,NSv1pt1,Yes,,,USA,59,female,,USA 59 years,2,I30U-gNSC-p255-r2,0,,,,,,,,,,
256,yes,NSv1pt1,Yes,,,USA ,78,male,,"Guam 2 years, UK (Scotland) 3 years ",1,I30U-gNSC-p256-r1,0,,,,,,,,,,
256,yes,NSv1pt1,Yes,,,USA ,78,male,,"Guam 2 years, UK (Scotland) 3 years ",2,I30U-gNSC-p256-r2,0,,,,,,,,,,
257,yes,NSv1pt1,Yes,,,USA,79,male,,USA,1,I30U-gNSC-p257-r1,0,,,,,,,,,,
257,yes,NSv1pt1,Yes,,,USA,79,male,,USA,2,I30U-gNSC-p257-r2,0,,,,,,,,,,
258,yes,NSv1pt1,Yes,,"Spanish, Lakota, Chinese, Gaelic",USA,67,male,,USA,1,I30U-gNSC-p258-r1,0,,,,,,,,,,
258,yes,NSv1pt1,Yes,,"Spanish, Lakota, Chinese, Gaelic",USA,67,male,,USA,2,I30U-gNSC-p258-r2,0,,,,,,,,,,
259,yes,NSv1pt1,Yes,,,USA,30,male,,USA ,1,I30U-gNSC-p259-r1,0,,,,,,,,,,
259,yes,NSv1pt1,Yes,,,USA,30,male,,USA ,2,I30U-gNSC-p259-r2,0,,,,,,,,,,
260,yes,NSv1pt1,Yes,,,USA,33,female,,0,1,I30U-gNSC-p260-r1,0,,,,,,,,,,
260,yes,NSv1pt1,Yes,,,USA,33,female,,0,2,I30U-gNSC-p260-r2,0,,,,,,,,,,
261,yes,NSv1pt1,Yes,,,USA,33,female,,USA 33 years,1,I30U-gNSC-p261-r1,0,,,,,,,,,,
261,yes,NSv1pt1,Yes,,,USA,33,female,,USA 33 years,2,I30U-gNSC-p261-r2,0,,,,,,,,,,
262,yes,NSv1pt1,Yes,,,USA,64,female,,USA 64 years,1,I30U-gNSC-p262-r1,0,,,,,,,,,,
262,yes,NSv1pt1,Yes,,,USA,64,female,,USA 64 years,2,I30U-gNSC-p262-r2,0,,,,,,,,,,
263,yes,NSv1pt1,Yes,,Chinese (Mandarin),USA,56,male,,0,1,I30U-gNSC-p263-r1,0,,,,,,,,,,
263,yes,NSv1pt1,Yes,,Chinese (Mandarin),USA,56,male,,0,2,I30U-gNSC-p263-r2,0,,,,,,,,,,
264,yes,NSv1pt1,Yes,,French,USA,32,male,,USA 32 years,1,I30U-gNSC-p264-r1,0,,,,,,,,,,
264,yes,NSv1pt1,Yes,,French,USA,32,male,,USA 32 years,2,I30U-gNSC-p264-r2,0,,,,,,,,,,
265,yes,NSv1pt2,Yes,,,USA,75,male,,0,1,I30U-gNSC-p265-r1,0, , , , , ,,,,,
265,yes,NSv1pt2,Yes,,,USA,75,male,,0,2,I30U-gNSC-p265-r2,0, , , , , ,,,,,
266,yes,NSv1pt1,Yes,,,USA,63,male,,USA 63 years,1,I30U-gNSC-p266-r1,0,,,,,,,,,,
266,yes,NSv1pt1,Yes,,,USA,63,male,,USA 63 years,2,I30U-gNSC-p266-r2,0,,,,,,,,,,
267,yes,NSv1pt2,Yes,,,USA,42,female,,"Australia 1 year, New Zealand 2 years",1,I30U-gNSC-p267-r1,A woman is jogging.,1,1,1,1,1,1,1,1,1,1
267,yes,NSv1pt2,Yes,,,USA,42,female,,"Australia 1 year, New Zealand 2 years",2,I30U-gNSC-p267-r2,A woman is running. ,1,1,1,1,1,1,1,1,1,1
268,yes,NSv1pt2,Yes,,,USA,56,male,,USA 56 years,1,I30U-gNSC-p268-r1,The woman is running.,1,1,1,1,1,1,1,1,1,1
268,yes,NSv1pt2,Yes,,,USA,56,male,,USA 56 years,2,I30U-gNSC-p268-r2,"After losing 30 pounds, Marcie has decided to pick up the pace and begin running even more.",1,0,1,0,0,1,0,1,0,0
269,yes,NSv1pt2,Yes,,,USA,70,male,,USA 70 years,1,I30U-gNSC-p269-r1,0, , , , , ,,,,,
269,yes,NSv1pt2,Yes,,,USA,70,male,,USA 70 years,2,I30U-gNSC-p269-r2,0, , , , , ,,,,,
270,yes,NSv1pt1,Yes,,Spanish,USA,68,female,,USA 68 years,1,I30U-gNSC-p270-r1,0,,,,,,,,,,
270,yes,NSv1pt1,Yes,,Spanish,USA,68,female,,USA 68 years,2,I30U-gNSC-p270-r2,0,,,,,,,,,,
271,yes,NSv1pt1,Yes,,,USA,63,female,,USA 63 years,1,I30U-gNSC-p271-r1,0,,,,,,,,,,
271,yes,NSv1pt1,Yes,,,USA,63,female,,USA 63 years,2,I30U-gNSC-p271-r2,0,,,,,,,,,,
272,yes,NSv1pt1,Yes,,India,,,,,0,1,I30U-gNSC-p272-r1,0,,,,,,,,,,
272,yes,NSv1pt1,Yes,,India,,,,,0,2,I30U-gNSC-p272-r2,0,,,,,,,,,,
273,yes,NSv1pt2,Yes,,,USA,47,male,,0,1,I30U-gNSC-p273-r1,0, , , , , ,,,,,
273,yes,NSv1pt2,Yes,,,USA,47,male,,0,2,I30U-gNSC-p273-r2,0, , , , , ,,,,,
274,yes,NSv1pt1,Yes,,,USA,66,female,,0,1,I30U-gNSC-p274-r1,0,,,,,,,,,,
274,yes,NSv1pt1,Yes,,,USA,66,female,,0,2,I30U-gNSC-p274-r2,0,,,,,,,,,,
275,yes,NSv1pt2,Yes,,,USA,22,male,,0,1,I30U-gNSC-p275-r1,The woman is running.,1,1,1,1,1,1,1,1,1,1
275,yes,NSv1pt2,Yes,,,USA,22,male,,0,2,I30U-gNSC-p275-r2,A woman goes for a jog.,1,0,1,1,1,1,0,1,1,1
276,yes,NSv1pt1,Yes,,,USA,27,male,,USA 27 years,1,I30U-gNSC-p276-r1,0,,,,,,,,,,
276,yes,NSv1pt1,Yes,,,USA,27,male,,USA 27 years,2,I30U-gNSC-p276-r2,0,,,,,,,,,,
277,yes,NSv1pt1,Yes,,,USA,61,female,,USA 61 years,1,I30U-gNSC-p277-r1,0,,,,,,,,,,
277,yes,NSv1pt1,Yes,,,USA,61,female,,USA 61 years,2,I30U-gNSC-p277-r2,0,,,,,,,,,,
278,yes,NSv1pt2,Yes,,,USA,19,male,,USA,1,I30U-gNSC-p278-r1,F,0,0,0,0,0,0,0,0,0,0
278,yes,NSv1pt2,Yes,,,USA,19,male,,USA,2,I30U-gNSC-p278-r2,D,0,0,0,0,0,0,0,0,0,0
279,yes,NSv1pt2,Yes,,,USA,37,male,,USA 37 ,1,I30U-gNSC-p279-r1,The woman I running. ,1,1,0,1,1,1,1,1,1,1
279,yes,NSv1pt2,Yes,,,USA,37,male,,USA 37 ,2,I30U-gNSC-p279-r2,Jogging is one of her hobbies. ,1,0,1,1,0,0,0,1,0,0
280,yes,NSv1pt2,Yes,,French,USA,36,male,,"USA 35 years, UK 1 year",1,I30U-gNSC-p280-r1,A woman is jogging.,1,1,1,1,1,1,1,1,1,1
280,yes,NSv1pt2,Yes,,French,USA,36,male,,"USA 35 years, UK 1 year",2,I30U-gNSC-p280-r2,A woman is exercising.,0,1,1,0,1,0,1,1,0,1
281,yes,NSv1pt2,Yes,,,,,,,0,1,I30U-gNSC-p281-r1,0, , , , , ,,,,,
281,yes,NSv1pt2,Yes,,,,,,,0,2,I30U-gNSC-p281-r2,0, , , , , ,,,,,
282,yes,NSv1pt1,Yes,,,USA,50,male,,USA 50 Years,1,I30U-gNSC-p282-r1,0,,,,,,,,,,
282,yes,NSv1pt1,Yes,,,USA,50,male,,USA 50 Years,2,I30U-gNSC-p282-r2,0,,,,,,,,,,
283,yes,NSv1pt2,Yes,,,USA,55,male,,USA 55 years,1,I30U-gNSC-p283-r1,Girl is running for exercise,1,1,0,1,1,1,1,0,1,1
283,yes,NSv1pt2,Yes,,,USA,55,male,,USA 55 years,2,I30U-gNSC-p283-r2,A girl is running with long hair,1,1,1,1,1,1,1,1,1,1
284,yes,NSv1pt2,Yes,,,USA,69,male,,USA 69 years,1,I30U-gNSC-p284-r1,Girl jogging,1,1,0,1,1,1,1,0,1,1
284,yes,NSv1pt2,Yes,,,USA,69,male,,USA 69 years,2,I30U-gNSC-p284-r2,Staying in shape,0,0,1,0,0,0,0,1,0,0
285,yes,NSv1pt2,Yes,,,USA,21,male,,USA 21 years,1,I30U-gNSC-p285-r1,Hey man ,0,0,0,0,0,0,0,1,0,0
285,yes,NSv1pt2,Yes,,,USA,21,male,,USA 21 years,2,I30U-gNSC-p285-r2,Hey man ,0,0,0,0,0,0,0,1,0,0
286,yes,NSv1pt2,Yes,,,USA,56,male,,0,1,I30U-gNSC-p286-r1,0, , , , , ,,,,,
286,yes,NSv1pt2,Yes,,,USA,56,male,,0,2,I30U-gNSC-p286-r2,0, , , , , ,,,,,
287,yes,NSv1pt2,Yes,,,USA,71,male,,0,1,I30U-gNSC-p287-r1,Can you please tell me where the bathroom is?,0,0,1,0,0,0,0,1,0,0
287,yes,NSv1pt2,Yes,,,USA,71,male,,0,2,I30U-gNSC-p287-r2,You can't let a good one get away.,0,0,1,0,0,0,0,1,0,0
288,yes,NSv1pt2,Yes,,,USA,45,male,,USA 2 years,1,I30U-gNSC-p288-r1,The woman is going for a run.,1,1,1,1,1,1,1,1,1,1
288,yes,NSv1pt2,Yes,,,USA,45,male,,USA 2 years,2,I30U-gNSC-p288-r2,The woman is exercising.,0,1,1,0,1,0,1,1,0,1
289,yes,NSv1pt2,Yes,,,,,,,0,1,I30U-gNSC-p289-r1,0, , , , , ,,,,,
289,yes,NSv1pt2,Yes,,,,,,,0,2,I30U-gNSC-p289-r2,0, , , , , ,,,,,
290,yes,NSv1pt2,Yes,,,USA,29,male,,USA 29 years,1,I30U-gNSC-p290-r1,0, , , , , ,,,,,
290,yes,NSv1pt2,Yes,,,USA,29,male,,USA 29 years,2,I30U-gNSC-p290-r2,0, , , , , ,,,,,
291,yes,NSv1pt2,No,"Spanish, French",,Ecuador,46,male,10 years or more,USA 15 years,1,I30U-gNSC-p291-r1,0, , , , , ,,,,,
291,yes,NSv1pt2,No,"Spanish, French",,Ecuador,46,male,10 years or more,USA 15 years,2,I30U-gNSC-p291-r2,0, , , , , ,,,,,
292,yes,NSv1pt2,Yes,,,USA,64,male,,USA 64 years,1,I30U-gNSC-p292-r1,The woman is taking a run.,1,1,1,1,1,1,1,1,1,1
292,yes,NSv1pt2,Yes,,,USA,64,male,,USA 64 years,2,I30U-gNSC-p292-r2,Alice really hopes she can stay ahead of the bear until she reaches the suburbs.,0,0,1,0,0,0,0,1,0,0
293,no,NSv1,Yes,English,,USA,37,female,na,USA 37 years,1,I30U-gNSF-p293-r1,The woman is jogging.,1,1,1,1,1,1,1,1,1,1
293,no,NSv1,Yes,English,,USA,37,female,na,USA 37 years,2,I30U-gNSF-p293-r2,The woman is running.,1,1,1,1,1,1,1,1,1,1
294,no,NSv2,Yes,English,French,USA,58,female,na,USA 55 years,1,I30U-gNSF-p294-r1,0, , , , , ,,,,,
294,no,NSv2,Yes,English,French,USA,58,female,na,USA 55 years,2,I30U-gNSF-p294-r2,0, , , , , ,,,,,
295,no,NSv2,Yes,English,Spanish,USA,44,male,na,"USA 39 years, Ireland 1 year",1,I30U-gNSF-p295-r1,0, , , , , ,,,,,
295,no,NSv2,Yes,English,Spanish,USA,44,male,na,"USA 39 years, Ireland 1 year",2,I30U-gNSF-p295-r2,0, , , , , ,,,,,
296,no,NSv2,Yes,English,Spanish,USA,67,female,na,USA 67 years,1,I30U-gNSF-p296-r1,0, , , , , ,,,,,
296,no,NSv2,Yes,English,Spanish,USA,67,female,na,USA 67 years,2,I30U-gNSF-p296-r2,0, , , , , ,,,,,
297,no,NSv2,Yes,English,Spanish,USA,31,male,na,USA 31 years,1,I30U-gNSF-p297-r1,0, , , , , ,,,,,
297,no,NSv2,Yes,English,Spanish,USA,31,male,na,USA 31 years,2,I30U-gNSF-p297-r2,0, , , , , ,,,,,
298,no,NSv2,Yes,English,Spanish,USA,37,female,na,USA 37 years,1,I30U-gNSF-p298-r1,0, , , , , ,,,,,
298,no,NSv2,Yes,English,Spanish,USA,37,female,na,USA 37 years,2,I30U-gNSF-p298-r2,0, , , , , ,,,,,
299,no,NSv1,Yes,English,,USA,30,other / prefer not to say,na,USA 30 years,1,I30U-gNSF-p299-r1,The woman is jogging.,1,1,1,1,1,1,1,1,1,1
299,no,NSv1,Yes,English,,USA,30,other / prefer not to say,na,USA 30 years,2,I30U-gNSF-p299-r2,The woman is exercising.,0,1,1,0,1,0,1,1,0,1
300,no,NSv1,Yes,English,,USA,35,male,na,0,1,I30U-gNSF-p300-r1,0, , , , , ,,,,,
300,no,NSv1,Yes,English,,USA,35,male,na,0,2,I30U-gNSF-p300-r2,0, , , , , ,,,,,
301,no,NSv1,Yes,English,"Spanish, German",USA,23,male,na,USA 23 years,1,I30U-gNSF-p301-r1,The woman is jogging.,1,1,1,1,1,1,1,1,1,1
301,no,NSv1,Yes,English,"Spanish, German",USA,23,male,na,USA 23 years,2,I30U-gNSF-p301-r2,The woman is trying to keep fit.,0,1,1,0,1,0,1,1,0,1
302,no,NSv1,Yes,English,,USA,29,female,na,USA 29 years,1,I30U-gNSF-p302-r1,The girl is jogging.,1,1,1,1,1,1,1,1,1,1
302,no,NSv1,Yes,English,,USA,29,female,na,USA 29 years,2,I30U-gNSF-p302-r2,The girl is exercising.,0,1,1,0,1,0,1,1,0,1
303,no,NSv1,Yes,English,Spanish,USA,41,female,na,USA 41 years,1,I30U-gNSF-p303-r1,She is jogging.,1,1,1,1,1,1,1,1,1,1
303,no,NSv1,Yes,English,Spanish,USA,41,female,na,USA 41 years,2,I30U-gNSF-p303-r2,The girl is working out.,0,1,1,0,1,0,1,1,0,1
304,no,NSv2,Yes,English,French,USA,59,female,na,"USA 53 years, UK (England) 3 years",1,I30U-gNSF-p304-r1,0, , , , , ,,,,,
304,no,NSv2,Yes,English,French,USA,59,female,na,"USA 53 years, UK (England) 3 years",2,I30U-gNSF-p304-r2,0, , , , , ,,,,,
305,no,NSv2,Yes,English,,USA,61,male,na,USA 61 years,1,I30U-gNSF-p305-r1,0, , , , , ,,,,,
305,no,NSv2,Yes,English,,USA,61,male,na,USA 61 years,2,I30U-gNSF-p305-r2,0, , , , , ,,,,,
306,no,NSv1,Yes,English,German,USA,34,male,na,USA 34 years,1,I30U-gNSF-p306-r1,A woman is out for a run. ,1,0,1,1,1,1,0,1,1,1
306,no,NSv1,Yes,English,German,USA,34,male,na,USA 34 years,2,I30U-gNSF-p306-r2,A person is jogging along. ,1,1,1,1,1,1,1,1,1,1
307,yes,NSv2pt1,Yes,,,USA,20,female,,USA 20 years,1,I30U-gNSC-p307-r1,0,,,,,,,,,,
307,yes,NSv2pt1,Yes,,,USA,20,female,,USA 20 years,2,I30U-gNSC-p307-r2,0,,,,,,,,,,
308,yes,NSv2pt1,Yes,,,USA,38,male,,USA 38 years,1,I30U-gNSC-p308-r1,0,,,,,,,,,,
308,yes,NSv2pt1,Yes,,,USA,38,male,,USA 38 years,2,I30U-gNSC-p308-r2,0,,,,,,,,,,
309,yes,NSv2pt1,Yes,,,USA,42,male,,USA 41 years,1,I30U-gNSC-p309-r1,0,,,,,,,,,,
309,yes,NSv2pt1,Yes,,,USA,42,male,,USA 41 years,2,I30U-gNSC-p309-r2,0,,,,,,,,,,
310,yes,NSv2pt1,Yes,,,USA,55,female,,0,1,I30U-gNSC-p310-r1,0,,,,,,,,,,
310,yes,NSv2pt1,Yes,,,USA,55,female,,0,2,I30U-gNSC-p310-r2,0,,,,,,,,,,
311,yes,NSv2pt1,Yes,,,USA,74,male,,0,1,I30U-gNSC-p311-r1,0,,,,,,,,,,
311,yes,NSv2pt1,Yes,,,USA,74,male,,0,2,I30U-gNSC-p311-r2,0,,,,,,,,,,
312,yes,NSv2pt1,Yes,,,,,,,0,1,I30U-gNSC-p312-r1,0,,,,,,,,,,
312,yes,NSv2pt1,Yes,,,,,,,0,2,I30U-gNSC-p312-r2,0,,,,,,,,,,
313,yes,NSv2pt1,Yes,,,USA ,37,female,,USA 37,1,I30U-gNSC-p313-r1,0,,,,,,,,,,
313,yes,NSv2pt1,Yes,,,USA ,37,female,,USA 37,2,I30U-gNSC-p313-r2,0,,,,,,,,,,
314,yes,NSv2pt1,No,English,,Italy,54,male,10 years or more,USA,1,I30U-gNSC-p314-r1,0,,,,,,,,,,
314,yes,NSv2pt1,No,English,,Italy,54,male,10 years or more,USA,2,I30U-gNSC-p314-r2,0,,,,,,,,,,
315,yes,NSv2pt1,Yes,,,USA,45,male,,0,1,I30U-gNSC-p315-r1,0,,,,,,,,,,
315,yes,NSv2pt1,Yes,,,USA,45,male,,0,2,I30U-gNSC-p315-r2,0,,,,,,,,,,
316,yes,NSv2pt1,Yes,,,USA,44,male,,0,1,I30U-gNSC-p316-r1,0,,,,,,,,,,
316,yes,NSv2pt1,Yes,,,USA,44,male,,0,2,I30U-gNSC-p316-r2,0,,,,,,,,,,
317,yes,NSv2pt1,Yes,,,USA,53,female,,USA 53 years,1,I30U-gNSC-p317-r1,0,,,,,,,,,,
317,yes,NSv2pt1,Yes,,,USA,53,female,,USA 53 years,2,I30U-gNSC-p317-r2,0,,,,,,,,,,
318,yes,NSv2pt1,Yes,,,USA,53,male,,USA 51 years,1,I30U-gNSC-p318-r1,0,,,,,,,,,,
318,yes,NSv2pt1,Yes,,,USA,53,male,,USA 51 years,2,I30U-gNSC-p318-r2,0,,,,,,,,,,
319,yes,NSv2pt1,Yes,,,,19,female,,USA 19 years,1,I30U-gNSC-p319-r1,0,,,,,,,,,,
319,yes,NSv2pt1,Yes,,,,19,female,,USA 19 years,2,I30U-gNSC-p319-r2,0,,,,,,,,,,
320,yes,NSv2pt1,Yes,,,USA,69,male,,0,1,I30U-gNSC-p320-r1,0,,,,,,,,,,
320,yes,NSv2pt1,Yes,,,USA,69,male,,0,2,I30U-gNSC-p320-r2,0,,,,,,,,,,
321,yes,NSv2pt1,Yes,,,USA,22,female,,USA 22 years,1,I30U-gNSC-p321-r1,0,,,,,,,,,,
321,yes,NSv2pt1,Yes,,,USA,22,female,,USA 22 years,2,I30U-gNSC-p321-r2,0,,,,,,,,,,
322,yes,NSv2pt2,Yes,,,USA,66,female,,USA 66 years,1,I30U-gNSC-p322-r1,0, , , , , ,,,,,
322,yes,NSv2pt2,Yes,,,USA,66,female,,USA 66 years,2,I30U-gNSC-p322-r2,0, , , , , ,,,,,
323,yes,NSv2pt2,No,,,Mexico,18,female,10 years or more,USA,1,I30U-gNSC-p323-r1,0, , , , , ,,,,,
323,yes,NSv2pt2,No,,,Mexico,18,female,10 years or more,USA,2,I30U-gNSC-p323-r2,0, , , , , ,,,,,
324,yes,NSv2pt2,Yes,,,USA,44,female,,0,1,I30U-gNSC-p324-r1,0, , , , , ,,,,,
324,yes,NSv2pt2,Yes,,,USA,44,female,,0,2,I30U-gNSC-p324-r2,0, , , , , ,,,,,
325,yes,NSv2pt2,Yes,,,USA,53,female,,USA 53 years,1,I30U-gNSC-p325-r1,0, , , , , ,,,,,
325,yes,NSv2pt2,Yes,,,USA,53,female,,USA 53 years,2,I30U-gNSC-p325-r2,0, , , , , ,,,,,
326,yes,NSv2pt2,Yes,,,USA,25,male,,USA 25 years,1,I30U-gNSC-p326-r1,0, , , , , ,,,,,
326,yes,NSv2pt2,Yes,,,USA,25,male,,USA 25 years,2,I30U-gNSC-p326-r2,0, , , , , ,,,,,
327,yes,NSv2pt1,Yes,,,USA,39,female,,0,1,I30U-gNSC-p327-r1,0,,,,,,,,,,
327,yes,NSv2pt1,Yes,,,USA,39,female,,0,2,I30U-gNSC-p327-r2,0,,,,,,,,,,
328,yes,NSv2pt1,Yes,,,USA,33,male,,USA 33 years,1,I30U-gNSC-p328-r1,0,,,,,,,,,,
328,yes,NSv2pt1,Yes,,,USA,33,male,,USA 33 years,2,I30U-gNSC-p328-r2,0,,,,,,,,,,
329,yes,NSv2pt1,Yes,,,USA,39,female,,USA 39 years,1,I30U-gNSC-p329-r1,0,,,,,,,,,,
329,yes,NSv2pt1,Yes,,,USA,39,female,,USA 39 years,2,I30U-gNSC-p329-r2,0,,,,,,,,,,
330,yes,NSv2pt1,Yes,,,USA,24,male,,USA 22 years,1,I30U-gNSC-p330-r1,0,,,,,,,,,,
330,yes,NSv2pt1,Yes,,,USA,24,male,,USA 22 years,2,I30U-gNSC-p330-r2,0,,,,,,,,,,
331,yes,NSv2pt1,Yes,,,USA,19,female,,USA 19 years,1,I30U-gNSC-p331-r1,0,,,,,,,,,,
331,yes,NSv2pt1,Yes,,,USA,19,female,,USA 19 years,2,I30U-gNSC-p331-r2,0,,,,,,,,,,
332,yes,NSv2pt1,Yes,,,USA,45,male,,USA 45 years,1,I30U-gNSC-p332-r1,0,,,,,,,,,,
332,yes,NSv2pt1,Yes,,,USA,45,male,,USA 45 years,2,I30U-gNSC-p332-r2,0,,,,,,,,,,
333,yes,NSv2pt1,Yes,,,USA,54,female,,USA 54 years,1,I30U-gNSC-p333-r1,0,,,,,,,,,,
333,yes,NSv2pt1,Yes,,,USA,54,female,,USA 54 years,2,I30U-gNSC-p333-r2,0,,,,,,,,,,
334,yes,NSv2pt2,Yes,,,USA,32,male,,USA 32 years,1,I30U-gNSC-p334-r1,0, , , , , ,,,,,
334,yes,NSv2pt2,Yes,,,USA,32,male,,USA 32 years,2,I30U-gNSC-p334-r2,0, , , , , ,,,,,
335,yes,NSv2pt1,Yes,,,USA,59,female,,USA 59 years,1,I30U-gNSC-p335-r1,0,,,,,,,,,,
335,yes,NSv2pt1,Yes,,,USA,59,female,,USA 59 years,2,I30U-gNSC-p335-r2,0,,,,,,,,,,
336,yes,NSv2pt1,Yes,,,USA,57,male,,USA 57 years,1,I30U-gNSC-p336-r1,0,,,,,,,,,,
336,yes,NSv2pt1,Yes,,,USA,57,male,,USA 57 years,2,I30U-gNSC-p336-r2,0,,,,,,,,,,
337,yes,NSv2pt1,No,chinese,,Taiwan,43,female,6 - 8 years,0,1,I30U-gNSC-p337-r1,0,,,,,,,,,,
337,yes,NSv2pt1,No,chinese,,Taiwan,43,female,6 - 8 years,0,2,I30U-gNSC-p337-r2,0,,,,,,,,,,
338,yes,NSv2pt1,Yes,,,USA,34,female,,USA 34 years,1,I30U-gNSC-p338-r1,0,,,,,,,,,,
338,yes,NSv2pt1,Yes,,,USA,34,female,,USA 34 years,2,I30U-gNSC-p338-r2,0,,,,,,,,,,
339,yes,NSv2pt1,Yes,,,USA,24,female,,USA 24 years,1,I30U-gNSC-p339-r1,0,,,,,,,,,,
339,yes,NSv2pt1,Yes,,,USA,24,female,,USA 24 years,2,I30U-gNSC-p339-r2,0,,,,,,,,,,
340,yes,NSv2pt1,Yes,,,USA,41,male,,USA 41 years,1,I30U-gNSC-p340-r1,0,,,,,,,,,,
340,yes,NSv2pt1,Yes,,,USA,41,male,,USA 41 years,2,I30U-gNSC-p340-r2,0,,,,,,,,,,
341,yes,NSv2pt2,Yes,,,USA,31,female,,0,1,I30U-gNSC-p341-r1,0, , , , , ,,,,,
341,yes,NSv2pt2,Yes,,,USA,31,female,,0,2,I30U-gNSC-p341-r2,0, , , , , ,,,,,
342,yes,NSv2pt1,Yes,,,USA,44,female,,USA 44 years,1,I30U-gNSC-p342-r1,0,,,,,,,,,,
342,yes,NSv2pt1,Yes,,,USA,44,female,,USA 44 years,2,I30U-gNSC-p342-r2,0,,,,,,,,,,
343,yes,NSv2pt2,Yes,,,USA,61,male,,USA,1,I30U-gNSC-p343-r1,0, , , , , ,,,,,
343,yes,NSv2pt2,Yes,,,USA,61,male,,USA,2,I30U-gNSC-p343-r2,0, , , , , ,,,,,
344,yes,NSv2pt2,Yes,,,USA,39,female,,USA 39 years,1,I30U-gNSC-p344-r1,0, , , , , ,,,,,
344,yes,NSv2pt2,Yes,,,USA,39,female,,USA 39 years,2,I30U-gNSC-p344-r2,0, , , , , ,,,,,
345,yes,NSv2pt1,Yes,,,USA,27,male,,0,1,I30U-gNSC-p345-r1,0,,,,,,,,,,
345,yes,NSv2pt1,Yes,,,USA,27,male,,0,2,I30U-gNSC-p345-r2,0,,,,,,,,,,
346,yes,NSv2pt1,Yes,,,USA,51,male,,USA 51 years,1,I30U-gNSC-p346-r1,0,,,,,,,,,,
346,yes,NSv2pt1,Yes,,,USA,51,male,,USA 51 years,2,I30U-gNSC-p346-r2,0,,,,,,,,,,
347,yes,NSv2pt1,No,tagalog,,Philippines,50,female,10 years or more,0,1,I30U-gNSC-p347-r1,0,,,,,,,,,,
347,yes,NSv2pt1,No,tagalog,,Philippines,50,female,10 years or more,0,2,I30U-gNSC-p347-r2,0,,,,,,,,,,
348,yes,NSv2pt1,Yes,,,USA,,other / prefer not to say,,USA 14 years,1,I30U-gNSC-p348-r1,0,,,,,,,,,,
348,yes,NSv2pt1,Yes,,,USA,,other / prefer not to say,,USA 14 years,2,I30U-gNSC-p348-r2,0,,,,,,,,,,
349,yes,NSv2pt2,Yes,,,USA,56,female,,USA 56 years,1,I30U-gNSC-p349-r1,0, , , , , ,,,,,
349,yes,NSv2pt2,Yes,,,USA,56,female,,USA 56 years,2,I30U-gNSC-p349-r2,0, , , , , ,,,,,
350,yes,NSv2pt1,Yes,,,USA,32,female,,USA 32 years,1,I30U-gNSC-p350-r1,0,,,,,,,,,,
350,yes,NSv2pt1,Yes,,,USA,32,female,,USA 32 years,2,I30U-gNSC-p350-r2,0,,,,,,,,,,
351,yes,NSv2pt1,Yes,,,USA,38,male,,"USA 37 years, UK 1 year",1,I30U-gNSC-p351-r1,0,,,,,,,,,,
351,yes,NSv2pt1,Yes,,,USA,38,male,,"USA 37 years, UK 1 year",2,I30U-gNSC-p351-r2,0,,,,,,,,,,
352,yes,NSv2pt2,Yes,,,USA,34,female,,USA 34 years,1,I30U-gNSC-p352-r1,0, , , , , ,,,,,
352,yes,NSv2pt2,Yes,,,USA,34,female,,USA 34 years,2,I30U-gNSC-p352-r2,0, , , , , ,,,,,
353,yes,NSv2pt1,Yes,,,USA,57,female,,0,1,I30U-gNSC-p353-r1,0,,,,,,,,,,
353,yes,NSv2pt1,Yes,,,USA,57,female,,0,2,I30U-gNSC-p353-r2,0,,,,,,,,,,
354,yes,NSv2pt1,Yes,,,USA,60,female,,0,1,I30U-gNSC-p354-r1,0,,,,,,,,,,
354,yes,NSv2pt1,Yes,,,USA,60,female,,0,2,I30U-gNSC-p354-r2,0,,,,,,,,,,
355,yes,NSv2pt2,Yes,,,USA,43,female,,USA 43 years,1,I30U-gNSC-p355-r1,0, , , , , ,,,,,
355,yes,NSv2pt2,Yes,,,USA,43,female,,USA 43 years,2,I30U-gNSC-p355-r2,0, , , , , ,,,,,
356,yes,NSv2pt2,Yes,,,USA,43,female,,USA 43 years,1,I30U-gNSC-p356-r1,0, , , , , ,,,,,
356,yes,NSv2pt2,Yes,,,USA,43,female,,USA 43 years,2,I30U-gNSC-p356-r2,0, , , , , ,,,,,
357,yes,NSv2pt1,Yes,,,USA,33,male,,0,1,I30U-gNSC-p357-r1,0,,,,,,,,,,
357,yes,NSv2pt1,Yes,,,USA,33,male,,0,2,I30U-gNSC-p357-r2,0,,,,,,,,,,
358,yes,NSv2pt2,Yes,,Spanish,USA,27,female,,USA,1,I30U-gNSC-p358-r1,0, , , , , ,,,,,
358,yes,NSv2pt2,Yes,,Spanish,USA,27,female,,USA,2,I30U-gNSC-p358-r2,0, , , , , ,,,,,
359,yes,NSv2pt2,Yes,,,USA,31,female,,USA 31 years,1,I30U-gNSC-p359-r1,0, , , , , ,,,,,
359,yes,NSv2pt2,Yes,,,USA,31,female,,USA 31 years,2,I30U-gNSC-p359-r2,0, , , , , ,,,,,
360,yes,NSv2pt1,Yes,,,USA,22,male,,USA 22 years,1,I30U-gNSC-p360-r1,0,,,,,,,,,,
360,yes,NSv2pt1,Yes,,,USA,22,male,,USA 22 years,2,I30U-gNSC-p360-r2,0,,,,,,,,,,
361,yes,NSv2pt1,Yes,,,USA,42,male,,USA 42 years,1,I30U-gNSC-p361-r1,0,,,,,,,,,,
361,yes,NSv2pt1,Yes,,,USA,42,male,,USA 42 years,2,I30U-gNSC-p361-r2,0,,,,,,,,,,
362,yes,NSv2pt1,Yes,,,USA,50,male,,USA 50 years,1,I30U-gNSC-p362-r1,0,,,,,,,,,,
362,yes,NSv2pt1,Yes,,,USA,50,male,,USA 50 years,2,I30U-gNSC-p362-r2,0,,,,,,,,,,
363,yes,NSv2pt2,Yes,,,USA,40,female,,USA 40 years,1,I30U-gNSC-p363-r1,0, , , , , ,,,,,
363,yes,NSv2pt2,Yes,,,USA,40,female,,USA 40 years,2,I30U-gNSC-p363-r2,0, , , , , ,,,,,
364,yes,NSv2pt2,Yes,,,USA ,54,female,,USA 54 years,1,I30U-gNSC-p364-r1,0, , , , , ,,,,,
364,yes,NSv2pt2,Yes,,,USA ,54,female,,USA 54 years,2,I30U-gNSC-p364-r2,0, , , , , ,,,,,
365,yes,NSv2pt2,Yes,,Spanish,USA,22,female,,USA 22 years,1,I30U-gNSC-p365-r1,0, , , , , ,,,,,
365,yes,NSv2pt2,Yes,,Spanish,USA,22,female,,USA 22 years,2,I30U-gNSC-p365-r2,0, , , , , ,,,,,
366,yes,NSv2pt1,No,Spanish,,Chile,61,male,10 years or more,USA 38 years,1,I30U-gNSC-p366-r1,0,,,,,,,,,,
366,yes,NSv2pt1,No,Spanish,,Chile,61,male,10 years or more,USA 38 years,2,I30U-gNSC-p366-r2,0,,,,,,,,,,
367,yes,NSv2pt2,Yes,,,USA ,23,male,,0,1,I30U-gNSC-p367-r1,0, , , , , ,,,,,
367,yes,NSv2pt2,Yes,,,USA ,23,male,,0,2,I30U-gNSC-p367-r2,0, , , , , ,,,,,
368,yes,NSv2pt1,Yes,,,USA,61,female,,USA 59 years,1,I30U-gNSC-p368-r1,0,,,,,,,,,,
368,yes,NSv2pt1,Yes,,,USA,61,female,,USA 59 years,2,I30U-gNSC-p368-r2,0,,,,,,,,,,
369,yes,NSv2pt1,Yes,,,USA,20,male,,0,1,I30U-gNSC-p369-r1,0,,,,,,,,,,
369,yes,NSv2pt1,Yes,,,USA,20,male,,0,2,I30U-gNSC-p369-r2,0,,,,,,,,,,
370,yes,NSv2pt2,Yes,,,USA,31,female,,USA 31 years,1,I30U-gNSC-p370-r1,0, , , , , ,,,,,
370,yes,NSv2pt2,Yes,,,USA,31,female,,USA 31 years,2,I30U-gNSC-p370-r2,0, , , , , ,,,,,
371,yes,NSv2pt2,Yes,,Spanish ,USA ,27,female,,USA ,1,I30U-gNSC-p371-r1,0, , , , , ,,,,,
371,yes,NSv2pt2,Yes,,Spanish ,USA ,27,female,,USA ,2,I30U-gNSC-p371-r2,0, , , , , ,,,,,
372,yes,NSv2pt1,Yes,,,USA,36,male,,USA 36 years,1,I30U-gNSC-p372-r1,0,,,,,,,,,,
372,yes,NSv2pt1,Yes,,,USA,36,male,,USA 36 years,2,I30U-gNSC-p372-r2,0,,,,,,,,,,
373,yes,NSv2pt2,Yes,,,USA,28,female,,USA 28 years,1,I30U-gNSC-p373-r1,0, , , , , ,,,,,
373,yes,NSv2pt2,Yes,,,USA,28,female,,USA 28 years,2,I30U-gNSC-p373-r2,0, , , , , ,,,,,
374,yes,NSv2pt2,Yes,,,USA,41,male,,USA 41 years,1,I30U-gNSC-p374-r1,0, , , , , ,,,,,
374,yes,NSv2pt2,Yes,,,USA,41,male,,USA 41 years,2,I30U-gNSC-p374-r2,0, , , , , ,,,,,
375,yes,NSv2pt2,No,,,,,,1 year or less,0,1,I30U-gNSC-p375-r1,0, , , , , ,,,,,
375,yes,NSv2pt2,No,,,,,,1 year or less,0,2,I30U-gNSC-p375-r2,0, , , , , ,,,,,
376,yes,NSv2pt2,Yes,,,USA,45,female,,USA 45 years,1,I30U-gNSC-p376-r1,0, , , , , ,,,,,
376,yes,NSv2pt2,Yes,,,USA,45,female,,USA 45 years,2,I30U-gNSC-p376-r2,0, , , , , ,,,,,
377,yes,NSv2pt2,Yes,,,USA,47,male,,USA 47 years,1,I30U-gNSC-p377-r1,0, , , , , ,,,,,
377,yes,NSv2pt2,Yes,,,USA,47,male,,USA 47 years,2,I30U-gNSC-p377-r2,0, , , , , ,,,,,
378,yes,NSv2pt1,Yes,,,,,,,0,1,I30U-gNSC-p378-r1,0,,,,,,,,,,
378,yes,NSv2pt1,Yes,,,,,,,0,2,I30U-gNSC-p378-r2,0,,,,,,,,,,
379,yes,NSv2pt2,Yes,,,USA,71,female,,0,1,I30U-gNSC-p379-r1,0, , , , , ,,,,,
379,yes,NSv2pt2,Yes,,,USA,71,female,,0,2,I30U-gNSC-p379-r2,0, , , , , ,,,,,
380,yes,NSv2pt2,Yes,,,India,37,male,,India 25 years,1,I30U-gNSC-p380-r1,0, , , , , ,,,,,
380,yes,NSv2pt2,Yes,,,India,37,male,,India 25 years,2,I30U-gNSC-p380-r2,0, , , , , ,,,,,
381,yes,NSv2pt1,Yes,,,USA,42,female,,USA 40 years,1,I30U-gNSC-p381-r1,0,,,,,,,,,,
381,yes,NSv2pt1,Yes,,,USA,42,female,,USA 40 years,2,I30U-gNSC-p381-r2,0,,,,,,,,,,
382,yes,NSv2pt1,Yes,,,USA,60,male,,USA 60 years,1,I30U-gNSC-p382-r1,0,,,,,,,,,,
382,yes,NSv2pt1,Yes,,,USA,60,male,,USA 60 years,2,I30U-gNSC-p382-r2,0,,,,,,,,,,
383,yes,NSv2pt2,Yes,,,USA,46,female,,USA 46 years ,1,I30U-gNSC-p383-r1,0, , , , , ,,,,,
383,yes,NSv2pt2,Yes,,,USA,46,female,,USA 46 years ,2,I30U-gNSC-p383-r2,0, , , , , ,,,,,
384,yes,NSv2pt1,Yes,,,USA,44,female,,USA 44 years,1,I30U-gNSC-p384-r1,0,,,,,,,,,,
384,yes,NSv2pt1,Yes,,,USA,44,female,,USA 44 years,2,I30U-gNSC-p384-r2,0,,,,,,,,,,
385,yes,NSv2pt2,Yes,,,USA,58,male,,USA,1,I30U-gNSC-p385-r1,0, , , , , ,,,,,
385,yes,NSv2pt2,Yes,,,USA,58,male,,USA,2,I30U-gNSC-p385-r2,0, , , , , ,,,,,
386,yes,NSv2pt1,Yes,,,,,,,0,1,I30U-gNSC-p386-r1,0,,,,,,,,,,
386,yes,NSv2pt1,Yes,,,,,,,0,2,I30U-gNSC-p386-r2,0,,,,,,,,,,
387,yes,NSv2pt2,Yes,,,USA,35,female,,0,1,I30U-gNSC-p387-r1,0, , , , , ,,,,,
387,yes,NSv2pt2,Yes,,,USA,35,female,,0,2,I30U-gNSC-p387-r2,0, , , , , ,,,,,
388,yes,NSv2pt1,Yes,,,USA,26,female,,0,1,I30U-gNSC-p388-r1,0,,,,,,,,,,
388,yes,NSv2pt1,Yes,,,USA,26,female,,0,2,I30U-gNSC-p388-r2,0,,,,,,,,,,
389,yes,NSv2pt1,Yes,,,USA,54,female,,USA 54 years,1,I30U-gNSC-p389-r1,0,,,,,,,,,,
389,yes,NSv2pt1,Yes,,,USA,54,female,,USA 54 years,2,I30U-gNSC-p389-r2,0,,,,,,,,,,
390,yes,NSv2pt2,Yes,,,USA,62,male,,USA 62 years,1,I30U-gNSC-p390-r1,0, , , , , ,,,,,
390,yes,NSv2pt2,Yes,,,USA,62,male,,USA 62 years,2,I30U-gNSC-p390-r2,0, , , , , ,,,,,
391,yes,NSv2pt1,Yes,,,USA,68,male,,0,1,I30U-gNSC-p391-r1,0,,,,,,,,,,
391,yes,NSv2pt1,Yes,,,USA,68,male,,0,2,I30U-gNSC-p391-r2,0,,,,,,,,,,
392,yes,NSv2pt1,Yes,,,USA,46,male,,USA 46 years,1,I30U-gNSC-p392-r1,0,,,,,,,,,,
392,yes,NSv2pt1,Yes,,,USA,46,male,,USA 46 years,2,I30U-gNSC-p392-r2,0,,,,,,,,,,
393,yes,NSv2pt2,Yes,,Afrikaans,South Africa,54,female,,"South Africa 37 years, USA 17 years",1,I30U-gNSC-p393-r1,0, , , , , ,,,,,
393,yes,NSv2pt2,Yes,,Afrikaans,South Africa,54,female,,"South Africa 37 years, USA 17 years",2,I30U-gNSC-p393-r2,0, , , , , ,,,,,
394,yes,NSv2pt2,Yes,,,USA,26,female,,USA 26 years,1,I30U-gNSC-p394-r1,0, , , , , ,,,,,
394,yes,NSv2pt2,Yes,,,USA,26,female,,USA 26 years,2,I30U-gNSC-p394-r2,0, , , , , ,,,,,
395,yes,NSv2pt1,Yes,,,USA,45,female,,0,1,I30U-gNSC-p395-r1,0,,,,,,,,,,
395,yes,NSv2pt1,Yes,,,USA,45,female,,0,2,I30U-gNSC-p395-r2,0,,,,,,,,,,
396,yes,NSv2pt2,No,"Arabic, French",,Egypt,21,female,8 - 10 years,None,1,I30U-gNSC-p396-r1,0, , , , , ,,,,,
396,yes,NSv2pt2,No,"Arabic, French",,Egypt,21,female,8 - 10 years,None,2,I30U-gNSC-p396-r2,0, , , , , ,,,,,
397,yes,NSv2pt2,Yes,,,,32,female,,0,1,I30U-gNSC-p397-r1,0, , , , , ,,,,,
397,yes,NSv2pt2,Yes,,,,32,female,,0,2,I30U-gNSC-p397-r2,0, , , , , ,,,,,
398,yes,NSv2pt1,Yes,,,USA,over 80,female,,0,1,I30U-gNSC-p398-r1,0,,,,,,,,,,
398,yes,NSv2pt1,Yes,,,USA,over 80,female,,0,2,I30U-gNSC-p398-r2,0,,,,,,,,,,
399,yes,NSv2pt1,Yes,,,USA,50,male,,0,1,I30U-gNSC-p399-r1,0,,,,,,,,,,
399,yes,NSv2pt1,Yes,,,USA,50,male,,0,2,I30U-gNSC-p399-r2,0,,,,,,,,,,
400,yes,NSv2pt1,Yes,,,USA,41,female,,USA 41 Years,1,I30U-gNSC-p400-r1,0,,,,,,,,,,
400,yes,NSv2pt1,Yes,,,USA,41,female,,USA 41 Years,2,I30U-gNSC-p400-r2,0,,,,,,,,,,
401,yes,NSv2pt2,Yes,,,America,69,female,,USA 69 years,1,I30U-gNSC-p401-r1,0, , , , , ,,,,,
401,yes,NSv2pt2,Yes,,,America,69,female,,USA 69 years,2,I30U-gNSC-p401-r2,0, , , , , ,,,,,
402,yes,NSv2pt1,Yes,,,USA,61,male,,0,1,I30U-gNSC-p402-r1,0,,,,,,,,,,
402,yes,NSv2pt1,Yes,,,USA,61,male,,0,2,I30U-gNSC-p402-r2,0,,,,,,,,,,
403,yes,NSv2pt1,Yes,,,USA,55,male,,0,1,I30U-gNSC-p403-r1,0,,,,,,,,,,
403,yes,NSv2pt1,Yes,,,USA,55,male,,0,2,I30U-gNSC-p403-r2,0,,,,,,,,,,
404,yes,NSv2pt1,Yes,,,USA,34,female,,0,1,I30U-gNSC-p404-r1,0,,,,,,,,,,
404,yes,NSv2pt1,Yes,,,USA,34,female,,0,2,I30U-gNSC-p404-r2,0,,,,,,,,,,
405,yes,NSv2pt2,Yes,,,USA,19,female,,USA 19 years,1,I30U-gNSC-p405-r1,0, , , , , ,,,,,
405,yes,NSv2pt2,Yes,,,USA,19,female,,USA 19 years,2,I30U-gNSC-p405-r2,0, , , , , ,,,,,
406,yes,NSv2pt1,Yes,,,USA,27,female,,USA 27 years,1,I30U-gNSC-p406-r1,0,,,,,,,,,,
406,yes,NSv2pt1,Yes,,,USA,27,female,,USA 27 years,2,I30U-gNSC-p406-r2,0,,,,,,,,,,
407,yes,NSv2pt2,Yes,,,USA,24,female,,0,1,I30U-gNSC-p407-r1,0, , , , , ,,,,,
407,yes,NSv2pt2,Yes,,,USA,24,female,,0,2,I30U-gNSC-p407-r2,0, , , , , ,,,,,
408,yes,NSv2pt2,Yes,,French,Haiti,49,female,,USA,1,I30U-gNSC-p408-r1,0, , , , , ,,,,,
408,yes,NSv2pt2,Yes,,French,Haiti,49,female,,USA,2,I30U-gNSC-p408-r2,0, , , , , ,,,,,
409,yes,NSv2pt2,Yes,,,USA,63,female,,USA 63 years,1,I30U-gNSC-p409-r1,0, , , , , ,,,,,
409,yes,NSv2pt2,Yes,,,USA,63,female,,USA 63 years,2,I30U-gNSC-p409-r2,0, , , , , ,,,,,
410,yes,NSv2pt2,Yes,,,USA,44,female,,USA,1,I30U-gNSC-p410-r1,0, , , , , ,,,,,
410,yes,NSv2pt2,Yes,,,USA,44,female,,USA,2,I30U-gNSC-p410-r2,0, , , , , ,,,,,
411,yes,NSv2pt2,Yes,,,USA,55,female,,0,1,I30U-gNSC-p411-r1,0, , , , , ,,,,,
411,yes,NSv2pt2,Yes,,,USA,55,female,,0,2,I30U-gNSC-p411-r2,0, , , , , ,,,,,
412,yes,NSv2pt1,Yes,,Spanish,USA,23,female,,USA 23 years,1,I30U-gNSC-p412-r1,0,,,,,,,,,,
412,yes,NSv2pt1,Yes,,Spanish,USA,23,female,,USA 23 years,2,I30U-gNSC-p412-r2,0,,,,,,,,,,
413,yes,NSv2pt2,Yes,,german,USA,33,female,,"USA 32 years, scottland 1 year",1,I30U-gNSC-p413-r1,0, , , , , ,,,,,
413,yes,NSv2pt2,Yes,,german,USA,33,female,,"USA 32 years, scottland 1 year",2,I30U-gNSC-p413-r2,0, , , , , ,,,,,
414,yes,NSv2pt1,Yes,,,,44,female,,0,1,I30U-gNSC-p414-r1,0,,,,,,,,,,
414,yes,NSv2pt1,Yes,,,,44,female,,0,2,I30U-gNSC-p414-r2,0,,,,,,,,,,
415,yes,NSv2pt1,Yes,,,USA,69,male,,USA 69 years,1,I30U-gNSC-p415-r1,0,,,,,,,,,,
415,yes,NSv2pt1,Yes,,,USA,69,male,,USA 69 years,2,I30U-gNSC-p415-r2,0,,,,,,,,,,
416,yes,NSv2pt2,Yes,,,USA,49,male,,"USA 45, UK (England) 4",1,I30U-gNSC-p416-r1,0, , , , , ,,,,,
416,yes,NSv2pt2,Yes,,,USA,49,male,,"USA 45, UK (England) 4",2,I30U-gNSC-p416-r2,0, , , , , ,,,,,
417,yes,NSv2pt2,Yes,,Italian,USA,49,male,,USA 47 years,1,I30U-gNSC-p417-r1,0, , , , , ,,,,,
417,yes,NSv2pt2,Yes,,Italian,USA,49,male,,USA 47 years,2,I30U-gNSC-p417-r2,0, , , , , ,,,,,
418,yes,NSv2pt2,Yes,,,USA,45,female,,USA 45 years,1,I30U-gNSC-p418-r1,0, , , , , ,,,,,
418,yes,NSv2pt2,Yes,,,USA,45,female,,USA 45 years,2,I30U-gNSC-p418-r2,0, , , , , ,,,,,
419,yes,NSv2pt1,Yes,,,USA,23,female,,USA 23 years,1,I30U-gNSC-p419-r1,0,,,,,,,,,,
419,yes,NSv2pt1,Yes,,,USA,23,female,,USA 23 years,2,I30U-gNSC-p419-r2,0,,,,,,,,,,
420,yes,NSv2pt2,Yes,,,USA,69,female,,None,1,I30U-gNSC-p420-r1,0, , , , , ,,,,,
420,yes,NSv2pt2,Yes,,,USA,69,female,,None,2,I30U-gNSC-p420-r2,0, , , , , ,,,,,
421,yes,NSv2pt1,Yes,,,USA,38,female,,USA 38 years,1,I30U-gNSC-p421-r1,0,,,,,,,,,,
421,yes,NSv2pt1,Yes,,,USA,38,female,,USA 38 years,2,I30U-gNSC-p421-r2,0,,,,,,,,,,
422,yes,NSv2pt1,Yes,,,USA,63,female,,USA 63 years,1,I30U-gNSC-p422-r1,0,,,,,,,,,,
422,yes,NSv2pt1,Yes,,,USA,63,female,,USA 63 years,2,I30U-gNSC-p422-r2,0,,,,,,,,,,
423,yes,NSv2pt2,Yes,,Spanish,USA,35,female,,USA 35 years,1,I30U-gNSC-p423-r1,0, , , , , ,,,,,
423,yes,NSv2pt2,Yes,,Spanish,USA,35,female,,USA 35 years,2,I30U-gNSC-p423-r2,0, , , , , ,,,,,
424,yes,NSv2pt2,Yes,,,USA ,46,female,,0,1,I30U-gNSC-p424-r1,0, , , , , ,,,,,
424,yes,NSv2pt2,Yes,,,USA ,46,female,,0,2,I30U-gNSC-p424-r2,0, , , , , ,,,,,
425,yes,NSv2pt2,Yes,,,USA,21,female,,0,1,I30U-gNSC-p425-r1,0, , , , , ,,,,,
425,yes,NSv2pt2,Yes,,,USA,21,female,,0,2,I30U-gNSC-p425-r2,0, , , , , ,,,,,
426,yes,NSv2pt1,Yes,,,USA,32,female,,USA 32 years,1,I30U-gNSC-p426-r1,0,,,,,,,,,,
426,yes,NSv2pt1,Yes,,,USA,32,female,,USA 32 years,2,I30U-gNSC-p426-r2,0,,,,,,,,,,
427,yes,NSv2pt2,Yes,,,USA,36,male,,0,1,I30U-gNSC-p427-r1,0, , , , , ,,,,,
427,yes,NSv2pt2,Yes,,,USA,36,male,,0,2,I30U-gNSC-p427-r2,0, , , , , ,,,,,
428,yes,NSv2pt1,Yes,,,USA,34,female,,USA 34 years,1,I30U-gNSC-p428-r1,0,,,,,,,,,,
428,yes,NSv2pt1,Yes,,,USA,34,female,,USA 34 years,2,I30U-gNSC-p428-r2,0,,,,,,,,,,
429,yes,NSv2pt2,Yes,,French,USA,19,male,,USA 19 years,1,I30U-gNSC-p429-r1,0, , , , , ,,,,,
429,yes,NSv2pt2,Yes,,French,USA,19,male,,USA 19 years,2,I30U-gNSC-p429-r2,0, , , , , ,,,,,
430,yes,NSv2pt1,Yes,,,USA,54,female,,USA 54 years,1,I30U-gNSC-p430-r1,0,,,,,,,,,,
430,yes,NSv2pt1,Yes,,,USA,54,female,,USA 54 years,2,I30U-gNSC-p430-r2,0,,,,,,,,,,
431,yes,NSv2pt2,Yes,,,,46,male,,0,1,I30U-gNSC-p431-r1,0, , , , , ,,,,,
431,yes,NSv2pt2,Yes,,,,46,male,,0,2,I30U-gNSC-p431-r2,0, , , , , ,,,,,
432,yes,NSv2pt2,Yes,,,USA,29,female,,USA 29 years ,1,I30U-gNSC-p432-r1,0, , , , , ,,,,,
432,yes,NSv2pt2,Yes,,,USA,29,female,,USA 29 years ,2,I30U-gNSC-p432-r2,0, , , , , ,,,,,
433,yes,NSv2pt2,Yes,,,USA,34,female,,USA 34 years,1,I30U-gNSC-p433-r1,0, , , , , ,,,,,
433,yes,NSv2pt2,Yes,,,USA,34,female,,USA 34 years,2,I30U-gNSC-p433-r2,0, , , , , ,,,,,
434,yes,NSv2pt2,Yes,,,USA,25,female,,USA 25 years,1,I30U-gNSC-p434-r1,0, , , , , ,,,,,
434,yes,NSv2pt2,Yes,,,USA,25,female,,USA 25 years,2,I30U-gNSC-p434-r2,0, , , , , ,,,,,
435,yes,NSv2pt2,Yes,,Spanish,USA,33,male,,USA 33 years,1,I30U-gNSC-p435-r1,0, , , , , ,,,,,
435,yes,NSv2pt2,Yes,,Spanish,USA,33,male,,USA 33 years,2,I30U-gNSC-p435-r2,0, , , , , ,,,,,
436,yes,NSv2pt2,Yes,,,USA,40,male,,None,1,I30U-gNSC-p436-r1,0, , , , , ,,,,,
436,yes,NSv2pt2,Yes,,,USA,40,male,,None,2,I30U-gNSC-p436-r2,0, , , , , ,,,,,
437,yes,NSv2pt1,No,"Chinese (Cantonese), Chinese (Mandarin)",,China (Hong Kong),31,female,10 years or more,USA 13 years,1,I30U-gNSC-p437-r1,0,,,,,,,,,,
437,yes,NSv2pt1,No,"Chinese (Cantonese), Chinese (Mandarin)",,China (Hong Kong),31,female,10 years or more,USA 13 years,2,I30U-gNSC-p437-r2,0,,,,,,,,,,
438,yes,NSv2pt2,Yes,,,USA,23,female,,USA 23 years,1,I30U-gNSC-p438-r1,0, , , , , ,,,,,
438,yes,NSv2pt2,Yes,,,USA,23,female,,USA 23 years,2,I30U-gNSC-p438-r2,0, , , , , ,,,,,
439,yes,NSv2pt1,Yes,,,USA,64,male,,USA 64 years,1,I30U-gNSC-p439-r1,0,,,,,,,,,,
439,yes,NSv2pt1,Yes,,,USA,64,male,,USA 64 years,2,I30U-gNSC-p439-r2,0,,,,,,,,,,
440,yes,NSv2pt1,Yes,,,USA,59,other / prefer not to say,,0,1,I30U-gNSC-p440-r1,0,,,,,,,,,,
440,yes,NSv2pt1,Yes,,,USA,59,other / prefer not to say,,0,2,I30U-gNSC-p440-r2,0,,,,,,,,,,
441,yes,NSv2pt1,Yes,,"Romanian, russian",USA,41,female,,USA 39 years,1,I30U-gNSC-p441-r1,0,,,,,,,,,,
441,yes,NSv2pt1,Yes,,"Romanian, russian",USA,41,female,,USA 39 years,2,I30U-gNSC-p441-r2,0,,,,,,,,,,
442,yes,NSv2pt2,Yes,,none,,,,,0,1,I30U-gNSC-p442-r1,0, , , , , ,,,,,
442,yes,NSv2pt2,Yes,,none,,,,,0,2,I30U-gNSC-p442-r2,0, , , , , ,,,,,
443,yes,NSv2pt1,Yes,,,USA,51,female,,USA 51 years,1,I30U-gNSC-p443-r1,0,,,,,,,,,,
443,yes,NSv2pt1,Yes,,,USA,51,female,,USA 51 years,2,I30U-gNSC-p443-r2,0,,,,,,,,,,
444,yes,NSv2pt1,Yes,,,USA,36,female,,"USA 33 years, Canada 2 years, New Zealand 1 years",1,I30U-gNSC-p444-r1,0,,,,,,,,,,
444,yes,NSv2pt1,Yes,,,USA,36,female,,"USA 33 years, Canada 2 years, New Zealand 1 years",2,I30U-gNSC-p444-r2,0,,,,,,,,,,
445,yes,NSv2pt2,Yes,,,USA,19,female,,USA 19 years,1,I30U-gNSC-p445-r1,0, , , , , ,,,,,
445,yes,NSv2pt2,Yes,,,USA,19,female,,USA 19 years,2,I30U-gNSC-p445-r2,0, , , , , ,,,,,
446,yes,NSv2pt1,Yes,,"German, Spanish",USA,24,male,,USA 24 years,1,I30U-gNSC-p446-r1,0,,,,,,,,,,
446,yes,NSv2pt1,Yes,,"German, Spanish",USA,24,male,,USA 24 years,2,I30U-gNSC-p446-r2,0,,,,,,,,,,
447,yes,NSv2pt2,Yes,,,USA,54,male,,USA,1,I30U-gNSC-p447-r1,0, , , , , ,,,,,
447,yes,NSv2pt2,Yes,,,USA,54,male,,USA,2,I30U-gNSC-p447-r2,0, , , , , ,,,,,
448,yes,NSv2pt2,Yes,,,USA,37,male,,USA 37 years,1,I30U-gNSC-p448-r1,0, , , , , ,,,,,
448,yes,NSv2pt2,Yes,,,USA,37,male,,USA 37 years,2,I30U-gNSC-p448-r2,0, , , , , ,,,,,
449,yes,NSv2pt2,No,,,,,,,0,1,I30U-gNSC-p449-r1,0, , , , , ,,,,,
449,yes,NSv2pt2,No,,,,,,,0,2,I30U-gNSC-p449-r2,0, , , , , ,,,,,
450,yes,NSv2pt2,Yes,,,USA,77,female,,USA 77 years,1,I30U-gNSC-p450-r1,0, , , , , ,,,,,
450,yes,NSv2pt2,Yes,,,USA,77,female,,USA 77 years,2,I30U-gNSC-p450-r2,0, , , , , ,,,,,
451,yes,NSv2pt2,Yes,,,USA,41,female,,USA 41 years,1,I30U-gNSC-p451-r1,0, , , , , ,,,,,
451,yes,NSv2pt2,Yes,,,USA,41,female,,USA 41 years,2,I30U-gNSC-p451-r2,0, , , , , ,,,,,
452,yes,NSv2pt2,Yes,,,USA,26,female,,USA 26 years,1,I30U-gNSC-p452-r1,0, , , , , ,,,,,
452,yes,NSv2pt2,Yes,,,USA,26,female,,USA 26 years,2,I30U-gNSC-p452-r2,0, , , , , ,,,,,
453,yes,NSv2pt2,Yes,,,USA,42,female,,USA 42 years,1,I30U-gNSC-p453-r1,0, , , , , ,,,,,
453,yes,NSv2pt2,Yes,,,USA,42,female,,USA 42 years,2,I30U-gNSC-p453-r2,0, , , , , ,,,,,
454,yes,NSv2pt1,Yes,,,USA,32,female,,USA 32 years,1,I30U-gNSC-p454-r1,0,,,,,,,,,,
454,yes,NSv2pt1,Yes,,,USA,32,female,,USA 32 years,2,I30U-gNSC-p454-r2,0,,,,,,,,,,
455,yes,NSv2pt2,Yes,,,USA ,42,male,,USA 42 years,1,I30U-gNSC-p455-r1,0, , , , , ,,,,,
455,yes,NSv2pt2,Yes,,,USA ,42,male,,USA 42 years,2,I30U-gNSC-p455-r2,0, , , , , ,,,,,
456,yes,NSv2pt2,Yes,,,USA,19,female,,USA 19 years,1,I30U-gNSC-p456-r1,0, , , , , ,,,,,
456,yes,NSv2pt2,Yes,,,USA,19,female,,USA 19 years,2,I30U-gNSC-p456-r2,0, , , , , ,,,,,
457,yes,NSv2pt2,No,,,Canada,54,female,10 years or more,Canada 54 years,1,I30U-gNSC-p457-r1,0, , , , , ,,,,,
457,yes,NSv2pt2,No,,,Canada,54,female,10 years or more,Canada 54 years,2,I30U-gNSC-p457-r2,0, , , , , ,,,,,
458,yes,NSv2pt1,Yes,,,USA,59,male,,0,1,I30U-gNSC-p458-r1,0,,,,,,,,,,
458,yes,NSv2pt1,Yes,,,USA,59,male,,0,2,I30U-gNSC-p458-r2,0,,,,,,,,,,
459,yes,NSv2pt1,Yes,,Spanish,USA,over 80,male,,USA 86 years,1,I30U-gNSC-p459-r1,0,,,,,,,,,,
459,yes,NSv2pt1,Yes,,Spanish,USA,over 80,male,,USA 86 years,2,I30U-gNSC-p459-r2,0,,,,,,,,,,
460,yes,NSv2pt2,Yes,,,USA,24,female,,USA 24,1,I30U-gNSC-p460-r1,0, , , , , ,,,,,
460,yes,NSv2pt2,Yes,,,USA,24,female,,USA 24,2,I30U-gNSC-p460-r2,0, , , , , ,,,,,
461,yes,NSv2pt2,Yes,,,USA,25,female,,Ireland 1.5 months,1,I30U-gNSC-p461-r1,0, , , , , ,,,,,
461,yes,NSv2pt2,Yes,,,USA,25,female,,Ireland 1.5 months,2,I30U-gNSC-p461-r2,0, , , , , ,,,,,
462,yes,NSv2pt2,Yes,,,USA,46,female,,USA 46 years,1,I30U-gNSC-p462-r1,0, , , , , ,,,,,
462,yes,NSv2pt2,Yes,,,USA,46,female,,USA 46 years,2,I30U-gNSC-p462-r2,0, , , , , ,,,,,
463,yes,NSv2pt1,Yes,,,USA,33,male,,USA 33 years,1,I30U-gNSC-p463-r1,0,,,,,,,,,,
463,yes,NSv2pt1,Yes,,,USA,33,male,,USA 33 years,2,I30U-gNSC-p463-r2,0,,,,,,,,,,
464,yes,NSv2pt1,Yes,,,USA,33,male,,USA,1,I30U-gNSC-p464-r1,0,,,,,,,,,,
464,yes,NSv2pt1,Yes,,,USA,33,male,,USA,2,I30U-gNSC-p464-r2,0,,,,,,,,,,
465,yes,NSv2pt1,Yes,,,USA,35,male,,0,1,I30U-gNSC-p465-r1,0,,,,,,,,,,
465,yes,NSv2pt1,Yes,,,USA,35,male,,0,2,I30U-gNSC-p465-r2,0,,,,,,,,,,
466,yes,NSv2pt1,Yes,,,USA,57,male,,0,1,I30U-gNSC-p466-r1,0,,,,,,,,,,
466,yes,NSv2pt1,Yes,,,USA,57,male,,0,2,I30U-gNSC-p466-r2,0,,,,,,,,,,
467,yes,NSv2pt2,Yes,,,USA,63,male,,0,1,I30U-gNSC-p467-r1,0, , , , , ,,,,,
467,yes,NSv2pt2,Yes,,,USA,63,male,,0,2,I30U-gNSC-p467-r2,0, , , , , ,,,,,
468,yes,NSv2pt1,Yes,,,USA,41,male,,USA 41 years,1,I30U-gNSC-p468-r1,0,,,,,,,,,,
468,yes,NSv2pt1,Yes,,,USA,41,male,,USA 41 years,2,I30U-gNSC-p468-r2,0,,,,,,,,,,
469,yes,NSv2pt2,Yes,,,USA,54,male,,USA 54 years,1,I30U-gNSC-p469-r1,0, , , , , ,,,,,
469,yes,NSv2pt2,Yes,,,USA,54,male,,USA 54 years,2,I30U-gNSC-p469-r2,0, , , , , ,,,,,
470,yes,NSv2pt1,Yes,,,USA,70,male,,USA 70 years,1,I30U-gNSC-p470-r1,0,,,,,,,,,,
470,yes,NSv2pt1,Yes,,,USA,70,male,,USA 70 years,2,I30U-gNSC-p470-r2,0,,,,,,,,,,
471,yes,NSv2pt2,No,Spanish,,,,,2 - 3 years,0,1,I30U-gNSC-p471-r1,0, , , , , ,,,,,
471,yes,NSv2pt2,No,Spanish,,,,,2 - 3 years,0,2,I30U-gNSC-p471-r2,0, , , , , ,,,,,
472,yes,NSv2pt2,Yes,,,USA,69,male,,USA 69 years,1,I30U-gNSC-p472-r1,0, , , , , ,,,,,
472,yes,NSv2pt2,Yes,,,USA,69,male,,USA 69 years,2,I30U-gNSC-p472-r2,0, , , , , ,,,,,
473,yes,NSv2pt1,Yes,,Spanish,USA,33,male,,0,1,I30U-gNSC-p473-r1,0,,,,,,,,,,
473,yes,NSv2pt1,Yes,,Spanish,USA,33,male,,0,2,I30U-gNSC-p473-r2,0,,,,,,,,,,
474,yes,NSv2pt1,No,Spanish,,Puerto Rico,26,male,10 years or more,"Puerto Rico 24 years, USA 2 years",1,I30U-gNSC-p474-r1,0,,,,,,,,,,
474,yes,NSv2pt1,No,Spanish,,Puerto Rico,26,male,10 years or more,"Puerto Rico 24 years, USA 2 years",2,I30U-gNSC-p474-r2,0,,,,,,,,,,
475,yes,NSv2pt2,Yes,,,,,,,0,1,I30U-gNSC-p475-r1,0, , , , , ,,,,,
475,yes,NSv2pt2,Yes,,,,,,,0,2,I30U-gNSC-p475-r2,0, , , , , ,,,,,
476,yes,NSv2pt2,Yes,,,USA,67,male,,USA 67 years,1,I30U-gNSC-p476-r1,0, , , , , ,,,,,
476,yes,NSv2pt2,Yes,,,USA,67,male,,USA 67 years,2,I30U-gNSC-p476-r2,0, , , , , ,,,,,
477,yes,NSv2pt2,Yes,,,USA,44,male,,USA 44 years,1,I30U-gNSC-p477-r1,0, , , , , ,,,,,
477,yes,NSv2pt2,Yes,,,USA,44,male,,USA 44 years,2,I30U-gNSC-p477-r2,0, , , , , ,,,,,
478,yes,NSv2pt2,Yes,,,USA,44,male,,USA 44 years,1,I30U-gNSC-p478-r1,0, , , , , ,,,,,
478,yes,NSv2pt2,Yes,,,USA,44,male,,USA 44 years,2,I30U-gNSC-p478-r2,0, , , , , ,,,,,
479,yes,NSv2pt2,Yes,,,USA,31,male,,USA 31 years,1,I30U-gNSC-p479-r1,0, , , , , ,,,,,
479,yes,NSv2pt2,Yes,,,USA,31,male,,USA 31 years,2,I30U-gNSC-p479-r2,0, , , , , ,,,,,
480,yes,NSv2pt2,Yes,,,USA,44,male,,USA 44 years,1,I30U-gNSC-p480-r1,0, , , , , ,,,,,
480,yes,NSv2pt2,Yes,,,USA,44,male,,USA 44 years,2,I30U-gNSC-p480-r2,0, , , , , ,,,,,
481,yes,NSv2pt2,Yes,,,USA,31,male,,0,1,I30U-gNSC-p481-r1,0, , , , , ,,,,,
481,yes,NSv2pt2,Yes,,,USA,31,male,,0,2,I30U-gNSC-p481-r2,0, , , , , ,,,,,
482,yes,NSv2pt2,Yes,,,USA,31,male,,0,1,I30U-gNSC-p482-r1,0, , , , , ,,,,,
482,yes,NSv2pt2,Yes,,,USA,31,male,,0,2,I30U-gNSC-p482-r2,0, , , , , ,,,,,
483,yes,NSv2pt2,Yes,,,USA,23,male,,USA 23 years,1,I30U-gNSC-p483-r1,0, , , , , ,,,,,
483,yes,NSv2pt2,Yes,,,USA,23,male,,USA 23 years,2,I30U-gNSC-p483-r2,0, , , , , ,,,,,
484,yes,NSv2pt2,Yes,,,USA,20,male,,0,1,I30U-gNSC-p484-r1,0, , , , , ,,,,,
484,yes,NSv2pt2,Yes,,,USA,20,male,,0,2,I30U-gNSC-p484-r2,0, , , , , ,,,,,
485,yes,NSv2pt2,Yes,,,USA,18,male,,USA 17 years,1,I30U-gNSC-p485-r1,0, , , , , ,,,,,
485,yes,NSv2pt2,Yes,,,USA,18,male,,USA 17 years,2,I30U-gNSC-p485-r2,0, , , , , ,,,,,
486,yes,NSv2pt2,Yes,,German,USA,36,male,,"Germany 2 years, South Korea 2 years",1,I30U-gNSC-p486-r1,0, , , , , ,,,,,
486,yes,NSv2pt2,Yes,,German,USA,36,male,,"Germany 2 years, South Korea 2 years",2,I30U-gNSC-p486-r2,0, , , , , ,,,,,
487,yes,NSv2pt2,Yes,,,USA,18,male,,USA 15 years,1,I30U-gNSC-p487-r1,0, , , , , ,,,,,
487,yes,NSv2pt2,Yes,,,USA,18,male,,USA 15 years,2,I30U-gNSC-p487-r2,0, , , , , ,,,,,
488,yes,NSv2pt2,Yes,,,USA,47,male,,USA 47 years,1,I30U-gNSC-p488-r1,0, , , , , ,,,,,
488,yes,NSv2pt2,Yes,,,USA,47,male,,USA 47 years,2,I30U-gNSC-p488-r2,0, , , , , ,,,,,
489,yes,NSv2pt2,Yes,,,USA,37,male,,Japan 1 year,1,I30U-gNSC-p489-r1,0, , , , , ,,,,,
489,yes,NSv2pt2,Yes,,,USA,37,male,,Japan 1 year,2,I30U-gNSC-p489-r2,0, , , , , ,,,,,
490,yes,NSv2pt2,Yes,,,,,,,0,1,I30U-gNSC-p490-r1,0, , , , , ,,,,,
490,yes,NSv2pt2,Yes,,,,,,,0,2,I30U-gNSC-p490-r2,0, , , , , ,,,,,
491,yes,NSv2pt2,Yes,,,USA,56,male,,0,1,I30U-gNSC-p491-r1,0, , , , , ,,,,,
491,yes,NSv2pt2,Yes,,,USA,56,male,,0,2,I30U-gNSC-p491-r2,0, , , , , ,,,,,
492,yes,NSv2pt2,Yes,,Spanish,USA,27,male,,USA 27 years,1,I30U-gNSC-p492-r1,0, , , , , ,,,,,
492,yes,NSv2pt2,Yes,,Spanish,USA,27,male,,USA 27 years,2,I30U-gNSC-p492-r2,0, , , , , ,,,,,
493,yes,NSv2pt2,Yes,,,USA,61,male,,0,1,I30U-gNSC-p493-r1,0, , , , , ,,,,,
493,yes,NSv2pt2,Yes,,,USA,61,male,,0,2,I30U-gNSC-p493-r2,0, , , , , ,,,,,
494,yes,NSv2pt2,Yes,,,America,63,male,,0,1,I30U-gNSC-p494-r1,0, , , , , ,,,,,
494,yes,NSv2pt2,Yes,,,America,63,male,,0,2,I30U-gNSC-p494-r2,0, , , , , ,,,,,
495,no,NSv1,Yes,English,,USA,52,male,na,"USA 52 years, UK (Britain) 4 months",1,I30U-gNSF-p495-r1,The woman is running.,1,1,1,1,1,1,1,1,1,1
495,no,NSv1,Yes,English,,USA,52,male,na,"USA 52 years, UK (Britain) 4 months",2,I30U-gNSF-p495-r2,The woman is jogging.,1,1,1,1,1,1,1,1,1,1
496,no,NSv1,Yes,English,,USA,25,female,na,USA 25 years,1,I30U-gNSF-p496-r1,The woman is getting in shape for beach season.,0,1,1,0,0,0,1,1,0,0
496,no,NSv1,Yes,English,,USA,25,female,na,USA 25 years,2,I30U-gNSF-p496-r2,She is running.,1,1,1,1,1,1,1,1,1,1
497,no,NSv1,Yes,English,Spanish,USA,51,female,na,USA 45 years,1,I30U-gNSF-p497-r1,A girl is running.,1,1,1,1,1,1,1,1,1,1
497,no,NSv1,Yes,English,Spanish,USA,51,female,na,USA 45 years,2,I30U-gNSF-p497-r2,A girl is jogging.,1,1,1,1,1,1,1,1,1,1
498,no,NSv2,Yes,English,Spanish,USA,30,male,na,USA 30 years,1,I30U-gNSF-p498-r1,0,,,,,,,,,,
498,no,NSv2,Yes,English,Spanish,USA,30,male,na,USA 30 years,2,I30U-gNSF-p498-r2,0,,,,,,,,,,
499,no,NSv2,Yes,English,,USA,28,male,na,USA 28 years,1,I30U-gNSF-p499-r1,0,,,,,,,,,,
499,no,NSv2,Yes,English,,USA,28,male,na,USA 28 years,2,I30U-gNSF-p499-r2,0,,,,,,,,,,
