ResponseID,Response,Core,Answer,Gramm,Interp,Verif,parse,ldh,ldx,lxh,xdh,xdx
I02T-gNSF-p142-r2,The boy is eating a slice of pizza.,1,1,1,1,1,"1	the	_	DT	DT	_	2	det	_	_
2	boy	_	NN	NN	_	4	nsubj	_	_
3	be	_	VBZ	VBZ	_	4	aux	_	_
4	eat	_	VBG	VBG	_	0	root	_	_
5	a	_	DT	DT	_	6	det	_	_
6	slice	_	NN	NN	_	4	dobj	_	_
7	of	_	IN	IN	_	0	erased	_	_
8	pizza	_	NN	NN	_	6	prep_of	_	_
9	.	_	.	.	_	4	punct	_	_","['det$@%the$@%boy', 'nsubj$@%boy$@%eat', 'aux$@%be$@%eat', 'root$@%eat$@%VROOT', 'det$@%a$@%slice', 'dobj$@%slice$@%eat', 'erased$@%of$@%WORDERASED', 'prep_of$@%pizza$@%slice', 'punct$@%.$@%eat']","['det$@%the$@%x', 'nsubj$@%boy$@%x', 'aux$@%be$@%x', 'root$@%eat$@%x', 'det$@%a$@%x', 'dobj$@%slice$@%x', 'erased$@%of$@%x', 'prep_of$@%pizza$@%x', 'punct$@%.$@%x']","['det$@%x$@%boy', 'nsubj$@%x$@%eat', 'aux$@%x$@%eat', 'root$@%x$@%VROOT', 'det$@%x$@%slice', 'dobj$@%x$@%eat', 'erased$@%x$@%WORDERASED', 'prep_of$@%x$@%slice', 'punct$@%x$@%eat']","['x$@%the$@%boy', 'x$@%boy$@%eat', 'x$@%be$@%eat', 'x$@%eat$@%VROOT', 'x$@%a$@%slice', 'x$@%slice$@%eat', 'x$@%of$@%WORDERASED', 'x$@%pizza$@%slice', 'x$@%.$@%eat']","['x$@%the$@%x', 'x$@%boy$@%x', 'x$@%be$@%x', 'x$@%eat$@%x', 'x$@%a$@%x', 'x$@%slice$@%x', 'x$@%of$@%x', 'x$@%pizza$@%x', 'x$@%.$@%x']"
I02T-gNSF-p145-r2,He is eating pizza. ,1,1,1,1,1,"1	he	_	PRP	PRP	_	3	nsubj	_	_
2	be	_	VBZ	VBZ	_	3	aux	_	_
3	eat	_	VBG	VBG	_	0	root	_	_
4	pizza	_	NN	NN	_	3	dobj	_	_
5	.	_	.	.	_	3	punct	_	_","['nsubj$@%he$@%eat', 'aux$@%be$@%eat', 'root$@%eat$@%VROOT', 'dobj$@%pizza$@%eat', 'punct$@%.$@%eat']","['nsubj$@%he$@%x', 'aux$@%be$@%x', 'root$@%eat$@%x', 'dobj$@%pizza$@%x', 'punct$@%.$@%x']","['nsubj$@%x$@%eat', 'aux$@%x$@%eat', 'root$@%x$@%VROOT', 'dobj$@%x$@%eat', 'punct$@%x$@%eat']","['x$@%he$@%eat', 'x$@%be$@%eat', 'x$@%eat$@%VROOT', 'x$@%pizza$@%eat', 'x$@%.$@%eat']","['x$@%he$@%x', 'x$@%be$@%x', 'x$@%eat$@%x', 'x$@%pizza$@%x', 'x$@%.$@%x']"
I02T-gNSF-p146-r2,The boy has his mouth open to consume pizza.,1,0,1,1,1,"1	the	_	DT	DT	_	2	det	_	_
2	boy	_	NN	NN	_	3	nsubj	_	_
3	have	_	VBZ	VBZ	_	0	root	_	_
4	he	_	PRP$	PRP$	_	5	poss	_	_
5	mouth	_	NN	NN	_	3	dobj	_	_
6	open	_	JJ	JJ	_	5	amod	_	_
7	to	_	TO	TO	_	8	aux	_	_
8	consume	_	VB	VB	_	6	xcomp	_	_
9	pizza	_	NN	NN	_	8	dobj	_	_
10	.	_	.	.	_	3	punct	_	_","['det$@%the$@%boy', 'nsubj$@%boy$@%have', 'root$@%have$@%VROOT', 'poss$@%he$@%mouth', 'dobj$@%mouth$@%have', 'amod$@%open$@%mouth', 'aux$@%to$@%consume', 'xcomp$@%consume$@%open', 'dobj$@%pizza$@%consume', 'punct$@%.$@%have']","['det$@%the$@%x', 'nsubj$@%boy$@%x', 'root$@%have$@%x', 'poss$@%he$@%x', 'dobj$@%mouth$@%x', 'amod$@%open$@%x', 'aux$@%to$@%x', 'xcomp$@%consume$@%x', 'dobj$@%pizza$@%x', 'punct$@%.$@%x']","['det$@%x$@%boy', 'nsubj$@%x$@%have', 'root$@%x$@%VROOT', 'poss$@%x$@%mouth', 'dobj$@%x$@%have', 'amod$@%x$@%mouth', 'aux$@%x$@%consume', 'xcomp$@%x$@%open', 'dobj$@%x$@%consume', 'punct$@%x$@%have']","['x$@%the$@%boy', 'x$@%boy$@%have', 'x$@%have$@%VROOT', 'x$@%he$@%mouth', 'x$@%mouth$@%have', 'x$@%open$@%mouth', 'x$@%to$@%consume', 'x$@%consume$@%open', 'x$@%pizza$@%consume', 'x$@%.$@%have']","['x$@%the$@%x', 'x$@%boy$@%x', 'x$@%have$@%x', 'x$@%he$@%x', 'x$@%mouth$@%x', 'x$@%open$@%x', 'x$@%to$@%x', 'x$@%consume$@%x', 'x$@%pizza$@%x', 'x$@%.$@%x']"
I02T-gNSF-p147-r2,The boy is excited to eat pizza. ,1,0,1,1,1,"1	the	_	DT	DT	_	2	det	_	_
2	boy	_	NN	NN	_	4	nsubj	_	_
3	be	_	VBZ	VBZ	_	4	cop	_	_
4	excite	_	JJ	JJ	_	0	root	_	_
5	to	_	TO	TO	_	6	aux	_	_
6	eat	_	VB	VB	_	4	xcomp	_	_
7	pizza	_	NN	NN	_	6	dobj	_	_
8	.	_	.	.	_	4	punct	_	_","['det$@%the$@%boy', 'nsubj$@%boy$@%excite', 'cop$@%be$@%excite', 'root$@%excite$@%VROOT', 'aux$@%to$@%eat', 'xcomp$@%eat$@%excite', 'dobj$@%pizza$@%eat', 'punct$@%.$@%excite']","['det$@%the$@%x', 'nsubj$@%boy$@%x', 'cop$@%be$@%x', 'root$@%excite$@%x', 'aux$@%to$@%x', 'xcomp$@%eat$@%x', 'dobj$@%pizza$@%x', 'punct$@%.$@%x']","['det$@%x$@%boy', 'nsubj$@%x$@%excite', 'cop$@%x$@%excite', 'root$@%x$@%VROOT', 'aux$@%x$@%eat', 'xcomp$@%x$@%excite', 'dobj$@%x$@%eat', 'punct$@%x$@%excite']","['x$@%the$@%boy', 'x$@%boy$@%excite', 'x$@%be$@%excite', 'x$@%excite$@%VROOT', 'x$@%to$@%eat', 'x$@%eat$@%excite', 'x$@%pizza$@%eat', 'x$@%.$@%excite']","['x$@%the$@%x', 'x$@%boy$@%x', 'x$@%be$@%x', 'x$@%excite$@%x', 'x$@%to$@%x', 'x$@%eat$@%x', 'x$@%pizza$@%x', 'x$@%.$@%x']"
I02T-gNSF-p148-r2,The kid is eating pizza.,1,0,1,1,1,"1	the	_	DT	DT	_	2	det	_	_
2	kid	_	NN	NN	_	4	nsubj	_	_
3	be	_	VBZ	VBZ	_	4	aux	_	_
4	eat	_	VBG	VBG	_	0	root	_	_
5	pizza	_	NN	NN	_	4	dobj	_	_
6	.	_	.	.	_	4	punct	_	_","['det$@%the$@%kid', 'nsubj$@%kid$@%eat', 'aux$@%be$@%eat', 'root$@%eat$@%VROOT', 'dobj$@%pizza$@%eat', 'punct$@%.$@%eat']","['det$@%the$@%x', 'nsubj$@%kid$@%x', 'aux$@%be$@%x', 'root$@%eat$@%x', 'dobj$@%pizza$@%x', 'punct$@%.$@%x']","['det$@%x$@%kid', 'nsubj$@%x$@%eat', 'aux$@%x$@%eat', 'root$@%x$@%VROOT', 'dobj$@%x$@%eat', 'punct$@%x$@%eat']","['x$@%the$@%kid', 'x$@%kid$@%eat', 'x$@%be$@%eat', 'x$@%eat$@%VROOT', 'x$@%pizza$@%eat', 'x$@%.$@%eat']","['x$@%the$@%x', 'x$@%kid$@%x', 'x$@%be$@%x', 'x$@%eat$@%x', 'x$@%pizza$@%x', 'x$@%.$@%x']"
I02T-gNSF-p149-r2,The boy is gleefully enjoying a slice of pizza. ,1,1,1,1,1,"1	the	_	DT	DT	_	2	det	_	_
2	boy	_	NN	NN	_	5	nsubj	_	_
3	be	_	VBZ	VBZ	_	5	aux	_	_
4	gleefully	_	RB	RB	_	5	advmod	_	_
5	enjoy	_	VBG	VBG	_	0	root	_	_
6	a	_	DT	DT	_	7	det	_	_
7	slice	_	NN	NN	_	5	dobj	_	_
8	of	_	IN	IN	_	0	erased	_	_
9	pizza	_	NN	NN	_	7	prep_of	_	_
10	.	_	.	.	_	5	punct	_	_","['det$@%the$@%boy', 'nsubj$@%boy$@%enjoy', 'aux$@%be$@%enjoy', 'advmod$@%gleefully$@%enjoy', 'root$@%enjoy$@%VROOT', 'det$@%a$@%slice', 'dobj$@%slice$@%enjoy', 'erased$@%of$@%WORDERASED', 'prep_of$@%pizza$@%slice', 'punct$@%.$@%enjoy']","['det$@%the$@%x', 'nsubj$@%boy$@%x', 'aux$@%be$@%x', 'advmod$@%gleefully$@%x', 'root$@%enjoy$@%x', 'det$@%a$@%x', 'dobj$@%slice$@%x', 'erased$@%of$@%x', 'prep_of$@%pizza$@%x', 'punct$@%.$@%x']","['det$@%x$@%boy', 'nsubj$@%x$@%enjoy', 'aux$@%x$@%enjoy', 'advmod$@%x$@%enjoy', 'root$@%x$@%VROOT', 'det$@%x$@%slice', 'dobj$@%x$@%enjoy', 'erased$@%x$@%WORDERASED', 'prep_of$@%x$@%slice', 'punct$@%x$@%enjoy']","['x$@%the$@%boy', 'x$@%boy$@%enjoy', 'x$@%be$@%enjoy', 'x$@%gleefully$@%enjoy', 'x$@%enjoy$@%VROOT', 'x$@%a$@%slice', 'x$@%slice$@%enjoy', 'x$@%of$@%WORDERASED', 'x$@%pizza$@%slice', 'x$@%.$@%enjoy']","['x$@%the$@%x', 'x$@%boy$@%x', 'x$@%be$@%x', 'x$@%gleefully$@%x', 'x$@%enjoy$@%x', 'x$@%a$@%x', 'x$@%slice$@%x', 'x$@%of$@%x', 'x$@%pizza$@%x', 'x$@%.$@%x']"
I02T-gNSF-p150-r2,The boy is eating pizza.,1,1,1,1,1,"1	the	_	DT	DT	_	2	det	_	_
2	boy	_	NN	NN	_	4	nsubj	_	_
3	be	_	VBZ	VBZ	_	4	aux	_	_
4	eat	_	VBG	VBG	_	0	root	_	_
5	pizza	_	NN	NN	_	4	dobj	_	_
6	.	_	.	.	_	4	punct	_	_","['det$@%the$@%boy', 'nsubj$@%boy$@%eat', 'aux$@%be$@%eat', 'root$@%eat$@%VROOT', 'dobj$@%pizza$@%eat', 'punct$@%.$@%eat']","['det$@%the$@%x', 'nsubj$@%boy$@%x', 'aux$@%be$@%x', 'root$@%eat$@%x', 'dobj$@%pizza$@%x', 'punct$@%.$@%x']","['det$@%x$@%boy', 'nsubj$@%x$@%eat', 'aux$@%x$@%eat', 'root$@%x$@%VROOT', 'dobj$@%x$@%eat', 'punct$@%x$@%eat']","['x$@%the$@%boy', 'x$@%boy$@%eat', 'x$@%be$@%eat', 'x$@%eat$@%VROOT', 'x$@%pizza$@%eat', 'x$@%.$@%eat']","['x$@%the$@%x', 'x$@%boy$@%x', 'x$@%be$@%x', 'x$@%eat$@%x', 'x$@%pizza$@%x', 'x$@%.$@%x']"
I02T-gNSC-p152-r2,The boy appears to be savoring his first bite of a slice of pizza,1,1,1,1,1,"1	the	_	DT	DT	_	2	det	_	_
2	boy	_	NN	NN	_	6	xsubj	_	_
3	appear	_	VBZ	VBZ	_	0	root	_	_
4	to	_	TO	TO	_	6	aux	_	_
5	be	_	VB	VB	_	6	aux	_	_
6	savor	_	VBG	VBG	_	3	xcomp	_	_
7	he	_	PRP$	PRP$	_	9	poss	_	_
8	first	_	JJ	JJ	_	9	amod	_	_
9	bite	_	NN	NN	_	6	dobj	_	_
10	of	_	IN	IN	_	0	erased	_	_
11	a	_	DT	DT	_	12	det	_	_
12	slice	_	NN	NN	_	9	prep_of	_	_
13	of	_	IN	IN	_	0	erased	_	_
14	pizza	_	NN	NN	_	12	prep_of	_	_
15	.	_	.	.	_	3	punct	_	_","['det$@%the$@%boy', 'xsubj$@%boy$@%savor', 'root$@%appear$@%VROOT', 'aux$@%to$@%savor', 'aux$@%be$@%savor', 'xcomp$@%savor$@%appear', 'poss$@%he$@%bite', 'amod$@%first$@%bite', 'dobj$@%bite$@%savor', 'erased$@%of$@%WORDERASED', 'det$@%a$@%slice', 'prep_of$@%slice$@%bite', 'erased$@%of$@%WORDERASED', 'prep_of$@%pizza$@%slice', 'punct$@%.$@%appear']","['det$@%the$@%x', 'xsubj$@%boy$@%x', 'root$@%appear$@%x', 'aux$@%to$@%x', 'aux$@%be$@%x', 'xcomp$@%savor$@%x', 'poss$@%he$@%x', 'amod$@%first$@%x', 'dobj$@%bite$@%x', 'erased$@%of$@%x', 'det$@%a$@%x', 'prep_of$@%slice$@%x', 'erased$@%of$@%x', 'prep_of$@%pizza$@%x', 'punct$@%.$@%x']","['det$@%x$@%boy', 'xsubj$@%x$@%savor', 'root$@%x$@%VROOT', 'aux$@%x$@%savor', 'aux$@%x$@%savor', 'xcomp$@%x$@%appear', 'poss$@%x$@%bite', 'amod$@%x$@%bite', 'dobj$@%x$@%savor', 'erased$@%x$@%WORDERASED', 'det$@%x$@%slice', 'prep_of$@%x$@%bite', 'erased$@%x$@%WORDERASED', 'prep_of$@%x$@%slice', 'punct$@%x$@%appear']","['x$@%the$@%boy', 'x$@%boy$@%savor', 'x$@%appear$@%VROOT', 'x$@%to$@%savor', 'x$@%be$@%savor', 'x$@%savor$@%appear', 'x$@%he$@%bite', 'x$@%first$@%bite', 'x$@%bite$@%savor', 'x$@%of$@%WORDERASED', 'x$@%a$@%slice', 'x$@%slice$@%bite', 'x$@%of$@%WORDERASED', 'x$@%pizza$@%slice', 'x$@%.$@%appear']","['x$@%the$@%x', 'x$@%boy$@%x', 'x$@%appear$@%x', 'x$@%to$@%x', 'x$@%be$@%x', 'x$@%savor$@%x', 'x$@%he$@%x', 'x$@%first$@%x', 'x$@%bite$@%x', 'x$@%of$@%x', 'x$@%a$@%x', 'x$@%slice$@%x', 'x$@%of$@%x', 'x$@%pizza$@%x', 'x$@%.$@%x']"
I02T-gNSC-p153-r2,While standing up ,0,0,0,0,0,"1	while	_	IN	IN	_	2	mark	_	_
2	stand	_	VBG	VBG	_	0	root	_	_
3	up	_	RP	RP	_	2	prt	_	_
4	.	_	.	.	_	2	punct	_	_","['mark$@%while$@%stand', 'root$@%stand$@%VROOT', 'prt$@%up$@%stand', 'punct$@%.$@%stand']","['mark$@%while$@%x', 'root$@%stand$@%x', 'prt$@%up$@%x', 'punct$@%.$@%x']","['mark$@%x$@%stand', 'root$@%x$@%VROOT', 'prt$@%x$@%stand', 'punct$@%x$@%stand']","['x$@%while$@%stand', 'x$@%stand$@%VROOT', 'x$@%up$@%stand', 'x$@%.$@%stand']","['x$@%while$@%x', 'x$@%stand$@%x', 'x$@%up$@%x', 'x$@%.$@%x']"
I02T-gNSC-p159-r2, THE boy is standing eating pizza.,1,1,1,1,1,"1	the	_	DT	DT	_	2	det	_	_
2	boy	_	NN	NN	_	4	nsubj	_	_
3	be	_	VBZ	VBZ	_	4	aux	_	_
4	stand	_	VBG	VBG	_	0	root	_	_
5	eat	_	VBG	VBG	_	4	xcomp	_	_
6	pizza	_	NN	NN	_	5	dobj	_	_
7	.	_	.	.	_	4	punct	_	_","['det$@%the$@%boy', 'nsubj$@%boy$@%stand', 'aux$@%be$@%stand', 'root$@%stand$@%VROOT', 'xcomp$@%eat$@%stand', 'dobj$@%pizza$@%eat', 'punct$@%.$@%stand']","['det$@%the$@%x', 'nsubj$@%boy$@%x', 'aux$@%be$@%x', 'root$@%stand$@%x', 'xcomp$@%eat$@%x', 'dobj$@%pizza$@%x', 'punct$@%.$@%x']","['det$@%x$@%boy', 'nsubj$@%x$@%stand', 'aux$@%x$@%stand', 'root$@%x$@%VROOT', 'xcomp$@%x$@%stand', 'dobj$@%x$@%eat', 'punct$@%x$@%stand']","['x$@%the$@%boy', 'x$@%boy$@%stand', 'x$@%be$@%stand', 'x$@%stand$@%VROOT', 'x$@%eat$@%stand', 'x$@%pizza$@%eat', 'x$@%.$@%stand']","['x$@%the$@%x', 'x$@%boy$@%x', 'x$@%be$@%x', 'x$@%stand$@%x', 'x$@%eat$@%x', 'x$@%pizza$@%x', 'x$@%.$@%x']"
I02T-gNSC-p162-r2,Enjoying pizza,1,1,1,1,1,"1	enjoy	_	VBG	VBG	_	0	root	_	_
2	pizza	_	NN	NN	_	1	dobj	_	_
3	.	_	.	.	_	1	punct	_	_","['root$@%enjoy$@%VROOT', 'dobj$@%pizza$@%enjoy', 'punct$@%.$@%enjoy']","['root$@%enjoy$@%x', 'dobj$@%pizza$@%x', 'punct$@%.$@%x']","['root$@%x$@%VROOT', 'dobj$@%x$@%enjoy', 'punct$@%x$@%enjoy']","['x$@%enjoy$@%VROOT', 'x$@%pizza$@%enjoy', 'x$@%.$@%enjoy']","['x$@%enjoy$@%x', 'x$@%pizza$@%x', 'x$@%.$@%x']"
I02T-gNSC-p163-r2,He is looking at the pizza,0,1,1,1,1,"1	he	_	PRP	PRP	_	3	nsubj	_	_
2	be	_	VBZ	VBZ	_	3	aux	_	_
3	look	_	VBG	VBG	_	0	root	_	_
4	at	_	IN	IN	_	0	erased	_	_
5	the	_	DT	DT	_	6	det	_	_
6	pizza	_	NN	NN	_	3	prep_at	_	_
7	.	_	.	.	_	3	punct	_	_","['nsubj$@%he$@%look', 'aux$@%be$@%look', 'root$@%look$@%VROOT', 'erased$@%at$@%WORDERASED', 'det$@%the$@%pizza', 'prep_at$@%pizza$@%look', 'punct$@%.$@%look']","['nsubj$@%he$@%x', 'aux$@%be$@%x', 'root$@%look$@%x', 'erased$@%at$@%x', 'det$@%the$@%x', 'prep_at$@%pizza$@%x', 'punct$@%.$@%x']","['nsubj$@%x$@%look', 'aux$@%x$@%look', 'root$@%x$@%VROOT', 'erased$@%x$@%WORDERASED', 'det$@%x$@%pizza', 'prep_at$@%x$@%look', 'punct$@%x$@%look']","['x$@%he$@%look', 'x$@%be$@%look', 'x$@%look$@%VROOT', 'x$@%at$@%WORDERASED', 'x$@%the$@%pizza', 'x$@%pizza$@%look', 'x$@%.$@%look']","['x$@%he$@%x', 'x$@%be$@%x', 'x$@%look$@%x', 'x$@%at$@%x', 'x$@%the$@%x', 'x$@%pizza$@%x', 'x$@%.$@%x']"
I02T-gNSC-p168-r2,The boy is eating lunch.,0,1,1,1,0,"1	the	_	DT	DT	_	2	det	_	_
2	boy	_	NN	NN	_	4	nsubj	_	_
3	be	_	VBZ	VBZ	_	4	aux	_	_
4	eat	_	VBG	VBG	_	0	root	_	_
5	lunch	_	NN	NN	_	4	dobj	_	_
6	.	_	.	.	_	4	punct	_	_","['det$@%the$@%boy', 'nsubj$@%boy$@%eat', 'aux$@%be$@%eat', 'root$@%eat$@%VROOT', 'dobj$@%lunch$@%eat', 'punct$@%.$@%eat']","['det$@%the$@%x', 'nsubj$@%boy$@%x', 'aux$@%be$@%x', 'root$@%eat$@%x', 'dobj$@%lunch$@%x', 'punct$@%.$@%x']","['det$@%x$@%boy', 'nsubj$@%x$@%eat', 'aux$@%x$@%eat', 'root$@%x$@%VROOT', 'dobj$@%x$@%eat', 'punct$@%x$@%eat']","['x$@%the$@%boy', 'x$@%boy$@%eat', 'x$@%be$@%eat', 'x$@%eat$@%VROOT', 'x$@%lunch$@%eat', 'x$@%.$@%eat']","['x$@%the$@%x', 'x$@%boy$@%x', 'x$@%be$@%x', 'x$@%eat$@%x', 'x$@%lunch$@%x', 'x$@%.$@%x']"
I02T-gNSC-p169-r2,the boy is having lunch,0,1,1,1,1,"1	the	_	DT	DT	_	2	det	_	_
2	boy	_	NN	NN	_	4	nsubj	_	_
3	be	_	VBZ	VBZ	_	4	aux	_	_
4	have	_	VBG	VBG	_	0	root	_	_
5	lunch	_	VB	VB	_	4	dobj	_	_
6	.	_	.	.	_	4	punct	_	_","['det$@%the$@%boy', 'nsubj$@%boy$@%have', 'aux$@%be$@%have', 'root$@%have$@%VROOT', 'dobj$@%lunch$@%have', 'punct$@%.$@%have']","['det$@%the$@%x', 'nsubj$@%boy$@%x', 'aux$@%be$@%x', 'root$@%have$@%x', 'dobj$@%lunch$@%x', 'punct$@%.$@%x']","['det$@%x$@%boy', 'nsubj$@%x$@%have', 'aux$@%x$@%have', 'root$@%x$@%VROOT', 'dobj$@%x$@%have', 'punct$@%x$@%have']","['x$@%the$@%boy', 'x$@%boy$@%have', 'x$@%be$@%have', 'x$@%have$@%VROOT', 'x$@%lunch$@%have', 'x$@%.$@%have']","['x$@%the$@%x', 'x$@%boy$@%x', 'x$@%be$@%x', 'x$@%have$@%x', 'x$@%lunch$@%x', 'x$@%.$@%x']"
I02T-gNSC-p170-r2,The boy is holding a slice of pizza.,0,1,1,1,1,"1	the	_	DT	DT	_	2	det	_	_
2	boy	_	NN	NN	_	4	nsubj	_	_
3	be	_	VBZ	VBZ	_	4	aux	_	_
4	hold	_	VBG	VBG	_	0	root	_	_
5	a	_	DT	DT	_	6	det	_	_
6	slice	_	NN	NN	_	4	dobj	_	_
7	of	_	IN	IN	_	0	erased	_	_
8	pizza	_	NN	NN	_	6	prep_of	_	_
9	.	_	.	.	_	4	punct	_	_","['det$@%the$@%boy', 'nsubj$@%boy$@%hold', 'aux$@%be$@%hold', 'root$@%hold$@%VROOT', 'det$@%a$@%slice', 'dobj$@%slice$@%hold', 'erased$@%of$@%WORDERASED', 'prep_of$@%pizza$@%slice', 'punct$@%.$@%hold']","['det$@%the$@%x', 'nsubj$@%boy$@%x', 'aux$@%be$@%x', 'root$@%hold$@%x', 'det$@%a$@%x', 'dobj$@%slice$@%x', 'erased$@%of$@%x', 'prep_of$@%pizza$@%x', 'punct$@%.$@%x']","['det$@%x$@%boy', 'nsubj$@%x$@%hold', 'aux$@%x$@%hold', 'root$@%x$@%VROOT', 'det$@%x$@%slice', 'dobj$@%x$@%hold', 'erased$@%x$@%WORDERASED', 'prep_of$@%x$@%slice', 'punct$@%x$@%hold']","['x$@%the$@%boy', 'x$@%boy$@%hold', 'x$@%be$@%hold', 'x$@%hold$@%VROOT', 'x$@%a$@%slice', 'x$@%slice$@%hold', 'x$@%of$@%WORDERASED', 'x$@%pizza$@%slice', 'x$@%.$@%hold']","['x$@%the$@%x', 'x$@%boy$@%x', 'x$@%be$@%x', 'x$@%hold$@%x', 'x$@%a$@%x', 'x$@%slice$@%x', 'x$@%of$@%x', 'x$@%pizza$@%x', 'x$@%.$@%x']"
I02T-gNSC-p171-r2,The child is enjoying a snack.,0,0,1,1,0,"1	the	_	DT	DT	_	2	det	_	_
2	child	_	NN	NN	_	4	nsubj	_	_
3	be	_	VBZ	VBZ	_	4	aux	_	_
4	enjoy	_	VBG	VBG	_	0	root	_	_
5	a	_	DT	DT	_	6	det	_	_
6	snack	_	NN	NN	_	4	dobj	_	_
7	.	_	.	.	_	4	punct	_	_","['det$@%the$@%child', 'nsubj$@%child$@%enjoy', 'aux$@%be$@%enjoy', 'root$@%enjoy$@%VROOT', 'det$@%a$@%snack', 'dobj$@%snack$@%enjoy', 'punct$@%.$@%enjoy']","['det$@%the$@%x', 'nsubj$@%child$@%x', 'aux$@%be$@%x', 'root$@%enjoy$@%x', 'det$@%a$@%x', 'dobj$@%snack$@%x', 'punct$@%.$@%x']","['det$@%x$@%child', 'nsubj$@%x$@%enjoy', 'aux$@%x$@%enjoy', 'root$@%x$@%VROOT', 'det$@%x$@%snack', 'dobj$@%x$@%enjoy', 'punct$@%x$@%enjoy']","['x$@%the$@%child', 'x$@%child$@%enjoy', 'x$@%be$@%enjoy', 'x$@%enjoy$@%VROOT', 'x$@%a$@%snack', 'x$@%snack$@%enjoy', 'x$@%.$@%enjoy']","['x$@%the$@%x', 'x$@%child$@%x', 'x$@%be$@%x', 'x$@%enjoy$@%x', 'x$@%a$@%x', 'x$@%snack$@%x', 'x$@%.$@%x']"
I02T-gNSC-p172-r2,hungry,0,0,0,0,0,"1	hungry	_	JJ	JJ	_	0	root	_	_
2	.	_	.	.	_	1	punct	_	_","['root$@%hungry$@%VROOT', 'punct$@%.$@%hungry']","['root$@%hungry$@%x', 'punct$@%.$@%x']","['root$@%x$@%VROOT', 'punct$@%x$@%hungry']","['x$@%hungry$@%VROOT', 'x$@%.$@%hungry']","['x$@%hungry$@%x', 'x$@%.$@%x']"
I02T-gNSC-p173-r2,His mouth is watering. ,0,0,1,1,0,"1	he	_	PRP$	PRP$	_	2	poss	_	_
2	mouth	_	NN	NN	_	4	nsubj	_	_
3	be	_	VBZ	VBZ	_	4	aux	_	_
4	water	_	VBG	VBG	_	0	root	_	_
5	.	_	.	.	_	4	punct	_	_","['poss$@%he$@%mouth', 'nsubj$@%mouth$@%water', 'aux$@%be$@%water', 'root$@%water$@%VROOT', 'punct$@%.$@%water']","['poss$@%he$@%x', 'nsubj$@%mouth$@%x', 'aux$@%be$@%x', 'root$@%water$@%x', 'punct$@%.$@%x']","['poss$@%x$@%mouth', 'nsubj$@%x$@%water', 'aux$@%x$@%water', 'root$@%x$@%VROOT', 'punct$@%x$@%water']","['x$@%he$@%mouth', 'x$@%mouth$@%water', 'x$@%be$@%water', 'x$@%water$@%VROOT', 'x$@%.$@%water']","['x$@%he$@%x', 'x$@%mouth$@%x', 'x$@%be$@%x', 'x$@%water$@%x', 'x$@%.$@%x']"
I02T-gNSC-p174-r2,The boy is about to eat a pizza. ,1,1,1,1,1,"1	the	_	DT	DT	_	2	det	_	_
2	boy	_	NN	NN	_	6	xsubj	_	_
3	be	_	VBZ	VBZ	_	4	aux	_	_
4	about	_	IN	IN	_	0	root	_	_
5	to	_	TO	TO	_	6	aux	_	_
6	eat	_	VB	VB	_	4	xcomp	_	_
7	a	_	DT	DT	_	8	det	_	_
8	pizza	_	NN	NN	_	6	dobj	_	_
9	.	_	.	.	_	4	punct	_	_","['det$@%the$@%boy', 'xsubj$@%boy$@%eat', 'aux$@%be$@%about', 'root$@%about$@%VROOT', 'aux$@%to$@%eat', 'xcomp$@%eat$@%about', 'det$@%a$@%pizza', 'dobj$@%pizza$@%eat', 'punct$@%.$@%about']","['det$@%the$@%x', 'xsubj$@%boy$@%x', 'aux$@%be$@%x', 'root$@%about$@%x', 'aux$@%to$@%x', 'xcomp$@%eat$@%x', 'det$@%a$@%x', 'dobj$@%pizza$@%x', 'punct$@%.$@%x']","['det$@%x$@%boy', 'xsubj$@%x$@%eat', 'aux$@%x$@%about', 'root$@%x$@%VROOT', 'aux$@%x$@%eat', 'xcomp$@%x$@%about', 'det$@%x$@%pizza', 'dobj$@%x$@%eat', 'punct$@%x$@%about']","['x$@%the$@%boy', 'x$@%boy$@%eat', 'x$@%be$@%about', 'x$@%about$@%VROOT', 'x$@%to$@%eat', 'x$@%eat$@%about', 'x$@%a$@%pizza', 'x$@%pizza$@%eat', 'x$@%.$@%about']","['x$@%the$@%x', 'x$@%boy$@%x', 'x$@%be$@%x', 'x$@%about$@%x', 'x$@%to$@%x', 'x$@%eat$@%x', 'x$@%a$@%x', 'x$@%pizza$@%x', 'x$@%.$@%x']"
I02T-gNSC-p175-r2,The boy is ready to take a bite out of a piece of pizza.,1,1,1,1,1,"1	the	_	DT	DT	_	2	det	_	_
2	boy	_	NN	NN	_	4	nsubj	_	_
3	be	_	VBZ	VBZ	_	4	cop	_	_
4	ready	_	JJ	JJ	_	0	root	_	_
5	to	_	TO	TO	_	6	aux	_	_
6	take	_	VB	VB	_	4	xcomp	_	_
7	a	_	DT	DT	_	8	det	_	_
8	bite	_	NN	NN	_	6	dobj	_	_
9	out	_	RP	RP	_	0	erased	_	_
10	of	_	IN	IN	_	0	erased	_	_
11	a	_	DT	DT	_	12	det	_	_
12	piece	_	NN	NN	_	6	prep_out_of	_	_
13	of	_	IN	IN	_	0	erased	_	_
14	pizza	_	NN	NN	_	12	prep_of	_	_
15	.	_	.	.	_	4	punct	_	_","['det$@%the$@%boy', 'nsubj$@%boy$@%ready', 'cop$@%be$@%ready', 'root$@%ready$@%VROOT', 'aux$@%to$@%take', 'xcomp$@%take$@%ready', 'det$@%a$@%bite', 'dobj$@%bite$@%take', 'erased$@%out$@%WORDERASED', 'erased$@%of$@%WORDERASED', 'det$@%a$@%piece', 'prep_out_of$@%piece$@%take', 'erased$@%of$@%WORDERASED', 'prep_of$@%pizza$@%piece', 'punct$@%.$@%ready']","['det$@%the$@%x', 'nsubj$@%boy$@%x', 'cop$@%be$@%x', 'root$@%ready$@%x', 'aux$@%to$@%x', 'xcomp$@%take$@%x', 'det$@%a$@%x', 'dobj$@%bite$@%x', 'erased$@%out$@%x', 'erased$@%of$@%x', 'det$@%a$@%x', 'prep_out_of$@%piece$@%x', 'erased$@%of$@%x', 'prep_of$@%pizza$@%x', 'punct$@%.$@%x']","['det$@%x$@%boy', 'nsubj$@%x$@%ready', 'cop$@%x$@%ready', 'root$@%x$@%VROOT', 'aux$@%x$@%take', 'xcomp$@%x$@%ready', 'det$@%x$@%bite', 'dobj$@%x$@%take', 'erased$@%x$@%WORDERASED', 'erased$@%x$@%WORDERASED', 'det$@%x$@%piece', 'prep_out_of$@%x$@%take', 'erased$@%x$@%WORDERASED', 'prep_of$@%x$@%piece', 'punct$@%x$@%ready']","['x$@%the$@%boy', 'x$@%boy$@%ready', 'x$@%be$@%ready', 'x$@%ready$@%VROOT', 'x$@%to$@%take', 'x$@%take$@%ready', 'x$@%a$@%bite', 'x$@%bite$@%take', 'x$@%out$@%WORDERASED', 'x$@%of$@%WORDERASED', 'x$@%a$@%piece', 'x$@%piece$@%take', 'x$@%of$@%WORDERASED', 'x$@%pizza$@%piece', 'x$@%.$@%ready']","['x$@%the$@%x', 'x$@%boy$@%x', 'x$@%be$@%x', 'x$@%ready$@%x', 'x$@%to$@%x', 'x$@%take$@%x', 'x$@%a$@%x', 'x$@%bite$@%x', 'x$@%out$@%x', 'x$@%of$@%x', 'x$@%a$@%x', 'x$@%piece$@%x', 'x$@%of$@%x', 'x$@%pizza$@%x', 'x$@%.$@%x']"
I02T-gNSC-p176-r2,Enjoying it,0,1,1,0,0,"1	enjoy	_	VBG	VBG	_	0	root	_	_
2	it	_	PRP	PRP	_	1	dobj	_	_
3	.	_	.	.	_	1	punct	_	_","['root$@%enjoy$@%VROOT', 'dobj$@%it$@%enjoy', 'punct$@%.$@%enjoy']","['root$@%enjoy$@%x', 'dobj$@%it$@%x', 'punct$@%.$@%x']","['root$@%x$@%VROOT', 'dobj$@%x$@%enjoy', 'punct$@%x$@%enjoy']","['x$@%enjoy$@%VROOT', 'x$@%it$@%enjoy', 'x$@%.$@%enjoy']","['x$@%enjoy$@%x', 'x$@%it$@%x', 'x$@%.$@%x']"
I02T-gNSC-p177-r2,The boy is eating.,0,1,1,1,1,"1	the	_	DT	DT	_	2	det	_	_
2	boy	_	NN	NN	_	4	nsubj	_	_
3	be	_	VBZ	VBZ	_	4	aux	_	_
4	eat	_	VBG	VBG	_	0	root	_	_
5	.	_	.	.	_	4	punct	_	_","['det$@%the$@%boy', 'nsubj$@%boy$@%eat', 'aux$@%be$@%eat', 'root$@%eat$@%VROOT', 'punct$@%.$@%eat']","['det$@%the$@%x', 'nsubj$@%boy$@%x', 'aux$@%be$@%x', 'root$@%eat$@%x', 'punct$@%.$@%x']","['det$@%x$@%boy', 'nsubj$@%x$@%eat', 'aux$@%x$@%eat', 'root$@%x$@%VROOT', 'punct$@%x$@%eat']","['x$@%the$@%boy', 'x$@%boy$@%eat', 'x$@%be$@%eat', 'x$@%eat$@%VROOT', 'x$@%.$@%eat']","['x$@%the$@%x', 'x$@%boy$@%x', 'x$@%be$@%x', 'x$@%eat$@%x', 'x$@%.$@%x']"
I02T-gNSC-p181-r2,eating pizza,1,1,1,1,1,"1	eat	_	VBG	VBG	_	0	root	_	_
2	pizza	_	NN	NN	_	1	dobj	_	_
3	.	_	.	.	_	1	punct	_	_","['root$@%eat$@%VROOT', 'dobj$@%pizza$@%eat', 'punct$@%.$@%eat']","['root$@%eat$@%x', 'dobj$@%pizza$@%x', 'punct$@%.$@%x']","['root$@%x$@%VROOT', 'dobj$@%x$@%eat', 'punct$@%x$@%eat']","['x$@%eat$@%VROOT', 'x$@%pizza$@%eat', 'x$@%.$@%eat']","['x$@%eat$@%x', 'x$@%pizza$@%x', 'x$@%.$@%x']"
I02T-gNSC-p187-r2,The boy is having a slice of pizza.,1,1,1,1,1,"1	the	_	DT	DT	_	2	det	_	_
2	boy	_	NN	NN	_	4	nsubj	_	_
3	be	_	VBZ	VBZ	_	4	aux	_	_
4	have	_	VBG	VBG	_	0	root	_	_
5	a	_	DT	DT	_	6	det	_	_
6	slice	_	NN	NN	_	4	dobj	_	_
7	of	_	IN	IN	_	0	erased	_	_
8	pizza	_	NN	NN	_	6	prep_of	_	_
9	.	_	.	.	_	4	punct	_	_","['det$@%the$@%boy', 'nsubj$@%boy$@%have', 'aux$@%be$@%have', 'root$@%have$@%VROOT', 'det$@%a$@%slice', 'dobj$@%slice$@%have', 'erased$@%of$@%WORDERASED', 'prep_of$@%pizza$@%slice', 'punct$@%.$@%have']","['det$@%the$@%x', 'nsubj$@%boy$@%x', 'aux$@%be$@%x', 'root$@%have$@%x', 'det$@%a$@%x', 'dobj$@%slice$@%x', 'erased$@%of$@%x', 'prep_of$@%pizza$@%x', 'punct$@%.$@%x']","['det$@%x$@%boy', 'nsubj$@%x$@%have', 'aux$@%x$@%have', 'root$@%x$@%VROOT', 'det$@%x$@%slice', 'dobj$@%x$@%have', 'erased$@%x$@%WORDERASED', 'prep_of$@%x$@%slice', 'punct$@%x$@%have']","['x$@%the$@%boy', 'x$@%boy$@%have', 'x$@%be$@%have', 'x$@%have$@%VROOT', 'x$@%a$@%slice', 'x$@%slice$@%have', 'x$@%of$@%WORDERASED', 'x$@%pizza$@%slice', 'x$@%.$@%have']","['x$@%the$@%x', 'x$@%boy$@%x', 'x$@%be$@%x', 'x$@%have$@%x', 'x$@%a$@%x', 'x$@%slice$@%x', 'x$@%of$@%x', 'x$@%pizza$@%x', 'x$@%.$@%x']"
I02T-gNSC-p190-r2,He is consuming a slice of pizza.,1,1,1,1,1,"1	he	_	PRP	PRP	_	3	nsubj	_	_
2	be	_	VBZ	VBZ	_	3	aux	_	_
3	consume	_	VBG	VBG	_	0	root	_	_
4	a	_	DT	DT	_	5	det	_	_
5	slice	_	NN	NN	_	3	dobj	_	_
6	of	_	IN	IN	_	0	erased	_	_
7	pizza	_	NN	NN	_	5	prep_of	_	_
8	.	_	.	.	_	3	punct	_	_","['nsubj$@%he$@%consume', 'aux$@%be$@%consume', 'root$@%consume$@%VROOT', 'det$@%a$@%slice', 'dobj$@%slice$@%consume', 'erased$@%of$@%WORDERASED', 'prep_of$@%pizza$@%slice', 'punct$@%.$@%consume']","['nsubj$@%he$@%x', 'aux$@%be$@%x', 'root$@%consume$@%x', 'det$@%a$@%x', 'dobj$@%slice$@%x', 'erased$@%of$@%x', 'prep_of$@%pizza$@%x', 'punct$@%.$@%x']","['nsubj$@%x$@%consume', 'aux$@%x$@%consume', 'root$@%x$@%VROOT', 'det$@%x$@%slice', 'dobj$@%x$@%consume', 'erased$@%x$@%WORDERASED', 'prep_of$@%x$@%slice', 'punct$@%x$@%consume']","['x$@%he$@%consume', 'x$@%be$@%consume', 'x$@%consume$@%VROOT', 'x$@%a$@%slice', 'x$@%slice$@%consume', 'x$@%of$@%WORDERASED', 'x$@%pizza$@%slice', 'x$@%.$@%consume']","['x$@%he$@%x', 'x$@%be$@%x', 'x$@%consume$@%x', 'x$@%a$@%x', 'x$@%slice$@%x', 'x$@%of$@%x', 'x$@%pizza$@%x', 'x$@%.$@%x']"
I02T-gNSC-p192-r2,The boy is eating pepperoni pizza.,1,1,1,1,0,"1	the	_	DT	DT	_	2	det	_	_
2	boy	_	NN	NN	_	4	nsubj	_	_
3	be	_	VBZ	VBZ	_	4	aux	_	_
4	eat	_	VBG	VBG	_	0	root	_	_
5	pepperoni	_	JJ	JJ	_	6	amod	_	_
6	pizza	_	NN	NN	_	4	dobj	_	_
7	.	_	.	.	_	4	punct	_	_","['det$@%the$@%boy', 'nsubj$@%boy$@%eat', 'aux$@%be$@%eat', 'root$@%eat$@%VROOT', 'amod$@%pepperoni$@%pizza', 'dobj$@%pizza$@%eat', 'punct$@%.$@%eat']","['det$@%the$@%x', 'nsubj$@%boy$@%x', 'aux$@%be$@%x', 'root$@%eat$@%x', 'amod$@%pepperoni$@%x', 'dobj$@%pizza$@%x', 'punct$@%.$@%x']","['det$@%x$@%boy', 'nsubj$@%x$@%eat', 'aux$@%x$@%eat', 'root$@%x$@%VROOT', 'amod$@%x$@%pizza', 'dobj$@%x$@%eat', 'punct$@%x$@%eat']","['x$@%the$@%boy', 'x$@%boy$@%eat', 'x$@%be$@%eat', 'x$@%eat$@%VROOT', 'x$@%pepperoni$@%pizza', 'x$@%pizza$@%eat', 'x$@%.$@%eat']","['x$@%the$@%x', 'x$@%boy$@%x', 'x$@%be$@%x', 'x$@%eat$@%x', 'x$@%pepperoni$@%x', 'x$@%pizza$@%x', 'x$@%.$@%x']"
I02T-gNSC-p199-r2,The boy is anxiously awaiting for the pizza to enter his mouth.,0,1,1,1,1,"1	the	_	DT	DT	_	2	det	_	_
2	boy	_	NN	NN	_	10	xsubj	_	_
3	be	_	VBZ	VBZ	_	5	aux	_	_
4	anxiously	_	RB	RB	_	5	advmod	_	_
5	await	_	VBG	VBG	_	0	root	_	_
6	for	_	IN	IN	_	0	erased	_	_
7	the	_	DT	DT	_	8	det	_	_
8	pizza	_	NN	NN	_	5	prep_for	_	_
9	to	_	TO	TO	_	10	aux	_	_
10	enter	_	VB	VB	_	5	xcomp	_	_
11	he	_	PRP$	PRP$	_	12	poss	_	_
12	mouth	_	NN	NN	_	10	dobj	_	_
13	.	_	.	.	_	5	punct	_	_","['det$@%the$@%boy', 'xsubj$@%boy$@%enter', 'aux$@%be$@%await', 'advmod$@%anxiously$@%await', 'root$@%await$@%VROOT', 'erased$@%for$@%WORDERASED', 'det$@%the$@%pizza', 'prep_for$@%pizza$@%await', 'aux$@%to$@%enter', 'xcomp$@%enter$@%await', 'poss$@%he$@%mouth', 'dobj$@%mouth$@%enter', 'punct$@%.$@%await']","['det$@%the$@%x', 'xsubj$@%boy$@%x', 'aux$@%be$@%x', 'advmod$@%anxiously$@%x', 'root$@%await$@%x', 'erased$@%for$@%x', 'det$@%the$@%x', 'prep_for$@%pizza$@%x', 'aux$@%to$@%x', 'xcomp$@%enter$@%x', 'poss$@%he$@%x', 'dobj$@%mouth$@%x', 'punct$@%.$@%x']","['det$@%x$@%boy', 'xsubj$@%x$@%enter', 'aux$@%x$@%await', 'advmod$@%x$@%await', 'root$@%x$@%VROOT', 'erased$@%x$@%WORDERASED', 'det$@%x$@%pizza', 'prep_for$@%x$@%await', 'aux$@%x$@%enter', 'xcomp$@%x$@%await', 'poss$@%x$@%mouth', 'dobj$@%x$@%enter', 'punct$@%x$@%await']","['x$@%the$@%boy', 'x$@%boy$@%enter', 'x$@%be$@%await', 'x$@%anxiously$@%await', 'x$@%await$@%VROOT', 'x$@%for$@%WORDERASED', 'x$@%the$@%pizza', 'x$@%pizza$@%await', 'x$@%to$@%enter', 'x$@%enter$@%await', 'x$@%he$@%mouth', 'x$@%mouth$@%enter', 'x$@%.$@%await']","['x$@%the$@%x', 'x$@%boy$@%x', 'x$@%be$@%x', 'x$@%anxiously$@%x', 'x$@%await$@%x', 'x$@%for$@%x', 'x$@%the$@%x', 'x$@%pizza$@%x', 'x$@%to$@%x', 'x$@%enter$@%x', 'x$@%he$@%x', 'x$@%mouth$@%x', 'x$@%.$@%x']"
I02T-gNSC-p202-r2,He's stuffing his face.,0,1,1,1,1,"1	he	_	PRP	PRP	_	3	nsubj	_	_
2	be	_	VBZ	VBZ	_	3	aux	_	_
3	stuff	_	VBG	VBG	_	0	root	_	_
4	he	_	PRP$	PRP$	_	5	poss	_	_
5	face	_	NN	NN	_	3	dobj	_	_
6	.	_	.	.	_	3	punct	_	_","['nsubj$@%he$@%stuff', 'aux$@%be$@%stuff', 'root$@%stuff$@%VROOT', 'poss$@%he$@%face', 'dobj$@%face$@%stuff', 'punct$@%.$@%stuff']","['nsubj$@%he$@%x', 'aux$@%be$@%x', 'root$@%stuff$@%x', 'poss$@%he$@%x', 'dobj$@%face$@%x', 'punct$@%.$@%x']","['nsubj$@%x$@%stuff', 'aux$@%x$@%stuff', 'root$@%x$@%VROOT', 'poss$@%x$@%face', 'dobj$@%x$@%stuff', 'punct$@%x$@%stuff']","['x$@%he$@%stuff', 'x$@%be$@%stuff', 'x$@%stuff$@%VROOT', 'x$@%he$@%face', 'x$@%face$@%stuff', 'x$@%.$@%stuff']","['x$@%he$@%x', 'x$@%be$@%x', 'x$@%stuff$@%x', 'x$@%he$@%x', 'x$@%face$@%x', 'x$@%.$@%x']"
I02T-gNSC-p204-r2,Boy is enjoying a pizza.,1,0,0,1,1,"1	boy	_	NNP	NNP	_	3	nsubj	_	_
2	be	_	VBZ	VBZ	_	3	aux	_	_
3	enjoy	_	VBG	VBG	_	0	root	_	_
4	a	_	DT	DT	_	5	det	_	_
5	pizza	_	NN	NN	_	3	dobj	_	_
6	.	_	.	.	_	3	punct	_	_","['nsubj$@%boy$@%enjoy', 'aux$@%be$@%enjoy', 'root$@%enjoy$@%VROOT', 'det$@%a$@%pizza', 'dobj$@%pizza$@%enjoy', 'punct$@%.$@%enjoy']","['nsubj$@%boy$@%x', 'aux$@%be$@%x', 'root$@%enjoy$@%x', 'det$@%a$@%x', 'dobj$@%pizza$@%x', 'punct$@%.$@%x']","['nsubj$@%x$@%enjoy', 'aux$@%x$@%enjoy', 'root$@%x$@%VROOT', 'det$@%x$@%pizza', 'dobj$@%x$@%enjoy', 'punct$@%x$@%enjoy']","['x$@%boy$@%enjoy', 'x$@%be$@%enjoy', 'x$@%enjoy$@%VROOT', 'x$@%a$@%pizza', 'x$@%pizza$@%enjoy', 'x$@%.$@%enjoy']","['x$@%boy$@%x', 'x$@%be$@%x', 'x$@%enjoy$@%x', 'x$@%a$@%x', 'x$@%pizza$@%x', 'x$@%.$@%x']"
I02T-gNSC-p209-r2,EATING LUNCH,0,1,1,1,0,"1	eat	_	NNP	NNP	_	2	nn	_	_
2	lunch	_	NNP	NNP	_	0	root	_	_
3	.	_	.	.	_	2	punct	_	_","['nn$@%eat$@%lunch', 'root$@%lunch$@%VROOT', 'punct$@%.$@%lunch']","['nn$@%eat$@%x', 'root$@%lunch$@%x', 'punct$@%.$@%x']","['nn$@%x$@%lunch', 'root$@%x$@%VROOT', 'punct$@%x$@%lunch']","['x$@%eat$@%lunch', 'x$@%lunch$@%VROOT', 'x$@%.$@%lunch']","['x$@%eat$@%x', 'x$@%lunch$@%x', 'x$@%.$@%x']"
I02T-gNSC-p211-r2,This young man is enjoying his cheese pizza.,1,0,1,1,0,"1	this	_	DT	DT	_	3	det	_	_
2	young	_	JJ	JJ	_	3	amod	_	_
3	man	_	NN	NN	_	5	nsubj	_	_
4	be	_	VBZ	VBZ	_	5	aux	_	_
5	enjoy	_	VBG	VBG	_	0	root	_	_
6	he	_	PRP$	PRP$	_	8	poss	_	_
7	cheese	_	NN	NN	_	8	nn	_	_
8	pizza	_	NN	NN	_	5	dobj	_	_
9	.	_	.	.	_	5	punct	_	_","['det$@%this$@%man', 'amod$@%young$@%man', 'nsubj$@%man$@%enjoy', 'aux$@%be$@%enjoy', 'root$@%enjoy$@%VROOT', 'poss$@%he$@%pizza', 'nn$@%cheese$@%pizza', 'dobj$@%pizza$@%enjoy', 'punct$@%.$@%enjoy']","['det$@%this$@%x', 'amod$@%young$@%x', 'nsubj$@%man$@%x', 'aux$@%be$@%x', 'root$@%enjoy$@%x', 'poss$@%he$@%x', 'nn$@%cheese$@%x', 'dobj$@%pizza$@%x', 'punct$@%.$@%x']","['det$@%x$@%man', 'amod$@%x$@%man', 'nsubj$@%x$@%enjoy', 'aux$@%x$@%enjoy', 'root$@%x$@%VROOT', 'poss$@%x$@%pizza', 'nn$@%x$@%pizza', 'dobj$@%x$@%enjoy', 'punct$@%x$@%enjoy']","['x$@%this$@%man', 'x$@%young$@%man', 'x$@%man$@%enjoy', 'x$@%be$@%enjoy', 'x$@%enjoy$@%VROOT', 'x$@%he$@%pizza', 'x$@%cheese$@%pizza', 'x$@%pizza$@%enjoy', 'x$@%.$@%enjoy']","['x$@%this$@%x', 'x$@%young$@%x', 'x$@%man$@%x', 'x$@%be$@%x', 'x$@%enjoy$@%x', 'x$@%he$@%x', 'x$@%cheese$@%x', 'x$@%pizza$@%x', 'x$@%.$@%x']"
I02T-gNSC-p212-r2,He's scarfing down a pizza. ,1,1,1,1,1,"1	he	_	PRP	PRP	_	3	nsubj	_	_
2	be	_	VBZ	VBZ	_	3	aux	_	_
3	scarf	_	VBG	VBG	_	0	root	_	_
4	down	_	RP	RP	_	3	prt	_	_
5	a	_	DT	DT	_	6	det	_	_
6	pizza	_	NN	NN	_	3	dobj	_	_
7	.	_	.	.	_	3	punct	_	_","['nsubj$@%he$@%scarf', 'aux$@%be$@%scarf', 'root$@%scarf$@%VROOT', 'prt$@%down$@%scarf', 'det$@%a$@%pizza', 'dobj$@%pizza$@%scarf', 'punct$@%.$@%scarf']","['nsubj$@%he$@%x', 'aux$@%be$@%x', 'root$@%scarf$@%x', 'prt$@%down$@%x', 'det$@%a$@%x', 'dobj$@%pizza$@%x', 'punct$@%.$@%x']","['nsubj$@%x$@%scarf', 'aux$@%x$@%scarf', 'root$@%x$@%VROOT', 'prt$@%x$@%scarf', 'det$@%x$@%pizza', 'dobj$@%x$@%scarf', 'punct$@%x$@%scarf']","['x$@%he$@%scarf', 'x$@%be$@%scarf', 'x$@%scarf$@%VROOT', 'x$@%down$@%scarf', 'x$@%a$@%pizza', 'x$@%pizza$@%scarf', 'x$@%.$@%scarf']","['x$@%he$@%x', 'x$@%be$@%x', 'x$@%scarf$@%x', 'x$@%down$@%x', 'x$@%a$@%x', 'x$@%pizza$@%x', 'x$@%.$@%x']"
I02T-gNSC-p213-r2,The boy is taking a bite out of a slice of pizza.,1,1,1,1,1,"1	the	_	DT	DT	_	2	det	_	_
2	boy	_	NN	NN	_	4	nsubj	_	_
3	be	_	VBZ	VBZ	_	4	aux	_	_
4	take	_	VBG	VBG	_	0	root	_	_
5	a	_	DT	DT	_	6	det	_	_
6	bite	_	NN	NN	_	4	dobj	_	_
7	out	_	RB	RB	_	0	erased	_	_
8	of	_	IN	IN	_	0	erased	_	_
9	a	_	DT	DT	_	10	det	_	_
10	slice	_	NN	NN	_	6	prep_out_of	_	_
11	of	_	IN	IN	_	0	erased	_	_
12	pizza	_	NN	NN	_	10	prep_of	_	_
13	.	_	.	.	_	4	punct	_	_","['det$@%the$@%boy', 'nsubj$@%boy$@%take', 'aux$@%be$@%take', 'root$@%take$@%VROOT', 'det$@%a$@%bite', 'dobj$@%bite$@%take', 'erased$@%out$@%WORDERASED', 'erased$@%of$@%WORDERASED', 'det$@%a$@%slice', 'prep_out_of$@%slice$@%bite', 'erased$@%of$@%WORDERASED', 'prep_of$@%pizza$@%slice', 'punct$@%.$@%take']","['det$@%the$@%x', 'nsubj$@%boy$@%x', 'aux$@%be$@%x', 'root$@%take$@%x', 'det$@%a$@%x', 'dobj$@%bite$@%x', 'erased$@%out$@%x', 'erased$@%of$@%x', 'det$@%a$@%x', 'prep_out_of$@%slice$@%x', 'erased$@%of$@%x', 'prep_of$@%pizza$@%x', 'punct$@%.$@%x']","['det$@%x$@%boy', 'nsubj$@%x$@%take', 'aux$@%x$@%take', 'root$@%x$@%VROOT', 'det$@%x$@%bite', 'dobj$@%x$@%take', 'erased$@%x$@%WORDERASED', 'erased$@%x$@%WORDERASED', 'det$@%x$@%slice', 'prep_out_of$@%x$@%bite', 'erased$@%x$@%WORDERASED', 'prep_of$@%x$@%slice', 'punct$@%x$@%take']","['x$@%the$@%boy', 'x$@%boy$@%take', 'x$@%be$@%take', 'x$@%take$@%VROOT', 'x$@%a$@%bite', 'x$@%bite$@%take', 'x$@%out$@%WORDERASED', 'x$@%of$@%WORDERASED', 'x$@%a$@%slice', 'x$@%slice$@%bite', 'x$@%of$@%WORDERASED', 'x$@%pizza$@%slice', 'x$@%.$@%take']","['x$@%the$@%x', 'x$@%boy$@%x', 'x$@%be$@%x', 'x$@%take$@%x', 'x$@%a$@%x', 'x$@%bite$@%x', 'x$@%out$@%x', 'x$@%of$@%x', 'x$@%a$@%x', 'x$@%slice$@%x', 'x$@%of$@%x', 'x$@%pizza$@%x', 'x$@%.$@%x']"
I02T-gNSC-p215-r2,He is taking a bite of pizza.,1,1,1,1,1,"1	he	_	PRP	PRP	_	3	nsubj	_	_
2	be	_	VBZ	VBZ	_	3	aux	_	_
3	take	_	VBG	VBG	_	0	root	_	_
4	a	_	DT	DT	_	5	det	_	_
5	bite	_	NN	NN	_	3	dobj	_	_
6	of	_	IN	IN	_	0	erased	_	_
7	pizza	_	NN	NN	_	5	prep_of	_	_
8	.	_	.	.	_	3	punct	_	_","['nsubj$@%he$@%take', 'aux$@%be$@%take', 'root$@%take$@%VROOT', 'det$@%a$@%bite', 'dobj$@%bite$@%take', 'erased$@%of$@%WORDERASED', 'prep_of$@%pizza$@%bite', 'punct$@%.$@%take']","['nsubj$@%he$@%x', 'aux$@%be$@%x', 'root$@%take$@%x', 'det$@%a$@%x', 'dobj$@%bite$@%x', 'erased$@%of$@%x', 'prep_of$@%pizza$@%x', 'punct$@%.$@%x']","['nsubj$@%x$@%take', 'aux$@%x$@%take', 'root$@%x$@%VROOT', 'det$@%x$@%bite', 'dobj$@%x$@%take', 'erased$@%x$@%WORDERASED', 'prep_of$@%x$@%bite', 'punct$@%x$@%take']","['x$@%he$@%take', 'x$@%be$@%take', 'x$@%take$@%VROOT', 'x$@%a$@%bite', 'x$@%bite$@%take', 'x$@%of$@%WORDERASED', 'x$@%pizza$@%bite', 'x$@%.$@%take']","['x$@%he$@%x', 'x$@%be$@%x', 'x$@%take$@%x', 'x$@%a$@%x', 'x$@%bite$@%x', 'x$@%of$@%x', 'x$@%pizza$@%x', 'x$@%.$@%x']"
I02T-gNSC-p216-r2,about to eat pizza,1,0,0,1,1,"1	about	_	IN	IN	_	0	root	_	_
2	to	_	TO	TO	_	3	aux	_	_
3	eat	_	VB	VB	_	1	xcomp	_	_
4	pizza	_	NN	NN	_	3	dobj	_	_
5	.	_	.	.	_	1	punct	_	_","['root$@%about$@%VROOT', 'aux$@%to$@%eat', 'xcomp$@%eat$@%about', 'dobj$@%pizza$@%eat', 'punct$@%.$@%about']","['root$@%about$@%x', 'aux$@%to$@%x', 'xcomp$@%eat$@%x', 'dobj$@%pizza$@%x', 'punct$@%.$@%x']","['root$@%x$@%VROOT', 'aux$@%x$@%eat', 'xcomp$@%x$@%about', 'dobj$@%x$@%eat', 'punct$@%x$@%about']","['x$@%about$@%VROOT', 'x$@%to$@%eat', 'x$@%eat$@%about', 'x$@%pizza$@%eat', 'x$@%.$@%about']","['x$@%about$@%x', 'x$@%to$@%x', 'x$@%eat$@%x', 'x$@%pizza$@%x', 'x$@%.$@%x']"
I02T-gNSC-p217-r2,The kid is going to eat a slice of pizza.,1,0,1,1,1,"1	the	_	DT	DT	_	2	det	_	_
2	kid	_	NN	NN	_	6	xsubj	_	_
3	be	_	VBZ	VBZ	_	4	aux	_	_
4	go	_	VBG	VBG	_	0	root	_	_
5	to	_	TO	TO	_	6	aux	_	_
6	eat	_	VB	VB	_	4	xcomp	_	_
7	a	_	DT	DT	_	8	det	_	_
8	slice	_	NN	NN	_	6	dobj	_	_
9	of	_	IN	IN	_	0	erased	_	_
10	pizza	_	NN	NN	_	8	prep_of	_	_
11	.	_	.	.	_	4	punct	_	_","['det$@%the$@%kid', 'xsubj$@%kid$@%eat', 'aux$@%be$@%go', 'root$@%go$@%VROOT', 'aux$@%to$@%eat', 'xcomp$@%eat$@%go', 'det$@%a$@%slice', 'dobj$@%slice$@%eat', 'erased$@%of$@%WORDERASED', 'prep_of$@%pizza$@%slice', 'punct$@%.$@%go']","['det$@%the$@%x', 'xsubj$@%kid$@%x', 'aux$@%be$@%x', 'root$@%go$@%x', 'aux$@%to$@%x', 'xcomp$@%eat$@%x', 'det$@%a$@%x', 'dobj$@%slice$@%x', 'erased$@%of$@%x', 'prep_of$@%pizza$@%x', 'punct$@%.$@%x']","['det$@%x$@%kid', 'xsubj$@%x$@%eat', 'aux$@%x$@%go', 'root$@%x$@%VROOT', 'aux$@%x$@%eat', 'xcomp$@%x$@%go', 'det$@%x$@%slice', 'dobj$@%x$@%eat', 'erased$@%x$@%WORDERASED', 'prep_of$@%x$@%slice', 'punct$@%x$@%go']","['x$@%the$@%kid', 'x$@%kid$@%eat', 'x$@%be$@%go', 'x$@%go$@%VROOT', 'x$@%to$@%eat', 'x$@%eat$@%go', 'x$@%a$@%slice', 'x$@%slice$@%eat', 'x$@%of$@%WORDERASED', 'x$@%pizza$@%slice', 'x$@%.$@%go']","['x$@%the$@%x', 'x$@%kid$@%x', 'x$@%be$@%x', 'x$@%go$@%x', 'x$@%to$@%x', 'x$@%eat$@%x', 'x$@%a$@%x', 'x$@%slice$@%x', 'x$@%of$@%x', 'x$@%pizza$@%x', 'x$@%.$@%x']"
I02T-gNSC-p220-r2,The boy is enjoying pizza.,1,1,1,1,1,"1	the	_	DT	DT	_	2	det	_	_
2	boy	_	NN	NN	_	4	nsubj	_	_
3	be	_	VBZ	VBZ	_	4	aux	_	_
4	enjoy	_	VBG	VBG	_	0	root	_	_
5	pizza	_	NN	NN	_	4	dobj	_	_
6	.	_	.	.	_	4	punct	_	_","['det$@%the$@%boy', 'nsubj$@%boy$@%enjoy', 'aux$@%be$@%enjoy', 'root$@%enjoy$@%VROOT', 'dobj$@%pizza$@%enjoy', 'punct$@%.$@%enjoy']","['det$@%the$@%x', 'nsubj$@%boy$@%x', 'aux$@%be$@%x', 'root$@%enjoy$@%x', 'dobj$@%pizza$@%x', 'punct$@%.$@%x']","['det$@%x$@%boy', 'nsubj$@%x$@%enjoy', 'aux$@%x$@%enjoy', 'root$@%x$@%VROOT', 'dobj$@%x$@%enjoy', 'punct$@%x$@%enjoy']","['x$@%the$@%boy', 'x$@%boy$@%enjoy', 'x$@%be$@%enjoy', 'x$@%enjoy$@%VROOT', 'x$@%pizza$@%enjoy', 'x$@%.$@%enjoy']","['x$@%the$@%x', 'x$@%boy$@%x', 'x$@%be$@%x', 'x$@%enjoy$@%x', 'x$@%pizza$@%x', 'x$@%.$@%x']"
I02T-gNSC-p222-r2,Eating pizza,1,1,1,1,1,"1	eating	_	NNP	NNP	_	2	nsubj	_	_
2	pizza	_	VBZ	VBZ	_	0	root	_	_
3	.	_	.	.	_	2	punct	_	_","['nsubj$@%eating$@%pizza', 'root$@%pizza$@%VROOT', 'punct$@%.$@%pizza']","['nsubj$@%eating$@%x', 'root$@%pizza$@%x', 'punct$@%.$@%x']","['nsubj$@%x$@%pizza', 'root$@%x$@%VROOT', 'punct$@%x$@%pizza']","['x$@%eating$@%pizza', 'x$@%pizza$@%VROOT', 'x$@%.$@%pizza']","['x$@%eating$@%x', 'x$@%pizza$@%x', 'x$@%.$@%x']"
I02T-gNSC-p224-r2,He is enjoying some pizza.,1,1,1,1,1,"1	he	_	PRP	PRP	_	3	nsubj	_	_
2	be	_	VBZ	VBZ	_	3	aux	_	_
3	enjoy	_	VBG	VBG	_	0	root	_	_
4	some	_	DT	DT	_	5	det	_	_
5	pizza	_	NN	NN	_	3	dobj	_	_
6	.	_	.	.	_	3	punct	_	_","['nsubj$@%he$@%enjoy', 'aux$@%be$@%enjoy', 'root$@%enjoy$@%VROOT', 'det$@%some$@%pizza', 'dobj$@%pizza$@%enjoy', 'punct$@%.$@%enjoy']","['nsubj$@%he$@%x', 'aux$@%be$@%x', 'root$@%enjoy$@%x', 'det$@%some$@%x', 'dobj$@%pizza$@%x', 'punct$@%.$@%x']","['nsubj$@%x$@%enjoy', 'aux$@%x$@%enjoy', 'root$@%x$@%VROOT', 'det$@%x$@%pizza', 'dobj$@%x$@%enjoy', 'punct$@%x$@%enjoy']","['x$@%he$@%enjoy', 'x$@%be$@%enjoy', 'x$@%enjoy$@%VROOT', 'x$@%some$@%pizza', 'x$@%pizza$@%enjoy', 'x$@%.$@%enjoy']","['x$@%he$@%x', 'x$@%be$@%x', 'x$@%enjoy$@%x', 'x$@%some$@%x', 'x$@%pizza$@%x', 'x$@%.$@%x']"
I02T-gNSC-p226-r2,Consuming mad calories,0,1,1,0,0,"1	consume	_	VBG	VBG	_	0	root	_	_
2	mad	_	JJ	JJ	_	3	amod	_	_
3	calorie	_	NNS	NNS	_	1	dobj	_	_
4	.	_	.	.	_	1	punct	_	_","['root$@%consume$@%VROOT', 'amod$@%mad$@%calorie', 'dobj$@%calorie$@%consume', 'punct$@%.$@%consume']","['root$@%consume$@%x', 'amod$@%mad$@%x', 'dobj$@%calorie$@%x', 'punct$@%.$@%x']","['root$@%x$@%VROOT', 'amod$@%x$@%calorie', 'dobj$@%x$@%consume', 'punct$@%x$@%consume']","['x$@%consume$@%VROOT', 'x$@%mad$@%calorie', 'x$@%calorie$@%consume', 'x$@%.$@%consume']","['x$@%consume$@%x', 'x$@%mad$@%x', 'x$@%calorie$@%x', 'x$@%.$@%x']"
I02T-gNSC-p230-r2,The b,0,0,0,0,0,"1	the	_	DT	DT	_	2	det	_	_
2	b.	_	NN	NN	_	0	root	_	_","['det$@%the$@%b.', 'root$@%b.$@%VROOT']","['det$@%the$@%x', 'root$@%b.$@%x']","['det$@%x$@%b.', 'root$@%x$@%VROOT']","['x$@%the$@%b.', 'x$@%b.$@%VROOT']","['x$@%the$@%x', 'x$@%b.$@%x']"
I02T-gNSC-p231-r2,Excited about his slice of pizza. ,0,0,0,1,1,"1	excite	_	VBN	VBN	_	0	root	_	_
2	about	_	IN	IN	_	0	erased	_	_
3	he	_	PRP$	PRP$	_	4	poss	_	_
4	slice	_	NN	NN	_	1	prep_about	_	_
5	of	_	IN	IN	_	0	erased	_	_
6	pizza	_	NN	NN	_	4	prep_of	_	_
7	.	_	.	.	_	1	punct	_	_","['root$@%excite$@%VROOT', 'erased$@%about$@%WORDERASED', 'poss$@%he$@%slice', 'prep_about$@%slice$@%excite', 'erased$@%of$@%WORDERASED', 'prep_of$@%pizza$@%slice', 'punct$@%.$@%excite']","['root$@%excite$@%x', 'erased$@%about$@%x', 'poss$@%he$@%x', 'prep_about$@%slice$@%x', 'erased$@%of$@%x', 'prep_of$@%pizza$@%x', 'punct$@%.$@%x']","['root$@%x$@%VROOT', 'erased$@%x$@%WORDERASED', 'poss$@%x$@%slice', 'prep_about$@%x$@%excite', 'erased$@%x$@%WORDERASED', 'prep_of$@%x$@%slice', 'punct$@%x$@%excite']","['x$@%excite$@%VROOT', 'x$@%about$@%WORDERASED', 'x$@%he$@%slice', 'x$@%slice$@%excite', 'x$@%of$@%WORDERASED', 'x$@%pizza$@%slice', 'x$@%.$@%excite']","['x$@%excite$@%x', 'x$@%about$@%x', 'x$@%he$@%x', 'x$@%slice$@%x', 'x$@%of$@%x', 'x$@%pizza$@%x', 'x$@%.$@%x']"
I02T-gNSC-p234-r2,The boy is looking forward to enjoying pizza,1,1,1,1,1,"1	the	_	DT	DT	_	2	det	_	_
2	boy	_	NN	NN	_	4	nsubj	_	_
3	be	_	VBZ	VBZ	_	4	aux	_	_
4	look	_	VBG	VBG	_	0	root	_	_
5	forward	_	RB	RB	_	4	advmod	_	_
6	to	_	TO	TO	_	0	erased	_	_
7	enjoy	_	VBG	VBG	_	4	prepc_to	_	_
8	pizza	_	NN	NN	_	7	dobj	_	_
9	.	_	.	.	_	4	punct	_	_","['det$@%the$@%boy', 'nsubj$@%boy$@%look', 'aux$@%be$@%look', 'root$@%look$@%VROOT', 'advmod$@%forward$@%look', 'erased$@%to$@%WORDERASED', 'prepc_to$@%enjoy$@%look', 'dobj$@%pizza$@%enjoy', 'punct$@%.$@%look']","['det$@%the$@%x', 'nsubj$@%boy$@%x', 'aux$@%be$@%x', 'root$@%look$@%x', 'advmod$@%forward$@%x', 'erased$@%to$@%x', 'prepc_to$@%enjoy$@%x', 'dobj$@%pizza$@%x', 'punct$@%.$@%x']","['det$@%x$@%boy', 'nsubj$@%x$@%look', 'aux$@%x$@%look', 'root$@%x$@%VROOT', 'advmod$@%x$@%look', 'erased$@%x$@%WORDERASED', 'prepc_to$@%x$@%look', 'dobj$@%x$@%enjoy', 'punct$@%x$@%look']","['x$@%the$@%boy', 'x$@%boy$@%look', 'x$@%be$@%look', 'x$@%look$@%VROOT', 'x$@%forward$@%look', 'x$@%to$@%WORDERASED', 'x$@%enjoy$@%look', 'x$@%pizza$@%enjoy', 'x$@%.$@%look']","['x$@%the$@%x', 'x$@%boy$@%x', 'x$@%be$@%x', 'x$@%look$@%x', 'x$@%forward$@%x', 'x$@%to$@%x', 'x$@%enjoy$@%x', 'x$@%pizza$@%x', 'x$@%.$@%x']"
I02T-gNSC-p235-r2,The boy had pizza for lunch.,1,0,1,1,0,"1	the	_	DT	DT	_	2	det	_	_
2	boy	_	NN	NN	_	3	nsubj	_	_
3	have	_	VBD	VBD	_	0	root	_	_
4	pizza	_	NN	NN	_	3	dobj	_	_
5	for	_	IN	IN	_	0	erased	_	_
6	lunch	_	NN	NN	_	4	prep_for	_	_
7	.	_	.	.	_	3	punct	_	_","['det$@%the$@%boy', 'nsubj$@%boy$@%have', 'root$@%have$@%VROOT', 'dobj$@%pizza$@%have', 'erased$@%for$@%WORDERASED', 'prep_for$@%lunch$@%pizza', 'punct$@%.$@%have']","['det$@%the$@%x', 'nsubj$@%boy$@%x', 'root$@%have$@%x', 'dobj$@%pizza$@%x', 'erased$@%for$@%x', 'prep_for$@%lunch$@%x', 'punct$@%.$@%x']","['det$@%x$@%boy', 'nsubj$@%x$@%have', 'root$@%x$@%VROOT', 'dobj$@%x$@%have', 'erased$@%x$@%WORDERASED', 'prep_for$@%x$@%pizza', 'punct$@%x$@%have']","['x$@%the$@%boy', 'x$@%boy$@%have', 'x$@%have$@%VROOT', 'x$@%pizza$@%have', 'x$@%for$@%WORDERASED', 'x$@%lunch$@%pizza', 'x$@%.$@%have']","['x$@%the$@%x', 'x$@%boy$@%x', 'x$@%have$@%x', 'x$@%pizza$@%x', 'x$@%for$@%x', 'x$@%lunch$@%x', 'x$@%.$@%x']"
I02T-gNSC-p236-r2,He is eating food.,0,1,1,1,1,"1	he	_	PRP	PRP	_	3	nsubj	_	_
2	be	_	VBZ	VBZ	_	3	aux	_	_
3	eat	_	VBG	VBG	_	0	root	_	_
4	food	_	NN	NN	_	3	dobj	_	_
5	.	_	.	.	_	3	punct	_	_","['nsubj$@%he$@%eat', 'aux$@%be$@%eat', 'root$@%eat$@%VROOT', 'dobj$@%food$@%eat', 'punct$@%.$@%eat']","['nsubj$@%he$@%x', 'aux$@%be$@%x', 'root$@%eat$@%x', 'dobj$@%food$@%x', 'punct$@%.$@%x']","['nsubj$@%x$@%eat', 'aux$@%x$@%eat', 'root$@%x$@%VROOT', 'dobj$@%x$@%eat', 'punct$@%x$@%eat']","['x$@%he$@%eat', 'x$@%be$@%eat', 'x$@%eat$@%VROOT', 'x$@%food$@%eat', 'x$@%.$@%eat']","['x$@%he$@%x', 'x$@%be$@%x', 'x$@%eat$@%x', 'x$@%food$@%x', 'x$@%.$@%x']"
I02T-gNSC-p237-r2,The boy enjoys pizza. ,1,0,1,1,1,"1	the	_	DT	DT	_	2	det	_	_
2	boy	_	NN	NN	_	3	nsubj	_	_
3	enjoy	_	VBZ	VBZ	_	0	root	_	_
4	pizza	_	NN	NN	_	3	dobj	_	_
5	.	_	.	.	_	3	punct	_	_","['det$@%the$@%boy', 'nsubj$@%boy$@%enjoy', 'root$@%enjoy$@%VROOT', 'dobj$@%pizza$@%enjoy', 'punct$@%.$@%enjoy']","['det$@%the$@%x', 'nsubj$@%boy$@%x', 'root$@%enjoy$@%x', 'dobj$@%pizza$@%x', 'punct$@%.$@%x']","['det$@%x$@%boy', 'nsubj$@%x$@%enjoy', 'root$@%x$@%VROOT', 'dobj$@%x$@%enjoy', 'punct$@%x$@%enjoy']","['x$@%the$@%boy', 'x$@%boy$@%enjoy', 'x$@%enjoy$@%VROOT', 'x$@%pizza$@%enjoy', 'x$@%.$@%enjoy']","['x$@%the$@%x', 'x$@%boy$@%x', 'x$@%enjoy$@%x', 'x$@%pizza$@%x', 'x$@%.$@%x']"
I02T-gNSC-p239-r2,The boy is about to enjoy some pizza,1,1,1,1,1,"1	the	_	DT	DT	_	2	det	_	_
2	boy	_	NN	NN	_	6	xsubj	_	_
3	be	_	VBZ	VBZ	_	4	aux	_	_
4	about	_	IN	IN	_	0	root	_	_
5	to	_	TO	TO	_	6	aux	_	_
6	enjoy	_	VB	VB	_	4	xcomp	_	_
7	some	_	DT	DT	_	8	det	_	_
8	pizza	_	NN	NN	_	6	dobj	_	_
9	.	_	.	.	_	4	punct	_	_","['det$@%the$@%boy', 'xsubj$@%boy$@%enjoy', 'aux$@%be$@%about', 'root$@%about$@%VROOT', 'aux$@%to$@%enjoy', 'xcomp$@%enjoy$@%about', 'det$@%some$@%pizza', 'dobj$@%pizza$@%enjoy', 'punct$@%.$@%about']","['det$@%the$@%x', 'xsubj$@%boy$@%x', 'aux$@%be$@%x', 'root$@%about$@%x', 'aux$@%to$@%x', 'xcomp$@%enjoy$@%x', 'det$@%some$@%x', 'dobj$@%pizza$@%x', 'punct$@%.$@%x']","['det$@%x$@%boy', 'xsubj$@%x$@%enjoy', 'aux$@%x$@%about', 'root$@%x$@%VROOT', 'aux$@%x$@%enjoy', 'xcomp$@%x$@%about', 'det$@%x$@%pizza', 'dobj$@%x$@%enjoy', 'punct$@%x$@%about']","['x$@%the$@%boy', 'x$@%boy$@%enjoy', 'x$@%be$@%about', 'x$@%about$@%VROOT', 'x$@%to$@%enjoy', 'x$@%enjoy$@%about', 'x$@%some$@%pizza', 'x$@%pizza$@%enjoy', 'x$@%.$@%about']","['x$@%the$@%x', 'x$@%boy$@%x', 'x$@%be$@%x', 'x$@%about$@%x', 'x$@%to$@%x', 'x$@%enjoy$@%x', 'x$@%some$@%x', 'x$@%pizza$@%x', 'x$@%.$@%x']"
I02T-gNSC-p244-r2,The boy is about to eat a slice of pizza. ,1,0,1,1,1,"1	the	_	DT	DT	_	2	det	_	_
2	boy	_	NN	NN	_	6	xsubj	_	_
3	be	_	VBZ	VBZ	_	4	aux	_	_
4	about	_	IN	IN	_	0	root	_	_
5	to	_	TO	TO	_	6	aux	_	_
6	eat	_	VB	VB	_	4	xcomp	_	_
7	a	_	DT	DT	_	8	det	_	_
8	slice	_	NN	NN	_	6	dobj	_	_
9	of	_	IN	IN	_	0	erased	_	_
10	pizza	_	NN	NN	_	8	prep_of	_	_
11	.	_	.	.	_	4	punct	_	_","['det$@%the$@%boy', 'xsubj$@%boy$@%eat', 'aux$@%be$@%about', 'root$@%about$@%VROOT', 'aux$@%to$@%eat', 'xcomp$@%eat$@%about', 'det$@%a$@%slice', 'dobj$@%slice$@%eat', 'erased$@%of$@%WORDERASED', 'prep_of$@%pizza$@%slice', 'punct$@%.$@%about']","['det$@%the$@%x', 'xsubj$@%boy$@%x', 'aux$@%be$@%x', 'root$@%about$@%x', 'aux$@%to$@%x', 'xcomp$@%eat$@%x', 'det$@%a$@%x', 'dobj$@%slice$@%x', 'erased$@%of$@%x', 'prep_of$@%pizza$@%x', 'punct$@%.$@%x']","['det$@%x$@%boy', 'xsubj$@%x$@%eat', 'aux$@%x$@%about', 'root$@%x$@%VROOT', 'aux$@%x$@%eat', 'xcomp$@%x$@%about', 'det$@%x$@%slice', 'dobj$@%x$@%eat', 'erased$@%x$@%WORDERASED', 'prep_of$@%x$@%slice', 'punct$@%x$@%about']","['x$@%the$@%boy', 'x$@%boy$@%eat', 'x$@%be$@%about', 'x$@%about$@%VROOT', 'x$@%to$@%eat', 'x$@%eat$@%about', 'x$@%a$@%slice', 'x$@%slice$@%eat', 'x$@%of$@%WORDERASED', 'x$@%pizza$@%slice', 'x$@%.$@%about']","['x$@%the$@%x', 'x$@%boy$@%x', 'x$@%be$@%x', 'x$@%about$@%x', 'x$@%to$@%x', 'x$@%eat$@%x', 'x$@%a$@%x', 'x$@%slice$@%x', 'x$@%of$@%x', 'x$@%pizza$@%x', 'x$@%.$@%x']"
I02T-gNSC-p245-r2,The boy is about to eat a piece of pizza.,1,1,1,1,1,"1	the	_	DT	DT	_	2	det	_	_
2	boy	_	NN	NN	_	6	xsubj	_	_
3	be	_	VBZ	VBZ	_	4	aux	_	_
4	about	_	IN	IN	_	0	root	_	_
5	to	_	TO	TO	_	6	aux	_	_
6	eat	_	VB	VB	_	4	xcomp	_	_
7	a	_	DT	DT	_	8	det	_	_
8	piece	_	NN	NN	_	6	dobj	_	_
9	of	_	IN	IN	_	0	erased	_	_
10	pizza	_	NN	NN	_	8	prep_of	_	_
11	.	_	.	.	_	4	punct	_	_","['det$@%the$@%boy', 'xsubj$@%boy$@%eat', 'aux$@%be$@%about', 'root$@%about$@%VROOT', 'aux$@%to$@%eat', 'xcomp$@%eat$@%about', 'det$@%a$@%piece', 'dobj$@%piece$@%eat', 'erased$@%of$@%WORDERASED', 'prep_of$@%pizza$@%piece', 'punct$@%.$@%about']","['det$@%the$@%x', 'xsubj$@%boy$@%x', 'aux$@%be$@%x', 'root$@%about$@%x', 'aux$@%to$@%x', 'xcomp$@%eat$@%x', 'det$@%a$@%x', 'dobj$@%piece$@%x', 'erased$@%of$@%x', 'prep_of$@%pizza$@%x', 'punct$@%.$@%x']","['det$@%x$@%boy', 'xsubj$@%x$@%eat', 'aux$@%x$@%about', 'root$@%x$@%VROOT', 'aux$@%x$@%eat', 'xcomp$@%x$@%about', 'det$@%x$@%piece', 'dobj$@%x$@%eat', 'erased$@%x$@%WORDERASED', 'prep_of$@%x$@%piece', 'punct$@%x$@%about']","['x$@%the$@%boy', 'x$@%boy$@%eat', 'x$@%be$@%about', 'x$@%about$@%VROOT', 'x$@%to$@%eat', 'x$@%eat$@%about', 'x$@%a$@%piece', 'x$@%piece$@%eat', 'x$@%of$@%WORDERASED', 'x$@%pizza$@%piece', 'x$@%.$@%about']","['x$@%the$@%x', 'x$@%boy$@%x', 'x$@%be$@%x', 'x$@%about$@%x', 'x$@%to$@%x', 'x$@%eat$@%x', 'x$@%a$@%x', 'x$@%piece$@%x', 'x$@%of$@%x', 'x$@%pizza$@%x', 'x$@%.$@%x']"
I02T-gNSC-p247-r2,The boy likes pizza.,0,0,1,1,1,"1	the	_	DT	DT	_	2	det	_	_
2	boy	_	NN	NN	_	3	nsubj	_	_
3	like	_	VBZ	VBZ	_	0	root	_	_
4	pizza	_	NN	NN	_	3	dobj	_	_
5	.	_	.	.	_	3	punct	_	_","['det$@%the$@%boy', 'nsubj$@%boy$@%like', 'root$@%like$@%VROOT', 'dobj$@%pizza$@%like', 'punct$@%.$@%like']","['det$@%the$@%x', 'nsubj$@%boy$@%x', 'root$@%like$@%x', 'dobj$@%pizza$@%x', 'punct$@%.$@%x']","['det$@%x$@%boy', 'nsubj$@%x$@%like', 'root$@%x$@%VROOT', 'dobj$@%x$@%like', 'punct$@%x$@%like']","['x$@%the$@%boy', 'x$@%boy$@%like', 'x$@%like$@%VROOT', 'x$@%pizza$@%like', 'x$@%.$@%like']","['x$@%the$@%x', 'x$@%boy$@%x', 'x$@%like$@%x', 'x$@%pizza$@%x', 'x$@%.$@%x']"
I02T-gNSC-p249-r2,The boy is hungry.,0,0,1,0,1,"1	the	_	DT	DT	_	2	det	_	_
2	boy	_	NN	NN	_	4	nsubj	_	_
3	be	_	VBZ	VBZ	_	4	cop	_	_
4	hungry	_	JJ	JJ	_	0	root	_	_
5	.	_	.	.	_	4	punct	_	_","['det$@%the$@%boy', 'nsubj$@%boy$@%hungry', 'cop$@%be$@%hungry', 'root$@%hungry$@%VROOT', 'punct$@%.$@%hungry']","['det$@%the$@%x', 'nsubj$@%boy$@%x', 'cop$@%be$@%x', 'root$@%hungry$@%x', 'punct$@%.$@%x']","['det$@%x$@%boy', 'nsubj$@%x$@%hungry', 'cop$@%x$@%hungry', 'root$@%x$@%VROOT', 'punct$@%x$@%hungry']","['x$@%the$@%boy', 'x$@%boy$@%hungry', 'x$@%be$@%hungry', 'x$@%hungry$@%VROOT', 'x$@%.$@%hungry']","['x$@%the$@%x', 'x$@%boy$@%x', 'x$@%be$@%x', 'x$@%hungry$@%x', 'x$@%.$@%x']"
I02T-gNSC-p252-r2,see my last statement,0,0,0,0,0,"1	see	_	VB	VB	_	0	root	_	_
2	my	_	PRP$	PRP$	_	4	poss	_	_
3	last	_	JJ	JJ	_	4	amod	_	_
4	statement	_	NN	NN	_	1	dobj	_	_
5	.	_	.	.	_	1	punct	_	_","['root$@%see$@%VROOT', 'poss$@%my$@%statement', 'amod$@%last$@%statement', 'dobj$@%statement$@%see', 'punct$@%.$@%see']","['root$@%see$@%x', 'poss$@%my$@%x', 'amod$@%last$@%x', 'dobj$@%statement$@%x', 'punct$@%.$@%x']","['root$@%x$@%VROOT', 'poss$@%x$@%statement', 'amod$@%x$@%statement', 'dobj$@%x$@%see', 'punct$@%x$@%see']","['x$@%see$@%VROOT', 'x$@%my$@%statement', 'x$@%last$@%statement', 'x$@%statement$@%see', 'x$@%.$@%see']","['x$@%see$@%x', 'x$@%my$@%x', 'x$@%last$@%x', 'x$@%statement$@%x', 'x$@%.$@%x']"
I02T-gNSC-p253-r2,tasting pizza,1,1,1,1,1,"1	tasting	_	JJ	JJ	_	2	amod	_	_
2	pizza	_	NN	NN	_	0	root	_	_
3	.	_	.	.	_	2	punct	_	_","['amod$@%tasting$@%pizza', 'root$@%pizza$@%VROOT', 'punct$@%.$@%pizza']","['amod$@%tasting$@%x', 'root$@%pizza$@%x', 'punct$@%.$@%x']","['amod$@%x$@%pizza', 'root$@%x$@%VROOT', 'punct$@%x$@%pizza']","['x$@%tasting$@%pizza', 'x$@%pizza$@%VROOT', 'x$@%.$@%pizza']","['x$@%tasting$@%x', 'x$@%pizza$@%x', 'x$@%.$@%x']"
I02T-gNSC-p254-r2,He is eating a slice of pizza,1,1,1,1,1,"1	he	_	PRP	PRP	_	3	nsubj	_	_
2	be	_	VBZ	VBZ	_	3	aux	_	_
3	eat	_	VBG	VBG	_	0	root	_	_
4	a	_	DT	DT	_	5	det	_	_
5	slice	_	NN	NN	_	3	dobj	_	_
6	of	_	IN	IN	_	0	erased	_	_
7	pizza	_	NN	NN	_	5	prep_of	_	_
8	.	_	.	.	_	3	punct	_	_","['nsubj$@%he$@%eat', 'aux$@%be$@%eat', 'root$@%eat$@%VROOT', 'det$@%a$@%slice', 'dobj$@%slice$@%eat', 'erased$@%of$@%WORDERASED', 'prep_of$@%pizza$@%slice', 'punct$@%.$@%eat']","['nsubj$@%he$@%x', 'aux$@%be$@%x', 'root$@%eat$@%x', 'det$@%a$@%x', 'dobj$@%slice$@%x', 'erased$@%of$@%x', 'prep_of$@%pizza$@%x', 'punct$@%.$@%x']","['nsubj$@%x$@%eat', 'aux$@%x$@%eat', 'root$@%x$@%VROOT', 'det$@%x$@%slice', 'dobj$@%x$@%eat', 'erased$@%x$@%WORDERASED', 'prep_of$@%x$@%slice', 'punct$@%x$@%eat']","['x$@%he$@%eat', 'x$@%be$@%eat', 'x$@%eat$@%VROOT', 'x$@%a$@%slice', 'x$@%slice$@%eat', 'x$@%of$@%WORDERASED', 'x$@%pizza$@%slice', 'x$@%.$@%eat']","['x$@%he$@%x', 'x$@%be$@%x', 'x$@%eat$@%x', 'x$@%a$@%x', 'x$@%slice$@%x', 'x$@%of$@%x', 'x$@%pizza$@%x', 'x$@%.$@%x']"
I02T-gNSC-p255-r2,This boy really likes pizza,0,0,1,1,1,"1	this	_	DT	DT	_	2	det	_	_
2	boy	_	NN	NN	_	4	nsubj	_	_
3	really	_	RB	RB	_	4	advmod	_	_
4	like	_	VBZ	VBZ	_	0	root	_	_
5	pizza	_	NN	NN	_	4	dobj	_	_
6	.	_	.	.	_	4	punct	_	_","['det$@%this$@%boy', 'nsubj$@%boy$@%like', 'advmod$@%really$@%like', 'root$@%like$@%VROOT', 'dobj$@%pizza$@%like', 'punct$@%.$@%like']","['det$@%this$@%x', 'nsubj$@%boy$@%x', 'advmod$@%really$@%x', 'root$@%like$@%x', 'dobj$@%pizza$@%x', 'punct$@%.$@%x']","['det$@%x$@%boy', 'nsubj$@%x$@%like', 'advmod$@%x$@%like', 'root$@%x$@%VROOT', 'dobj$@%x$@%like', 'punct$@%x$@%like']","['x$@%this$@%boy', 'x$@%boy$@%like', 'x$@%really$@%like', 'x$@%like$@%VROOT', 'x$@%pizza$@%like', 'x$@%.$@%like']","['x$@%this$@%x', 'x$@%boy$@%x', 'x$@%really$@%x', 'x$@%like$@%x', 'x$@%pizza$@%x', 'x$@%.$@%x']"
I02T-gNSC-p257-r2,He may get fat eating Pizza,1,0,1,1,0,"1	he	_	PRP	PRP	_	4	nsubj	_	_
2	may	_	MD	MD	_	4	aux	_	_
3	get	_	VB	VB	_	4	dep	_	_
4	fat	_	JJ	JJ	_	0	root	_	_
5	eating	_	VBG	VBG	_	4	xcomp	_	_
6	pizza	_	NNP	NNP	_	5	dobj	_	_
7	.	_	.	.	_	4	punct	_	_","['nsubj$@%he$@%fat', 'aux$@%may$@%fat', 'dep$@%get$@%fat', 'root$@%fat$@%VROOT', 'xcomp$@%eating$@%fat', 'dobj$@%pizza$@%eating', 'punct$@%.$@%fat']","['nsubj$@%he$@%x', 'aux$@%may$@%x', 'dep$@%get$@%x', 'root$@%fat$@%x', 'xcomp$@%eating$@%x', 'dobj$@%pizza$@%x', 'punct$@%.$@%x']","['nsubj$@%x$@%fat', 'aux$@%x$@%fat', 'dep$@%x$@%fat', 'root$@%x$@%VROOT', 'xcomp$@%x$@%fat', 'dobj$@%x$@%eating', 'punct$@%x$@%fat']","['x$@%he$@%fat', 'x$@%may$@%fat', 'x$@%get$@%fat', 'x$@%fat$@%VROOT', 'x$@%eating$@%fat', 'x$@%pizza$@%eating', 'x$@%.$@%fat']","['x$@%he$@%x', 'x$@%may$@%x', 'x$@%get$@%x', 'x$@%fat$@%x', 'x$@%eating$@%x', 'x$@%pizza$@%x', 'x$@%.$@%x']"
I02T-gNSC-p258-r2,This boy loves pizza.,0,0,1,1,1,"1	this	_	DT	DT	_	2	det	_	_
2	boy	_	NN	NN	_	3	nsubj	_	_
3	love	_	VBZ	VBZ	_	0	root	_	_
4	pizza	_	NN	NN	_	3	dobj	_	_
5	.	_	.	.	_	3	punct	_	_","['det$@%this$@%boy', 'nsubj$@%boy$@%love', 'root$@%love$@%VROOT', 'dobj$@%pizza$@%love', 'punct$@%.$@%love']","['det$@%this$@%x', 'nsubj$@%boy$@%x', 'root$@%love$@%x', 'dobj$@%pizza$@%x', 'punct$@%.$@%x']","['det$@%x$@%boy', 'nsubj$@%x$@%love', 'root$@%x$@%VROOT', 'dobj$@%x$@%love', 'punct$@%x$@%love']","['x$@%this$@%boy', 'x$@%boy$@%love', 'x$@%love$@%VROOT', 'x$@%pizza$@%love', 'x$@%.$@%love']","['x$@%this$@%x', 'x$@%boy$@%x', 'x$@%love$@%x', 'x$@%pizza$@%x', 'x$@%.$@%x']"
I02T-gNSC-p261-r2,The kid is eating a slice of meatball pizza.,1,0,1,1,0,"1	the	_	DT	DT	_	2	det	_	_
2	kid	_	NN	NN	_	4	nsubj	_	_
3	be	_	VBZ	VBZ	_	4	aux	_	_
4	eat	_	VBG	VBG	_	0	root	_	_
5	a	_	DT	DT	_	6	det	_	_
6	slice	_	NN	NN	_	4	dobj	_	_
7	of	_	IN	IN	_	0	erased	_	_
8	meatball	_	JJ	JJ	_	9	amod	_	_
9	pizza	_	NN	NN	_	6	prep_of	_	_
10	.	_	.	.	_	4	punct	_	_","['det$@%the$@%kid', 'nsubj$@%kid$@%eat', 'aux$@%be$@%eat', 'root$@%eat$@%VROOT', 'det$@%a$@%slice', 'dobj$@%slice$@%eat', 'erased$@%of$@%WORDERASED', 'amod$@%meatball$@%pizza', 'prep_of$@%pizza$@%slice', 'punct$@%.$@%eat']","['det$@%the$@%x', 'nsubj$@%kid$@%x', 'aux$@%be$@%x', 'root$@%eat$@%x', 'det$@%a$@%x', 'dobj$@%slice$@%x', 'erased$@%of$@%x', 'amod$@%meatball$@%x', 'prep_of$@%pizza$@%x', 'punct$@%.$@%x']","['det$@%x$@%kid', 'nsubj$@%x$@%eat', 'aux$@%x$@%eat', 'root$@%x$@%VROOT', 'det$@%x$@%slice', 'dobj$@%x$@%eat', 'erased$@%x$@%WORDERASED', 'amod$@%x$@%pizza', 'prep_of$@%x$@%slice', 'punct$@%x$@%eat']","['x$@%the$@%kid', 'x$@%kid$@%eat', 'x$@%be$@%eat', 'x$@%eat$@%VROOT', 'x$@%a$@%slice', 'x$@%slice$@%eat', 'x$@%of$@%WORDERASED', 'x$@%meatball$@%pizza', 'x$@%pizza$@%slice', 'x$@%.$@%eat']","['x$@%the$@%x', 'x$@%kid$@%x', 'x$@%be$@%x', 'x$@%eat$@%x', 'x$@%a$@%x', 'x$@%slice$@%x', 'x$@%of$@%x', 'x$@%meatball$@%x', 'x$@%pizza$@%x', 'x$@%.$@%x']"
I02T-gNSC-p262-r2,He is enjoying a piece of pizzA,1,1,1,1,1,"1	he	_	PRP	PRP	_	3	nsubj	_	_
2	be	_	VBZ	VBZ	_	3	aux	_	_
3	enjoy	_	VBG	VBG	_	0	root	_	_
4	a	_	DT	DT	_	5	det	_	_
5	piece	_	NN	NN	_	3	dobj	_	_
6	of	_	IN	IN	_	0	erased	_	_
7	pizza	_	NN	NN	_	5	prep_of	_	_
8	.	_	.	.	_	3	punct	_	_","['nsubj$@%he$@%enjoy', 'aux$@%be$@%enjoy', 'root$@%enjoy$@%VROOT', 'det$@%a$@%piece', 'dobj$@%piece$@%enjoy', 'erased$@%of$@%WORDERASED', 'prep_of$@%pizza$@%piece', 'punct$@%.$@%enjoy']","['nsubj$@%he$@%x', 'aux$@%be$@%x', 'root$@%enjoy$@%x', 'det$@%a$@%x', 'dobj$@%piece$@%x', 'erased$@%of$@%x', 'prep_of$@%pizza$@%x', 'punct$@%.$@%x']","['nsubj$@%x$@%enjoy', 'aux$@%x$@%enjoy', 'root$@%x$@%VROOT', 'det$@%x$@%piece', 'dobj$@%x$@%enjoy', 'erased$@%x$@%WORDERASED', 'prep_of$@%x$@%piece', 'punct$@%x$@%enjoy']","['x$@%he$@%enjoy', 'x$@%be$@%enjoy', 'x$@%enjoy$@%VROOT', 'x$@%a$@%piece', 'x$@%piece$@%enjoy', 'x$@%of$@%WORDERASED', 'x$@%pizza$@%piece', 'x$@%.$@%enjoy']","['x$@%he$@%x', 'x$@%be$@%x', 'x$@%enjoy$@%x', 'x$@%a$@%x', 'x$@%piece$@%x', 'x$@%of$@%x', 'x$@%pizza$@%x', 'x$@%.$@%x']"
I02T-gNSC-p263-r2,Eating pizza makes the boy happy.,1,0,1,1,1,"1	eating	_	NNP	NNP	_	2	nn	_	_
2	pizza	_	NN	NN	_	3	nsubj	_	_
3	make	_	VBZ	VBZ	_	0	root	_	_
4	the	_	DT	DT	_	5	det	_	_
5	boy	_	NN	NN	_	6	nsubj	_	_
6	happy	_	JJ	JJ	_	3	xcomp	_	_
7	.	_	.	.	_	3	punct	_	_","['nn$@%eating$@%pizza', 'nsubj$@%pizza$@%make', 'root$@%make$@%VROOT', 'det$@%the$@%boy', 'nsubj$@%boy$@%happy', 'xcomp$@%happy$@%make', 'punct$@%.$@%make']","['nn$@%eating$@%x', 'nsubj$@%pizza$@%x', 'root$@%make$@%x', 'det$@%the$@%x', 'nsubj$@%boy$@%x', 'xcomp$@%happy$@%x', 'punct$@%.$@%x']","['nn$@%x$@%pizza', 'nsubj$@%x$@%make', 'root$@%x$@%VROOT', 'det$@%x$@%boy', 'nsubj$@%x$@%happy', 'xcomp$@%x$@%make', 'punct$@%x$@%make']","['x$@%eating$@%pizza', 'x$@%pizza$@%make', 'x$@%make$@%VROOT', 'x$@%the$@%boy', 'x$@%boy$@%happy', 'x$@%happy$@%make', 'x$@%.$@%make']","['x$@%eating$@%x', 'x$@%pizza$@%x', 'x$@%make$@%x', 'x$@%the$@%x', 'x$@%boy$@%x', 'x$@%happy$@%x', 'x$@%.$@%x']"
I02T-gNSC-p264-r2,The boy is eating a slice pizza.,1,1,1,1,1,"1	the	_	DT	DT	_	2	det	_	_
2	boy	_	NN	NN	_	4	nsubj	_	_
3	be	_	VBZ	VBZ	_	4	aux	_	_
4	eat	_	VBG	VBG	_	0	root	_	_
5	a	_	DT	DT	_	7	det	_	_
6	slice	_	NN	NN	_	7	nn	_	_
7	pizza	_	NN	NN	_	4	dobj	_	_
8	.	_	.	.	_	4	punct	_	_","['det$@%the$@%boy', 'nsubj$@%boy$@%eat', 'aux$@%be$@%eat', 'root$@%eat$@%VROOT', 'det$@%a$@%pizza', 'nn$@%slice$@%pizza', 'dobj$@%pizza$@%eat', 'punct$@%.$@%eat']","['det$@%the$@%x', 'nsubj$@%boy$@%x', 'aux$@%be$@%x', 'root$@%eat$@%x', 'det$@%a$@%x', 'nn$@%slice$@%x', 'dobj$@%pizza$@%x', 'punct$@%.$@%x']","['det$@%x$@%boy', 'nsubj$@%x$@%eat', 'aux$@%x$@%eat', 'root$@%x$@%VROOT', 'det$@%x$@%pizza', 'nn$@%x$@%pizza', 'dobj$@%x$@%eat', 'punct$@%x$@%eat']","['x$@%the$@%boy', 'x$@%boy$@%eat', 'x$@%be$@%eat', 'x$@%eat$@%VROOT', 'x$@%a$@%pizza', 'x$@%slice$@%pizza', 'x$@%pizza$@%eat', 'x$@%.$@%eat']","['x$@%the$@%x', 'x$@%boy$@%x', 'x$@%be$@%x', 'x$@%eat$@%x', 'x$@%a$@%x', 'x$@%slice$@%x', 'x$@%pizza$@%x', 'x$@%.$@%x']"
I02T-gNSC-p266-r2,The boy is about to take a bite from a slice of plain pizza. ,1,1,1,1,0,"1	the	_	DT	DT	_	2	det	_	_
2	boy	_	NN	NN	_	6	xsubj	_	_
3	be	_	VBZ	VBZ	_	4	aux	_	_
4	about	_	IN	IN	_	0	root	_	_
5	to	_	TO	TO	_	6	aux	_	_
6	take	_	VB	VB	_	4	xcomp	_	_
7	a	_	DT	DT	_	8	det	_	_
8	bite	_	NN	NN	_	6	dobj	_	_
9	from	_	IN	IN	_	0	erased	_	_
10	a	_	DT	DT	_	11	det	_	_
11	slice	_	NN	NN	_	6	prep_from	_	_
12	of	_	IN	IN	_	0	erased	_	_
13	plain	_	JJ	JJ	_	14	amod	_	_
14	pizza	_	NN	NN	_	11	prep_of	_	_
15	.	_	.	.	_	4	punct	_	_","['det$@%the$@%boy', 'xsubj$@%boy$@%take', 'aux$@%be$@%about', 'root$@%about$@%VROOT', 'aux$@%to$@%take', 'xcomp$@%take$@%about', 'det$@%a$@%bite', 'dobj$@%bite$@%take', 'erased$@%from$@%WORDERASED', 'det$@%a$@%slice', 'prep_from$@%slice$@%take', 'erased$@%of$@%WORDERASED', 'amod$@%plain$@%pizza', 'prep_of$@%pizza$@%slice', 'punct$@%.$@%about']","['det$@%the$@%x', 'xsubj$@%boy$@%x', 'aux$@%be$@%x', 'root$@%about$@%x', 'aux$@%to$@%x', 'xcomp$@%take$@%x', 'det$@%a$@%x', 'dobj$@%bite$@%x', 'erased$@%from$@%x', 'det$@%a$@%x', 'prep_from$@%slice$@%x', 'erased$@%of$@%x', 'amod$@%plain$@%x', 'prep_of$@%pizza$@%x', 'punct$@%.$@%x']","['det$@%x$@%boy', 'xsubj$@%x$@%take', 'aux$@%x$@%about', 'root$@%x$@%VROOT', 'aux$@%x$@%take', 'xcomp$@%x$@%about', 'det$@%x$@%bite', 'dobj$@%x$@%take', 'erased$@%x$@%WORDERASED', 'det$@%x$@%slice', 'prep_from$@%x$@%take', 'erased$@%x$@%WORDERASED', 'amod$@%x$@%pizza', 'prep_of$@%x$@%slice', 'punct$@%x$@%about']","['x$@%the$@%boy', 'x$@%boy$@%take', 'x$@%be$@%about', 'x$@%about$@%VROOT', 'x$@%to$@%take', 'x$@%take$@%about', 'x$@%a$@%bite', 'x$@%bite$@%take', 'x$@%from$@%WORDERASED', 'x$@%a$@%slice', 'x$@%slice$@%take', 'x$@%of$@%WORDERASED', 'x$@%plain$@%pizza', 'x$@%pizza$@%slice', 'x$@%.$@%about']","['x$@%the$@%x', 'x$@%boy$@%x', 'x$@%be$@%x', 'x$@%about$@%x', 'x$@%to$@%x', 'x$@%take$@%x', 'x$@%a$@%x', 'x$@%bite$@%x', 'x$@%from$@%x', 'x$@%a$@%x', 'x$@%slice$@%x', 'x$@%of$@%x', 'x$@%plain$@%x', 'x$@%pizza$@%x', 'x$@%.$@%x']"
I02T-gNSC-p270-r2,The not is happy to eat pizza.,0,0,0,0,0,"1	the	_	DT	DT	_	2	det	_	_
2	not	_	RB	RB	_	4	nsubj	_	_
3	be	_	VBZ	VBZ	_	4	cop	_	_
4	happy	_	JJ	JJ	_	0	root	_	_
5	to	_	TO	TO	_	6	aux	_	_
6	eat	_	VB	VB	_	4	xcomp	_	_
7	pizza	_	NN	NN	_	6	dobj	_	_
8	.	_	.	.	_	4	punct	_	_","['det$@%the$@%not', 'nsubj$@%not$@%happy', 'cop$@%be$@%happy', 'root$@%happy$@%VROOT', 'aux$@%to$@%eat', 'xcomp$@%eat$@%happy', 'dobj$@%pizza$@%eat', 'punct$@%.$@%happy']","['det$@%the$@%x', 'nsubj$@%not$@%x', 'cop$@%be$@%x', 'root$@%happy$@%x', 'aux$@%to$@%x', 'xcomp$@%eat$@%x', 'dobj$@%pizza$@%x', 'punct$@%.$@%x']","['det$@%x$@%not', 'nsubj$@%x$@%happy', 'cop$@%x$@%happy', 'root$@%x$@%VROOT', 'aux$@%x$@%eat', 'xcomp$@%x$@%happy', 'dobj$@%x$@%eat', 'punct$@%x$@%happy']","['x$@%the$@%not', 'x$@%not$@%happy', 'x$@%be$@%happy', 'x$@%happy$@%VROOT', 'x$@%to$@%eat', 'x$@%eat$@%happy', 'x$@%pizza$@%eat', 'x$@%.$@%happy']","['x$@%the$@%x', 'x$@%not$@%x', 'x$@%be$@%x', 'x$@%happy$@%x', 'x$@%to$@%x', 'x$@%eat$@%x', 'x$@%pizza$@%x', 'x$@%.$@%x']"
I02T-gNSC-p271-r2,The boy is ready to gobble the pizza. ,1,1,1,1,1,"1	the	_	DT	DT	_	2	det	_	_
2	boy	_	NN	NN	_	4	nsubj	_	_
3	be	_	VBZ	VBZ	_	4	cop	_	_
4	ready	_	JJ	JJ	_	0	root	_	_
5	to	_	TO	TO	_	6	aux	_	_
6	gobble	_	VB	VB	_	4	xcomp	_	_
7	the	_	DT	DT	_	8	det	_	_
8	pizza	_	NN	NN	_	6	dobj	_	_
9	.	_	.	.	_	4	punct	_	_","['det$@%the$@%boy', 'nsubj$@%boy$@%ready', 'cop$@%be$@%ready', 'root$@%ready$@%VROOT', 'aux$@%to$@%gobble', 'xcomp$@%gobble$@%ready', 'det$@%the$@%pizza', 'dobj$@%pizza$@%gobble', 'punct$@%.$@%ready']","['det$@%the$@%x', 'nsubj$@%boy$@%x', 'cop$@%be$@%x', 'root$@%ready$@%x', 'aux$@%to$@%x', 'xcomp$@%gobble$@%x', 'det$@%the$@%x', 'dobj$@%pizza$@%x', 'punct$@%.$@%x']","['det$@%x$@%boy', 'nsubj$@%x$@%ready', 'cop$@%x$@%ready', 'root$@%x$@%VROOT', 'aux$@%x$@%gobble', 'xcomp$@%x$@%ready', 'det$@%x$@%pizza', 'dobj$@%x$@%gobble', 'punct$@%x$@%ready']","['x$@%the$@%boy', 'x$@%boy$@%ready', 'x$@%be$@%ready', 'x$@%ready$@%VROOT', 'x$@%to$@%gobble', 'x$@%gobble$@%ready', 'x$@%the$@%pizza', 'x$@%pizza$@%gobble', 'x$@%.$@%ready']","['x$@%the$@%x', 'x$@%boy$@%x', 'x$@%be$@%x', 'x$@%ready$@%x', 'x$@%to$@%x', 'x$@%gobble$@%x', 'x$@%the$@%x', 'x$@%pizza$@%x', 'x$@%.$@%x']"
I02T-gNSC-p272-r2,Gub ,0,0,0,0,0,"1	gub	_	VB	VB	_	0	root	_	_
2	.	_	.	.	_	1	punct	_	_","['root$@%gub$@%VROOT', 'punct$@%.$@%gub']","['root$@%gub$@%x', 'punct$@%.$@%x']","['root$@%x$@%VROOT', 'punct$@%x$@%gub']","['x$@%gub$@%VROOT', 'x$@%.$@%gub']","['x$@%gub$@%x', 'x$@%.$@%x']"
I02T-gNSC-p274-r2,The boy is about to eat a piece of pizza.,1,1,1,1,1,"1	the	_	DT	DT	_	2	det	_	_
2	boy	_	NN	NN	_	6	xsubj	_	_
3	be	_	VBZ	VBZ	_	4	aux	_	_
4	about	_	IN	IN	_	0	root	_	_
5	to	_	TO	TO	_	6	aux	_	_
6	eat	_	VB	VB	_	4	xcomp	_	_
7	a	_	DT	DT	_	8	det	_	_
8	piece	_	NN	NN	_	6	dobj	_	_
9	of	_	IN	IN	_	0	erased	_	_
10	pizza	_	NN	NN	_	8	prep_of	_	_
11	.	_	.	.	_	4	punct	_	_","['det$@%the$@%boy', 'xsubj$@%boy$@%eat', 'aux$@%be$@%about', 'root$@%about$@%VROOT', 'aux$@%to$@%eat', 'xcomp$@%eat$@%about', 'det$@%a$@%piece', 'dobj$@%piece$@%eat', 'erased$@%of$@%WORDERASED', 'prep_of$@%pizza$@%piece', 'punct$@%.$@%about']","['det$@%the$@%x', 'xsubj$@%boy$@%x', 'aux$@%be$@%x', 'root$@%about$@%x', 'aux$@%to$@%x', 'xcomp$@%eat$@%x', 'det$@%a$@%x', 'dobj$@%piece$@%x', 'erased$@%of$@%x', 'prep_of$@%pizza$@%x', 'punct$@%.$@%x']","['det$@%x$@%boy', 'xsubj$@%x$@%eat', 'aux$@%x$@%about', 'root$@%x$@%VROOT', 'aux$@%x$@%eat', 'xcomp$@%x$@%about', 'det$@%x$@%piece', 'dobj$@%x$@%eat', 'erased$@%x$@%WORDERASED', 'prep_of$@%x$@%piece', 'punct$@%x$@%about']","['x$@%the$@%boy', 'x$@%boy$@%eat', 'x$@%be$@%about', 'x$@%about$@%VROOT', 'x$@%to$@%eat', 'x$@%eat$@%about', 'x$@%a$@%piece', 'x$@%piece$@%eat', 'x$@%of$@%WORDERASED', 'x$@%pizza$@%piece', 'x$@%.$@%about']","['x$@%the$@%x', 'x$@%boy$@%x', 'x$@%be$@%x', 'x$@%about$@%x', 'x$@%to$@%x', 'x$@%eat$@%x', 'x$@%a$@%x', 'x$@%piece$@%x', 'x$@%of$@%x', 'x$@%pizza$@%x', 'x$@%.$@%x']"
I02T-gNSC-p276-r2,He is about to eat a slice of pizza,1,1,1,1,1,"1	he	_	PRP	PRP	_	5	xsubj	_	_
2	be	_	VBZ	VBZ	_	3	aux	_	_
3	about	_	IN	IN	_	0	root	_	_
4	to	_	TO	TO	_	5	aux	_	_
5	eat	_	VB	VB	_	3	xcomp	_	_
6	a	_	DT	DT	_	7	det	_	_
7	slice	_	NN	NN	_	5	dobj	_	_
8	of	_	IN	IN	_	0	erased	_	_
9	pizza	_	NN	NN	_	7	prep_of	_	_
10	.	_	.	.	_	3	punct	_	_","['xsubj$@%he$@%eat', 'aux$@%be$@%about', 'root$@%about$@%VROOT', 'aux$@%to$@%eat', 'xcomp$@%eat$@%about', 'det$@%a$@%slice', 'dobj$@%slice$@%eat', 'erased$@%of$@%WORDERASED', 'prep_of$@%pizza$@%slice', 'punct$@%.$@%about']","['xsubj$@%he$@%x', 'aux$@%be$@%x', 'root$@%about$@%x', 'aux$@%to$@%x', 'xcomp$@%eat$@%x', 'det$@%a$@%x', 'dobj$@%slice$@%x', 'erased$@%of$@%x', 'prep_of$@%pizza$@%x', 'punct$@%.$@%x']","['xsubj$@%x$@%eat', 'aux$@%x$@%about', 'root$@%x$@%VROOT', 'aux$@%x$@%eat', 'xcomp$@%x$@%about', 'det$@%x$@%slice', 'dobj$@%x$@%eat', 'erased$@%x$@%WORDERASED', 'prep_of$@%x$@%slice', 'punct$@%x$@%about']","['x$@%he$@%eat', 'x$@%be$@%about', 'x$@%about$@%VROOT', 'x$@%to$@%eat', 'x$@%eat$@%about', 'x$@%a$@%slice', 'x$@%slice$@%eat', 'x$@%of$@%WORDERASED', 'x$@%pizza$@%slice', 'x$@%.$@%about']","['x$@%he$@%x', 'x$@%be$@%x', 'x$@%about$@%x', 'x$@%to$@%x', 'x$@%eat$@%x', 'x$@%a$@%x', 'x$@%slice$@%x', 'x$@%of$@%x', 'x$@%pizza$@%x', 'x$@%.$@%x']"
I02T-gNSC-p277-r2,The boy looks happy to have that slice of pie!,0,0,1,1,1,"1	the	_	DT	DT	_	2	det	_	_
2	boy	_	NN	NN	_	3	nsubj	_	_
3	look	_	VBZ	VBZ	_	0	root	_	_
4	happy	_	JJ	JJ	_	3	acomp	_	_
5	to	_	TO	TO	_	6	aux	_	_
6	have	_	VB	VB	_	4	xcomp	_	_
7	that	_	DT	DT	_	8	det	_	_
8	slice	_	NN	NN	_	6	dobj	_	_
9	of	_	IN	IN	_	0	erased	_	_
10	pie	_	NN	NN	_	8	prep_of	_	_
11	!	_	.	.	_	3	punct	_	_","['det$@%the$@%boy', 'nsubj$@%boy$@%look', 'root$@%look$@%VROOT', 'acomp$@%happy$@%look', 'aux$@%to$@%have', 'xcomp$@%have$@%happy', 'det$@%that$@%slice', 'dobj$@%slice$@%have', 'erased$@%of$@%WORDERASED', 'prep_of$@%pie$@%slice', 'punct$@%!$@%look']","['det$@%the$@%x', 'nsubj$@%boy$@%x', 'root$@%look$@%x', 'acomp$@%happy$@%x', 'aux$@%to$@%x', 'xcomp$@%have$@%x', 'det$@%that$@%x', 'dobj$@%slice$@%x', 'erased$@%of$@%x', 'prep_of$@%pie$@%x', 'punct$@%!$@%x']","['det$@%x$@%boy', 'nsubj$@%x$@%look', 'root$@%x$@%VROOT', 'acomp$@%x$@%look', 'aux$@%x$@%have', 'xcomp$@%x$@%happy', 'det$@%x$@%slice', 'dobj$@%x$@%have', 'erased$@%x$@%WORDERASED', 'prep_of$@%x$@%slice', 'punct$@%x$@%look']","['x$@%the$@%boy', 'x$@%boy$@%look', 'x$@%look$@%VROOT', 'x$@%happy$@%look', 'x$@%to$@%have', 'x$@%have$@%happy', 'x$@%that$@%slice', 'x$@%slice$@%have', 'x$@%of$@%WORDERASED', 'x$@%pie$@%slice', 'x$@%!$@%look']","['x$@%the$@%x', 'x$@%boy$@%x', 'x$@%look$@%x', 'x$@%happy$@%x', 'x$@%to$@%x', 'x$@%have$@%x', 'x$@%that$@%x', 'x$@%slice$@%x', 'x$@%of$@%x', 'x$@%pie$@%x', 'x$@%!$@%x']"
I02T-gNSC-p282-r2,The pizza looks good.,0,0,1,1,0,"1	the	_	DT	DT	_	2	det	_	_
2	pizza	_	NN	NN	_	3	nsubj	_	_
3	look	_	VBZ	VBZ	_	0	root	_	_
4	good	_	JJ	JJ	_	3	acomp	_	_
5	.	_	.	.	_	3	punct	_	_","['det$@%the$@%pizza', 'nsubj$@%pizza$@%look', 'root$@%look$@%VROOT', 'acomp$@%good$@%look', 'punct$@%.$@%look']","['det$@%the$@%x', 'nsubj$@%pizza$@%x', 'root$@%look$@%x', 'acomp$@%good$@%x', 'punct$@%.$@%x']","['det$@%x$@%pizza', 'nsubj$@%x$@%look', 'root$@%x$@%VROOT', 'acomp$@%x$@%look', 'punct$@%x$@%look']","['x$@%the$@%pizza', 'x$@%pizza$@%look', 'x$@%look$@%VROOT', 'x$@%good$@%look', 'x$@%.$@%look']","['x$@%the$@%x', 'x$@%pizza$@%x', 'x$@%look$@%x', 'x$@%good$@%x', 'x$@%.$@%x']"
I02T-gNSF-p293-r2,He is getting ready to take a bite of pizza.,1,1,1,1,1,"1	he	_	PRP	PRP	_	4	nsubj	_	_
2	be	_	VBZ	VBZ	_	4	aux	_	_
3	get	_	VBG	VBG	_	4	dep	_	_
4	ready	_	JJ	JJ	_	0	root	_	_
5	to	_	TO	TO	_	6	aux	_	_
6	take	_	VB	VB	_	4	xcomp	_	_
7	a	_	DT	DT	_	8	det	_	_
8	bite	_	NN	NN	_	6	dobj	_	_
9	of	_	IN	IN	_	0	erased	_	_
10	pizza	_	NN	NN	_	8	prep_of	_	_
11	.	_	.	.	_	4	punct	_	_","['nsubj$@%he$@%ready', 'aux$@%be$@%ready', 'dep$@%get$@%ready', 'root$@%ready$@%VROOT', 'aux$@%to$@%take', 'xcomp$@%take$@%ready', 'det$@%a$@%bite', 'dobj$@%bite$@%take', 'erased$@%of$@%WORDERASED', 'prep_of$@%pizza$@%bite', 'punct$@%.$@%ready']","['nsubj$@%he$@%x', 'aux$@%be$@%x', 'dep$@%get$@%x', 'root$@%ready$@%x', 'aux$@%to$@%x', 'xcomp$@%take$@%x', 'det$@%a$@%x', 'dobj$@%bite$@%x', 'erased$@%of$@%x', 'prep_of$@%pizza$@%x', 'punct$@%.$@%x']","['nsubj$@%x$@%ready', 'aux$@%x$@%ready', 'dep$@%x$@%ready', 'root$@%x$@%VROOT', 'aux$@%x$@%take', 'xcomp$@%x$@%ready', 'det$@%x$@%bite', 'dobj$@%x$@%take', 'erased$@%x$@%WORDERASED', 'prep_of$@%x$@%bite', 'punct$@%x$@%ready']","['x$@%he$@%ready', 'x$@%be$@%ready', 'x$@%get$@%ready', 'x$@%ready$@%VROOT', 'x$@%to$@%take', 'x$@%take$@%ready', 'x$@%a$@%bite', 'x$@%bite$@%take', 'x$@%of$@%WORDERASED', 'x$@%pizza$@%bite', 'x$@%.$@%ready']","['x$@%he$@%x', 'x$@%be$@%x', 'x$@%get$@%x', 'x$@%ready$@%x', 'x$@%to$@%x', 'x$@%take$@%x', 'x$@%a$@%x', 'x$@%bite$@%x', 'x$@%of$@%x', 'x$@%pizza$@%x', 'x$@%.$@%x']"
I02T-gNSF-p299-r2,The boy is having lunch.,0,1,1,1,1,"1	the	_	DT	DT	_	2	det	_	_
2	boy	_	NN	NN	_	4	nsubj	_	_
3	be	_	VBZ	VBZ	_	4	aux	_	_
4	have	_	VBG	VBG	_	0	root	_	_
5	lunch	_	VB	VB	_	4	dobj	_	_
6	.	_	.	.	_	4	punct	_	_","['det$@%the$@%boy', 'nsubj$@%boy$@%have', 'aux$@%be$@%have', 'root$@%have$@%VROOT', 'dobj$@%lunch$@%have', 'punct$@%.$@%have']","['det$@%the$@%x', 'nsubj$@%boy$@%x', 'aux$@%be$@%x', 'root$@%have$@%x', 'dobj$@%lunch$@%x', 'punct$@%.$@%x']","['det$@%x$@%boy', 'nsubj$@%x$@%have', 'aux$@%x$@%have', 'root$@%x$@%VROOT', 'dobj$@%x$@%have', 'punct$@%x$@%have']","['x$@%the$@%boy', 'x$@%boy$@%have', 'x$@%be$@%have', 'x$@%have$@%VROOT', 'x$@%lunch$@%have', 'x$@%.$@%have']","['x$@%the$@%x', 'x$@%boy$@%x', 'x$@%be$@%x', 'x$@%have$@%x', 'x$@%lunch$@%x', 'x$@%.$@%x']"
I02T-gNSF-p301-r2,The boy is viewing the food he is about to ingest.,0,1,1,1,1,"1	the	_	DT	DT	_	2	det	_	_
2	boy	_	NN	NN	_	4	nsubj	_	_
3	be	_	VBZ	VBZ	_	4	aux	_	_
4	view	_	VBG	VBG	_	0	root	_	_
5	the	_	DT	DT	_	6	det	_	_
6	food	_	NN	NN	_	9	dobj	_	_
7	he	_	PRP	PRP	_	11	xsubj	_	_
8	be	_	VBZ	VBZ	_	9	aux	_	_
9	about	_	IN	IN	_	6	rcmod	_	_
10	to	_	TO	TO	_	11	aux	_	_
11	ingest	_	VB	VB	_	9	xcomp	_	_
12	.	_	.	.	_	4	punct	_	_","['det$@%the$@%boy', 'nsubj$@%boy$@%view', 'aux$@%be$@%view', 'root$@%view$@%VROOT', 'det$@%the$@%food', 'dobj$@%food$@%about', 'xsubj$@%he$@%ingest', 'aux$@%be$@%about', 'rcmod$@%about$@%food', 'aux$@%to$@%ingest', 'xcomp$@%ingest$@%about', 'punct$@%.$@%view']","['det$@%the$@%x', 'nsubj$@%boy$@%x', 'aux$@%be$@%x', 'root$@%view$@%x', 'det$@%the$@%x', 'dobj$@%food$@%x', 'xsubj$@%he$@%x', 'aux$@%be$@%x', 'rcmod$@%about$@%x', 'aux$@%to$@%x', 'xcomp$@%ingest$@%x', 'punct$@%.$@%x']","['det$@%x$@%boy', 'nsubj$@%x$@%view', 'aux$@%x$@%view', 'root$@%x$@%VROOT', 'det$@%x$@%food', 'dobj$@%x$@%about', 'xsubj$@%x$@%ingest', 'aux$@%x$@%about', 'rcmod$@%x$@%food', 'aux$@%x$@%ingest', 'xcomp$@%x$@%about', 'punct$@%x$@%view']","['x$@%the$@%boy', 'x$@%boy$@%view', 'x$@%be$@%view', 'x$@%view$@%VROOT', 'x$@%the$@%food', 'x$@%food$@%about', 'x$@%he$@%ingest', 'x$@%be$@%about', 'x$@%about$@%food', 'x$@%to$@%ingest', 'x$@%ingest$@%about', 'x$@%.$@%view']","['x$@%the$@%x', 'x$@%boy$@%x', 'x$@%be$@%x', 'x$@%view$@%x', 'x$@%the$@%x', 'x$@%food$@%x', 'x$@%he$@%x', 'x$@%be$@%x', 'x$@%about$@%x', 'x$@%to$@%x', 'x$@%ingest$@%x', 'x$@%.$@%x']"
I02T-gNSF-p302-r2,He is about to chow down on some pizza.,1,1,1,1,1,"1	he	_	PRP	PRP	_	5	xsubj	_	_
2	be	_	VBZ	VBZ	_	3	aux	_	_
3	about	_	IN	IN	_	0	root	_	_
4	to	_	TO	TO	_	5	aux	_	_
5	chow	_	VB	VB	_	3	xcomp	_	_
6	down	_	RP	RP	_	5	prt	_	_
7	on	_	IN	IN	_	0	erased	_	_
8	some	_	DT	DT	_	9	det	_	_
9	pizza	_	NN	NN	_	5	prep_on	_	_
10	.	_	.	.	_	3	punct	_	_","['xsubj$@%he$@%chow', 'aux$@%be$@%about', 'root$@%about$@%VROOT', 'aux$@%to$@%chow', 'xcomp$@%chow$@%about', 'prt$@%down$@%chow', 'erased$@%on$@%WORDERASED', 'det$@%some$@%pizza', 'prep_on$@%pizza$@%chow', 'punct$@%.$@%about']","['xsubj$@%he$@%x', 'aux$@%be$@%x', 'root$@%about$@%x', 'aux$@%to$@%x', 'xcomp$@%chow$@%x', 'prt$@%down$@%x', 'erased$@%on$@%x', 'det$@%some$@%x', 'prep_on$@%pizza$@%x', 'punct$@%.$@%x']","['xsubj$@%x$@%chow', 'aux$@%x$@%about', 'root$@%x$@%VROOT', 'aux$@%x$@%chow', 'xcomp$@%x$@%about', 'prt$@%x$@%chow', 'erased$@%x$@%WORDERASED', 'det$@%x$@%pizza', 'prep_on$@%x$@%chow', 'punct$@%x$@%about']","['x$@%he$@%chow', 'x$@%be$@%about', 'x$@%about$@%VROOT', 'x$@%to$@%chow', 'x$@%chow$@%about', 'x$@%down$@%chow', 'x$@%on$@%WORDERASED', 'x$@%some$@%pizza', 'x$@%pizza$@%chow', 'x$@%.$@%about']","['x$@%he$@%x', 'x$@%be$@%x', 'x$@%about$@%x', 'x$@%to$@%x', 'x$@%chow$@%x', 'x$@%down$@%x', 'x$@%on$@%x', 'x$@%some$@%x', 'x$@%pizza$@%x', 'x$@%.$@%x']"
I02T-gNSF-p303-r2,He is about to take a bite of pizza.,1,1,1,1,1,"1	he	_	PRP	PRP	_	5	xsubj	_	_
2	be	_	VBZ	VBZ	_	3	aux	_	_
3	about	_	IN	IN	_	0	root	_	_
4	to	_	TO	TO	_	5	aux	_	_
5	take	_	VB	VB	_	3	xcomp	_	_
6	a	_	DT	DT	_	7	det	_	_
7	bite	_	NN	NN	_	5	dobj	_	_
8	of	_	IN	IN	_	0	erased	_	_
9	pizza	_	NN	NN	_	7	prep_of	_	_
10	.	_	.	.	_	3	punct	_	_","['xsubj$@%he$@%take', 'aux$@%be$@%about', 'root$@%about$@%VROOT', 'aux$@%to$@%take', 'xcomp$@%take$@%about', 'det$@%a$@%bite', 'dobj$@%bite$@%take', 'erased$@%of$@%WORDERASED', 'prep_of$@%pizza$@%bite', 'punct$@%.$@%about']","['xsubj$@%he$@%x', 'aux$@%be$@%x', 'root$@%about$@%x', 'aux$@%to$@%x', 'xcomp$@%take$@%x', 'det$@%a$@%x', 'dobj$@%bite$@%x', 'erased$@%of$@%x', 'prep_of$@%pizza$@%x', 'punct$@%.$@%x']","['xsubj$@%x$@%take', 'aux$@%x$@%about', 'root$@%x$@%VROOT', 'aux$@%x$@%take', 'xcomp$@%x$@%about', 'det$@%x$@%bite', 'dobj$@%x$@%take', 'erased$@%x$@%WORDERASED', 'prep_of$@%x$@%bite', 'punct$@%x$@%about']","['x$@%he$@%take', 'x$@%be$@%about', 'x$@%about$@%VROOT', 'x$@%to$@%take', 'x$@%take$@%about', 'x$@%a$@%bite', 'x$@%bite$@%take', 'x$@%of$@%WORDERASED', 'x$@%pizza$@%bite', 'x$@%.$@%about']","['x$@%he$@%x', 'x$@%be$@%x', 'x$@%about$@%x', 'x$@%to$@%x', 'x$@%take$@%x', 'x$@%a$@%x', 'x$@%bite$@%x', 'x$@%of$@%x', 'x$@%pizza$@%x', 'x$@%.$@%x']"
I02T-gNSF-p306-r2,The boy is about to eat a slice of pizza.,1,0,1,1,1,"1	the	_	DT	DT	_	2	det	_	_
2	boy	_	NN	NN	_	6	xsubj	_	_
3	be	_	VBZ	VBZ	_	4	aux	_	_
4	about	_	IN	IN	_	0	root	_	_
5	to	_	TO	TO	_	6	aux	_	_
6	eat	_	VB	VB	_	4	xcomp	_	_
7	a	_	DT	DT	_	8	det	_	_
8	slice	_	NN	NN	_	6	dobj	_	_
9	of	_	IN	IN	_	0	erased	_	_
10	pizza	_	NN	NN	_	8	prep_of	_	_
11	.	_	.	.	_	4	punct	_	_","['det$@%the$@%boy', 'xsubj$@%boy$@%eat', 'aux$@%be$@%about', 'root$@%about$@%VROOT', 'aux$@%to$@%eat', 'xcomp$@%eat$@%about', 'det$@%a$@%slice', 'dobj$@%slice$@%eat', 'erased$@%of$@%WORDERASED', 'prep_of$@%pizza$@%slice', 'punct$@%.$@%about']","['det$@%the$@%x', 'xsubj$@%boy$@%x', 'aux$@%be$@%x', 'root$@%about$@%x', 'aux$@%to$@%x', 'xcomp$@%eat$@%x', 'det$@%a$@%x', 'dobj$@%slice$@%x', 'erased$@%of$@%x', 'prep_of$@%pizza$@%x', 'punct$@%.$@%x']","['det$@%x$@%boy', 'xsubj$@%x$@%eat', 'aux$@%x$@%about', 'root$@%x$@%VROOT', 'aux$@%x$@%eat', 'xcomp$@%x$@%about', 'det$@%x$@%slice', 'dobj$@%x$@%eat', 'erased$@%x$@%WORDERASED', 'prep_of$@%x$@%slice', 'punct$@%x$@%about']","['x$@%the$@%boy', 'x$@%boy$@%eat', 'x$@%be$@%about', 'x$@%about$@%VROOT', 'x$@%to$@%eat', 'x$@%eat$@%about', 'x$@%a$@%slice', 'x$@%slice$@%eat', 'x$@%of$@%WORDERASED', 'x$@%pizza$@%slice', 'x$@%.$@%about']","['x$@%the$@%x', 'x$@%boy$@%x', 'x$@%be$@%x', 'x$@%about$@%x', 'x$@%to$@%x', 'x$@%eat$@%x', 'x$@%a$@%x', 'x$@%slice$@%x', 'x$@%of$@%x', 'x$@%pizza$@%x', 'x$@%.$@%x']"
I02T-gNSF-p495-r2,The boy is enjoying food.,0,1,1,1,1,"1	the	_	DT	DT	_	2	det	_	_
2	boy	_	NN	NN	_	4	nsubj	_	_
3	be	_	VBZ	VBZ	_	4	aux	_	_
4	enjoy	_	VBG	VBG	_	0	root	_	_
5	food	_	NN	NN	_	4	dobj	_	_
6	.	_	.	.	_	4	punct	_	_","['det$@%the$@%boy', 'nsubj$@%boy$@%enjoy', 'aux$@%be$@%enjoy', 'root$@%enjoy$@%VROOT', 'dobj$@%food$@%enjoy', 'punct$@%.$@%enjoy']","['det$@%the$@%x', 'nsubj$@%boy$@%x', 'aux$@%be$@%x', 'root$@%enjoy$@%x', 'dobj$@%food$@%x', 'punct$@%.$@%x']","['det$@%x$@%boy', 'nsubj$@%x$@%enjoy', 'aux$@%x$@%enjoy', 'root$@%x$@%VROOT', 'dobj$@%x$@%enjoy', 'punct$@%x$@%enjoy']","['x$@%the$@%boy', 'x$@%boy$@%enjoy', 'x$@%be$@%enjoy', 'x$@%enjoy$@%VROOT', 'x$@%food$@%enjoy', 'x$@%.$@%enjoy']","['x$@%the$@%x', 'x$@%boy$@%x', 'x$@%be$@%x', 'x$@%enjoy$@%x', 'x$@%food$@%x', 'x$@%.$@%x']"
I02T-gNSF-p496-r2,How is the pizza staying perfectly horizontal when the boy is holding it so close to the tip?,0,0,1,0,0,"1	how	_	WRB	WRB	_	5	advmod	_	_
2	be	_	VBZ	VBZ	_	5	aux	_	_
3	the	_	DT	DT	_	4	det	_	_
4	pizza	_	NN	NN	_	5	nsubj	_	_
5	stay	_	VBG	VBG	_	0	root	_	_
6	perfectly	_	RB	RB	_	7	advmod	_	_
7	horizontal	_	JJ	JJ	_	5	acomp	_	_
8	when	_	WRB	WRB	_	12	advmod	_	_
9	the	_	DT	DT	_	10	det	_	_
10	boy	_	NN	NN	_	12	nsubj	_	_
11	be	_	VBZ	VBZ	_	12	aux	_	_
12	hold	_	VBG	VBG	_	5	advcl	_	_
13	it	_	PRP	PRP	_	12	dobj	_	_
14	so	_	RB	RB	_	12	advmod	_	_
15	close	_	RB	RB	_	0	erased	_	_
16	to	_	TO	TO	_	0	erased	_	_
17	the	_	DT	DT	_	18	det	_	_
18	tip	_	NN	NN	_	12	prep_close_to	_	_
19	?	_	.	.	_	5	punct	_	_","['advmod$@%how$@%stay', 'aux$@%be$@%stay', 'det$@%the$@%pizza', 'nsubj$@%pizza$@%stay', 'root$@%stay$@%VROOT', 'advmod$@%perfectly$@%horizontal', 'acomp$@%horizontal$@%stay', 'advmod$@%when$@%hold', 'det$@%the$@%boy', 'nsubj$@%boy$@%hold', 'aux$@%be$@%hold', 'advcl$@%hold$@%stay', 'dobj$@%it$@%hold', 'advmod$@%so$@%hold', 'erased$@%close$@%WORDERASED', 'erased$@%to$@%WORDERASED', 'det$@%the$@%tip', 'prep_close_to$@%tip$@%hold', 'punct$@%?$@%stay']","['advmod$@%how$@%x', 'aux$@%be$@%x', 'det$@%the$@%x', 'nsubj$@%pizza$@%x', 'root$@%stay$@%x', 'advmod$@%perfectly$@%x', 'acomp$@%horizontal$@%x', 'advmod$@%when$@%x', 'det$@%the$@%x', 'nsubj$@%boy$@%x', 'aux$@%be$@%x', 'advcl$@%hold$@%x', 'dobj$@%it$@%x', 'advmod$@%so$@%x', 'erased$@%close$@%x', 'erased$@%to$@%x', 'det$@%the$@%x', 'prep_close_to$@%tip$@%x', 'punct$@%?$@%x']","['advmod$@%x$@%stay', 'aux$@%x$@%stay', 'det$@%x$@%pizza', 'nsubj$@%x$@%stay', 'root$@%x$@%VROOT', 'advmod$@%x$@%horizontal', 'acomp$@%x$@%stay', 'advmod$@%x$@%hold', 'det$@%x$@%boy', 'nsubj$@%x$@%hold', 'aux$@%x$@%hold', 'advcl$@%x$@%stay', 'dobj$@%x$@%hold', 'advmod$@%x$@%hold', 'erased$@%x$@%WORDERASED', 'erased$@%x$@%WORDERASED', 'det$@%x$@%tip', 'prep_close_to$@%x$@%hold', 'punct$@%x$@%stay']","['x$@%how$@%stay', 'x$@%be$@%stay', 'x$@%the$@%pizza', 'x$@%pizza$@%stay', 'x$@%stay$@%VROOT', 'x$@%perfectly$@%horizontal', 'x$@%horizontal$@%stay', 'x$@%when$@%hold', 'x$@%the$@%boy', 'x$@%boy$@%hold', 'x$@%be$@%hold', 'x$@%hold$@%stay', 'x$@%it$@%hold', 'x$@%so$@%hold', 'x$@%close$@%WORDERASED', 'x$@%to$@%WORDERASED', 'x$@%the$@%tip', 'x$@%tip$@%hold', 'x$@%?$@%stay']","['x$@%how$@%x', 'x$@%be$@%x', 'x$@%the$@%x', 'x$@%pizza$@%x', 'x$@%stay$@%x', 'x$@%perfectly$@%x', 'x$@%horizontal$@%x', 'x$@%when$@%x', 'x$@%the$@%x', 'x$@%boy$@%x', 'x$@%be$@%x', 'x$@%hold$@%x', 'x$@%it$@%x', 'x$@%so$@%x', 'x$@%close$@%x', 'x$@%to$@%x', 'x$@%the$@%x', 'x$@%tip$@%x', 'x$@%?$@%x']"
I02T-gNSF-p497-r2,He's having lunch.,0,1,1,1,0,"1	he	_	PRP	PRP	_	3	nsubj	_	_
2	be	_	VBZ	VBZ	_	3	aux	_	_
3	have	_	VBG	VBG	_	0	root	_	_
4	lunch	_	VB	VB	_	3	dobj	_	_
5	.	_	.	.	_	3	punct	_	_","['nsubj$@%he$@%have', 'aux$@%be$@%have', 'root$@%have$@%VROOT', 'dobj$@%lunch$@%have', 'punct$@%.$@%have']","['nsubj$@%he$@%x', 'aux$@%be$@%x', 'root$@%have$@%x', 'dobj$@%lunch$@%x', 'punct$@%.$@%x']","['nsubj$@%x$@%have', 'aux$@%x$@%have', 'root$@%x$@%VROOT', 'dobj$@%x$@%have', 'punct$@%x$@%have']","['x$@%he$@%have', 'x$@%be$@%have', 'x$@%have$@%VROOT', 'x$@%lunch$@%have', 'x$@%.$@%have']","['x$@%he$@%x', 'x$@%be$@%x', 'x$@%have$@%x', 'x$@%lunch$@%x', 'x$@%.$@%x']"
