ResponseID,Response,Core,Answer,Gramm,Interp,Verif,parse,ldh,xdh,xdx,ldh TC weighted,xdh TC weighted,xdx TC weighted,ldh TC unweighted,xdh TC unweighted,xdx TC unweighted,AnnoScore,ldh uw rank,xdh uw rank,xdx uw rank,AnnoRank
I01U-gNNS-p004-r1,A boy is dancing around with his smile on his face.,1,1,1,1,1,"1	a	_	DT	DT	_	2	det	_	_
2	boy	_	NN	NN	_	4	nsubj	_	_
3	be	_	VBZ	VBZ	_	4	aux	_	_
4	dance	_	VBG	VBG	_	0	root	_	_
5	around	_	RP	RP	_	4	prt	_	_
6	with	_	IN	IN	_	0	erased	_	_
7	he	_	PRP$	PRP$	_	8	poss	_	_
8	smile	_	NN	NN	_	4	prep_with	_	_
9	on	_	IN	IN	_	0	erased	_	_
10	he	_	PRP$	PRP$	_	11	poss	_	_
11	face	_	NN	NN	_	4	prep_on	_	_
12	.	_	.	.	_	4	punct	_	_","['det$@%a$@%boy', 'nsubj$@%boy$@%dance', 'aux$@%be$@%dance', 'root$@%dance$@%VROOT', 'prt$@%around$@%dance', 'erased$@%with$@%WORDERASED', 'poss$@%he$@%smile', 'prep_with$@%smile$@%dance', 'erased$@%on$@%WORDERASED', 'poss$@%he$@%face', 'prep_on$@%face$@%dance', 'punct$@%.$@%dance']","['x$@%a$@%boy', 'x$@%boy$@%dance', 'x$@%be$@%dance', 'x$@%dance$@%VROOT', 'x$@%around$@%dance', 'x$@%with$@%WORDERASED', 'x$@%he$@%smile', 'x$@%smile$@%dance', 'x$@%on$@%WORDERASED', 'x$@%he$@%face', 'x$@%face$@%dance', 'x$@%.$@%dance']","['x$@%a$@%x', 'x$@%boy$@%x', 'x$@%be$@%x', 'x$@%dance$@%x', 'x$@%around$@%x', 'x$@%with$@%x', 'x$@%he$@%x', 'x$@%smile$@%x', 'x$@%on$@%x', 'x$@%he$@%x', 'x$@%face$@%x', 'x$@%.$@%x']",0.39593908736789429,0.38762839258322479,0.4315780206629648,0.40084946678285183,0.39215435519254582,0.43466156590859362,1.0,41.0,43.0,43.0,20.5
I01U-gNNS-p005-r1,The boy is dancing with music.,1,1,1,1,1,"1	the	_	DT	DT	_	2	det	_	_
2	boy	_	NN	NN	_	4	nsubj	_	_
3	be	_	VBZ	VBZ	_	4	aux	_	_
4	dance	_	VBG	VBG	_	0	root	_	_
5	with	_	IN	IN	_	0	erased	_	_
6	music	_	NN	NN	_	4	prep_with	_	_
7	.	_	.	.	_	4	punct	_	_","['det$@%the$@%boy', 'nsubj$@%boy$@%dance', 'aux$@%be$@%dance', 'root$@%dance$@%VROOT', 'erased$@%with$@%WORDERASED', 'prep_with$@%music$@%dance', 'punct$@%.$@%dance']","['x$@%the$@%boy', 'x$@%boy$@%dance', 'x$@%be$@%dance', 'x$@%dance$@%VROOT', 'x$@%with$@%WORDERASED', 'x$@%music$@%dance', 'x$@%.$@%dance']","['x$@%the$@%x', 'x$@%boy$@%x', 'x$@%be$@%x', 'x$@%dance$@%x', 'x$@%with$@%x', 'x$@%music$@%x', 'x$@%.$@%x']",0.21365989037705646,0.068433203935570175,0.039712211219677829,0.22081313542882886,0.060550757745233219,0.025245408983736395,1.0,25.5,5.5,8.5,20.5
I01U-gNNS-p006-r1,A boy is dancing with pop music.,1,1,1,1,0,"1	a	_	DT	DT	_	2	det	_	_
2	boy	_	NN	NN	_	4	nsubj	_	_
3	be	_	VBZ	VBZ	_	4	aux	_	_
4	dance	_	VBG	VBG	_	0	root	_	_
5	with	_	IN	IN	_	0	erased	_	_
6	pop	_	NN	NN	_	7	nn	_	_
7	music	_	NN	NN	_	4	prep_with	_	_
8	.	_	.	.	_	4	punct	_	_","['det$@%a$@%boy', 'nsubj$@%boy$@%dance', 'aux$@%be$@%dance', 'root$@%dance$@%VROOT', 'erased$@%with$@%WORDERASED', 'nn$@%pop$@%music', 'prep_with$@%music$@%dance', 'punct$@%.$@%dance']","['x$@%a$@%boy', 'x$@%boy$@%dance', 'x$@%be$@%dance', 'x$@%dance$@%VROOT', 'x$@%with$@%WORDERASED', 'x$@%pop$@%music', 'x$@%music$@%dance', 'x$@%.$@%dance']","['x$@%a$@%x', 'x$@%boy$@%x', 'x$@%be$@%x', 'x$@%dance$@%x', 'x$@%with$@%x', 'x$@%pop$@%x', 'x$@%music$@%x', 'x$@%.$@%x']",0.29674380706317438,0.1711316782891954,0.29656995132856645,0.30246088906230317,0.16338811806130304,0.28597161217509137,0.738,37.0,36.0,39.0,57.0
I01U-gNNS-p007-r1,The boy is singing while dancing. ,1,1,1,1,0,"1	the	_	DT	DT	_	2	det	_	_
2	boy	_	NN	NN	_	4	nsubj	_	_
3	be	_	VBZ	VBZ	_	4	aux	_	_
4	singing	_	VBG	VBG	_	0	root	_	_
5	while	_	IN	IN	_	0	erased	_	_
6	dancing	_	NN	NN	_	4	prep_while	_	_
7	.	_	.	.	_	4	punct	_	_","['det$@%the$@%boy', 'nsubj$@%boy$@%singing', 'aux$@%be$@%singing', 'root$@%singing$@%VROOT', 'erased$@%while$@%WORDERASED', 'prep_while$@%dancing$@%singing', 'punct$@%.$@%singing']","['x$@%the$@%boy', 'x$@%boy$@%singing', 'x$@%be$@%singing', 'x$@%singing$@%VROOT', 'x$@%while$@%WORDERASED', 'x$@%dancing$@%singing', 'x$@%.$@%singing']","['x$@%the$@%x', 'x$@%boy$@%x', 'x$@%be$@%x', 'x$@%singing$@%x', 'x$@%while$@%x', 'x$@%dancing$@%x', 'x$@%.$@%x']",0.94682897491694895,0.94656776457451275,0.72189823422933241,0.96004128352473161,0.96012107857347395,0.77562509496779286,0.738,66.0,66.0,61.0,57.0
I01U-gNNS-p009-r1,The boy is dancing.,1,1,1,1,1,"1	the	_	DT	DT	_	2	det	_	_
2	boy	_	NN	NN	_	4	nsubj	_	_
3	be	_	VBZ	VBZ	_	4	aux	_	_
4	dance	_	VBG	VBG	_	0	root	_	_
5	.	_	.	.	_	4	punct	_	_","['det$@%the$@%boy', 'nsubj$@%boy$@%dance', 'aux$@%be$@%dance', 'root$@%dance$@%VROOT', 'punct$@%.$@%dance']","['x$@%the$@%boy', 'x$@%boy$@%dance', 'x$@%be$@%dance', 'x$@%dance$@%VROOT', 'x$@%.$@%dance']","['x$@%the$@%x', 'x$@%boy$@%x', 'x$@%be$@%x', 'x$@%dance$@%x', 'x$@%.$@%x']",0.09693923810897398,0.094915884872982859,0.24544047223141907,0.10515411768338123,0.10255301177105458,0.25506233216077767,1.0,6.0,25.0,31.0,20.5
I01U-gNNS-p012-r1,the boring is dancing while listening to music ,0,0,0,0,0,"1	the	_	DT	DT	_	2	det	_	_
2	boring	_	NN	NN	_	4	nsubj	_	_
3	be	_	VBZ	VBZ	_	4	aux	_	_
4	dance	_	VBG	VBG	_	0	root	_	_
5	while	_	IN	IN	_	0	erased	_	_
6	listen	_	VBG	VBG	_	4	prepc_while	_	_
7	to	_	TO	TO	_	0	erased	_	_
8	music	_	NN	NN	_	6	prep_to	_	_
9	.	_	.	.	_	4	punct	_	_","['det$@%the$@%boring', 'nsubj$@%boring$@%dance', 'aux$@%be$@%dance', 'root$@%dance$@%VROOT', 'erased$@%while$@%WORDERASED', 'prepc_while$@%listen$@%dance', 'erased$@%to$@%WORDERASED', 'prep_to$@%music$@%listen', 'punct$@%.$@%dance']","['x$@%the$@%boring', 'x$@%boring$@%dance', 'x$@%be$@%dance', 'x$@%dance$@%VROOT', 'x$@%while$@%WORDERASED', 'x$@%listen$@%dance', 'x$@%to$@%WORDERASED', 'x$@%music$@%listen', 'x$@%.$@%dance']","['x$@%the$@%x', 'x$@%boring$@%x', 'x$@%be$@%x', 'x$@%dance$@%x', 'x$@%while$@%x', 'x$@%listen$@%x', 'x$@%to$@%x', 'x$@%music$@%x', 'x$@%.$@%x']",0.52482251308991146,0.55786073600837638,0.54296271250273564,0.53241790833679414,0.56653515388044207,0.53272412078451925,0.0,50.0,50.0,50.0,69.0
I01U-gNNS-p013-r1,The man is dancing with song.,1,1,0,1,1,"1	the	_	DT	DT	_	2	det	_	_
2	man	_	NN	NN	_	4	nsubj	_	_
3	be	_	VBZ	VBZ	_	4	aux	_	_
4	dance	_	VBG	VBG	_	0	root	_	_
5	with	_	IN	IN	_	0	erased	_	_
6	song	_	NN	NN	_	4	prep_with	_	_
7	.	_	.	.	_	4	punct	_	_","['det$@%the$@%man', 'nsubj$@%man$@%dance', 'aux$@%be$@%dance', 'root$@%dance$@%VROOT', 'erased$@%with$@%WORDERASED', 'prep_with$@%song$@%dance', 'punct$@%.$@%dance']","['x$@%the$@%man', 'x$@%man$@%dance', 'x$@%be$@%dance', 'x$@%dance$@%VROOT', 'x$@%with$@%WORDERASED', 'x$@%song$@%dance', 'x$@%.$@%dance']","['x$@%the$@%x', 'x$@%man$@%x', 'x$@%be$@%x', 'x$@%dance$@%x', 'x$@%with$@%x', 'x$@%song$@%x', 'x$@%.$@%x']",0.42475944339262917,0.43054997201425849,0.53947633580075816,0.43902803609112062,0.44642889133265817,0.54339948928128623,0.944,46.0,45.0,53.0,45.0
I01U-gNNS-p014-r1,A boy is dancing.,1,1,1,1,1,"1	a	_	DT	DT	_	2	det	_	_
2	boy	_	NN	NN	_	4	nsubj	_	_
3	be	_	VBZ	VBZ	_	4	aux	_	_
4	dance	_	VBG	VBG	_	0	root	_	_
5	.	_	.	.	_	4	punct	_	_","['det$@%a$@%boy', 'nsubj$@%boy$@%dance', 'aux$@%be$@%dance', 'root$@%dance$@%VROOT', 'punct$@%.$@%dance']","['x$@%a$@%boy', 'x$@%boy$@%dance', 'x$@%be$@%dance', 'x$@%dance$@%VROOT', 'x$@%.$@%dance']","['x$@%a$@%x', 'x$@%boy$@%x', 'x$@%be$@%x', 'x$@%dance$@%x', 'x$@%.$@%x']",0.10157976865242668,0.099790148880588569,0.24544433126690046,0.10888326542104898,0.10644377800466798,0.25506431171590538,1.0,12.0,31.0,37.0,20.5
I01U-gNNS-p017-r1,He is singing and dancing. ,1,1,1,1,0,"1	he	_	PRP	PRP	_	5	nsubj	_	_
2	be	_	VBZ	VBZ	_	3	aux	_	_
3	singing	_	VBG	VBG	_	0	root	_	_
4	and	_	CC	CC	_	0	erased	_	_
5	dancing	_	VBG	VBG	_	3	conj_and	_	_
6	.	_	.	.	_	3	punct	_	_","['nsubj$@%he$@%dancing', 'aux$@%be$@%singing', 'root$@%singing$@%VROOT', 'erased$@%and$@%WORDERASED', 'conj_and$@%dancing$@%singing', 'punct$@%.$@%singing']","['x$@%he$@%dancing', 'x$@%be$@%singing', 'x$@%singing$@%VROOT', 'x$@%and$@%WORDERASED', 'x$@%dancing$@%singing', 'x$@%.$@%singing']","['x$@%he$@%x', 'x$@%be$@%x', 'x$@%singing$@%x', 'x$@%and$@%x', 'x$@%dancing$@%x', 'x$@%.$@%x']",0.96063893078257367,0.96029281185095416,0.83040306239886719,0.97819346460782375,0.97814564699006246,0.88823992207788172,0.738,68.5,68.5,69.5,57.0
I01U-gNNS-p021-r1,A boy is dancing ,1,1,1,1,1,"1	a	_	DT	DT	_	2	det	_	_
2	boy	_	NN	NN	_	4	nsubj	_	_
3	be	_	VBZ	VBZ	_	4	aux	_	_
4	dance	_	VBG	VBG	_	0	root	_	_
5	.	_	.	.	_	4	punct	_	_","['det$@%a$@%boy', 'nsubj$@%boy$@%dance', 'aux$@%be$@%dance', 'root$@%dance$@%VROOT', 'punct$@%.$@%dance']","['x$@%a$@%boy', 'x$@%boy$@%dance', 'x$@%be$@%dance', 'x$@%dance$@%VROOT', 'x$@%.$@%dance']","['x$@%a$@%x', 'x$@%boy$@%x', 'x$@%be$@%x', 'x$@%dance$@%x', 'x$@%.$@%x']",0.10157976865242668,0.099790148880588569,0.24544433126690046,0.10888326542104898,0.10644377800466798,0.25506431171590538,1.0,12.0,31.0,37.0,20.5
I01U-gNNS-p022-r1,The boy is singing and dancing.,1,1,1,1,0,"1	the	_	DT	DT	_	2	det	_	_
2	boy	_	NN	NN	_	6	nsubj	_	_
3	be	_	VBZ	VBZ	_	4	aux	_	_
4	singing	_	VBG	VBG	_	0	root	_	_
5	and	_	CC	CC	_	0	erased	_	_
6	dancing	_	VBG	VBG	_	4	conj_and	_	_
7	.	_	.	.	_	4	punct	_	_","['det$@%the$@%boy', 'nsubj$@%boy$@%dancing', 'aux$@%be$@%singing', 'root$@%singing$@%VROOT', 'erased$@%and$@%WORDERASED', 'conj_and$@%dancing$@%singing', 'punct$@%.$@%singing']","['x$@%the$@%boy', 'x$@%boy$@%dancing', 'x$@%be$@%singing', 'x$@%singing$@%VROOT', 'x$@%and$@%WORDERASED', 'x$@%dancing$@%singing', 'x$@%.$@%singing']","['x$@%the$@%x', 'x$@%boy$@%x', 'x$@%be$@%x', 'x$@%singing$@%x', 'x$@%and$@%x', 'x$@%dancing$@%x', 'x$@%.$@%x']",0.93780898432667392,0.93416064847467317,0.71894548159674643,0.95080788140752936,0.94787119394681141,0.77386368561206853,0.738,58.0,58.0,57.0,57.0
I01U-gNNS-p023-r1,"The man is singing and dancing, because he is happy. ",1,1,1,1,0,"1	the	_	DT	DT	_	2	det	_	_
2	man	_	NN	NN	_	6	nsubj	_	_
3	be	_	VBZ	VBZ	_	4	aux	_	_
4	singing	_	VBG	VBG	_	0	root	_	_
5	and	_	CC	CC	_	0	erased	_	_
6	dancing	_	VBG	VBG	_	4	conj_and	_	_
7	,	_	,	,	_	4	punct	_	_
8	because	_	IN	IN	_	11	mark	_	_
9	he	_	PRP	PRP	_	11	nsubj	_	_
10	be	_	VBZ	VBZ	_	11	cop	_	_
11	happy	_	JJ	JJ	_	4	advcl	_	_
12	.	_	.	.	_	4	punct	_	_","['det$@%the$@%man', 'nsubj$@%man$@%dancing', 'aux$@%be$@%singing', 'root$@%singing$@%VROOT', 'erased$@%and$@%WORDERASED', 'conj_and$@%dancing$@%singing', 'punct$@%,$@%singing', 'mark$@%because$@%happy', 'nsubj$@%he$@%happy', 'cop$@%be$@%happy', 'advcl$@%happy$@%singing', 'punct$@%.$@%singing']","['x$@%the$@%man', 'x$@%man$@%dancing', 'x$@%be$@%singing', 'x$@%singing$@%VROOT', 'x$@%and$@%WORDERASED', 'x$@%dancing$@%singing', 'x$@%,$@%singing', 'x$@%because$@%happy', 'x$@%he$@%happy', 'x$@%be$@%happy', 'x$@%happy$@%singing', 'x$@%.$@%singing']","['x$@%the$@%x', 'x$@%man$@%x', 'x$@%be$@%x', 'x$@%singing$@%x', 'x$@%and$@%x', 'x$@%dancing$@%x', 'x$@%,$@%x', 'x$@%because$@%x', 'x$@%he$@%x', 'x$@%be$@%x', 'x$@%happy$@%x', 'x$@%.$@%x']",0.96991330043624735,0.96958530287213207,0.8149286011621979,0.98238466305321359,0.98226963090899355,0.87034489009601612,0.738,70.0,70.0,68.0,57.0
I01U-gNNS-p026-r1,The boy is dancing and singing at the same time.,1,1,1,1,0,"1	the	_	DT	DT	_	2	det	_	_
2	boy	_	NN	NN	_	6	nsubj	_	_
3	be	_	VBZ	VBZ	_	4	aux	_	_
4	dancing	_	VBG	VBG	_	0	root	_	_
5	and	_	CC	CC	_	0	erased	_	_
6	singing	_	VBG	VBG	_	4	conj_and	_	_
7	at	_	IN	IN	_	0	erased	_	_
8	the	_	DT	DT	_	10	det	_	_
9	same	_	JJ	JJ	_	10	amod	_	_
10	time	_	NN	NN	_	4	prep_at	_	_
11	.	_	.	.	_	4	punct	_	_","['det$@%the$@%boy', 'nsubj$@%boy$@%singing', 'aux$@%be$@%dancing', 'root$@%dancing$@%VROOT', 'erased$@%and$@%WORDERASED', 'conj_and$@%singing$@%dancing', 'erased$@%at$@%WORDERASED', 'det$@%the$@%time', 'amod$@%same$@%time', 'prep_at$@%time$@%dancing', 'punct$@%.$@%dancing']","['x$@%the$@%boy', 'x$@%boy$@%singing', 'x$@%be$@%dancing', 'x$@%dancing$@%VROOT', 'x$@%and$@%WORDERASED', 'x$@%singing$@%dancing', 'x$@%at$@%WORDERASED', 'x$@%the$@%time', 'x$@%same$@%time', 'x$@%time$@%dancing', 'x$@%.$@%dancing']","['x$@%the$@%x', 'x$@%boy$@%x', 'x$@%be$@%x', 'x$@%dancing$@%x', 'x$@%and$@%x', 'x$@%singing$@%x', 'x$@%at$@%x', 'x$@%the$@%x', 'x$@%same$@%x', 'x$@%time$@%x', 'x$@%.$@%x']",0.9007712698920346,0.89806966054276605,0.722437198404972,0.93243687200526959,0.92973879876749965,0.77665194347374444,0.738,54.0,54.0,62.5,57.0
I01U-gNNS-p027-r1,the boy's dancing to the music,1,1,1,1,1,"1	the	_	DT	DT	_	2	det	_	_
2	boy	_	NN	NN	_	4	nsubj	_	_
3	's	_	VBZ	VBZ	_	4	aux	_	_
4	dancing	_	VBG	VBG	_	0	root	_	_
5	to	_	TO	TO	_	0	erased	_	_
6	the	_	DT	DT	_	7	det	_	_
7	music	_	NN	NN	_	4	prep_to	_	_
8	.	_	.	.	_	4	punct	_	_","['det$@%the$@%boy', 'nsubj$@%boy$@%dancing', ""aux$@%'s$@%dancing"", 'root$@%dancing$@%VROOT', 'erased$@%to$@%WORDERASED', 'det$@%the$@%music', 'prep_to$@%music$@%dancing', 'punct$@%.$@%dancing']","['x$@%the$@%boy', 'x$@%boy$@%dancing', ""x$@%'s$@%dancing"", 'x$@%dancing$@%VROOT', 'x$@%to$@%WORDERASED', 'x$@%the$@%music', 'x$@%music$@%dancing', 'x$@%.$@%dancing']","['x$@%the$@%x', 'x$@%boy$@%x', ""x$@%'s$@%x"", 'x$@%dancing$@%x', 'x$@%to$@%x', 'x$@%the$@%x', 'x$@%music$@%x', 'x$@%.$@%x']",0.87559933641308407,0.86958951102717064,0.38274598637658541,0.9015048351468945,0.89625588711607185,0.40758974933097158,1.0,51.0,51.0,42.0,20.5
I01U-gNNS-p028-r1,A boy is singing and dancing ,1,1,1,1,0,"1	a	_	DT	DT	_	2	det	_	_
2	boy	_	NN	NN	_	6	nsubj	_	_
3	be	_	VBZ	VBZ	_	4	aux	_	_
4	singing	_	VBG	VBG	_	0	root	_	_
5	and	_	CC	CC	_	0	erased	_	_
6	dancing	_	VBG	VBG	_	4	conj_and	_	_
7	.	_	.	.	_	4	punct	_	_","['det$@%a$@%boy', 'nsubj$@%boy$@%dancing', 'aux$@%be$@%singing', 'root$@%singing$@%VROOT', 'erased$@%and$@%WORDERASED', 'conj_and$@%dancing$@%singing', 'punct$@%.$@%singing']","['x$@%a$@%boy', 'x$@%boy$@%dancing', 'x$@%be$@%singing', 'x$@%singing$@%VROOT', 'x$@%and$@%WORDERASED', 'x$@%dancing$@%singing', 'x$@%.$@%singing']","['x$@%a$@%x', 'x$@%boy$@%x', 'x$@%be$@%x', 'x$@%singing$@%x', 'x$@%and$@%x', 'x$@%dancing$@%x', 'x$@%.$@%x']",0.93849661565765929,0.93453625096923765,0.71894786357259499,0.95072304671560637,0.94743759803280281,0.77386490748539094,0.738,55.5,55.5,59.5,57.0
I01U-gNNS-p030-r1,The boy is dancing with the music. ,1,1,1,1,1,"1	the	_	DT	DT	_	2	det	_	_
2	boy	_	NN	NN	_	4	nsubj	_	_
3	be	_	VBZ	VBZ	_	4	aux	_	_
4	dance	_	VBG	VBG	_	0	root	_	_
5	with	_	IN	IN	_	0	erased	_	_
6	the	_	DT	DT	_	7	det	_	_
7	music	_	NN	NN	_	4	prep_with	_	_
8	.	_	.	.	_	4	punct	_	_","['det$@%the$@%boy', 'nsubj$@%boy$@%dance', 'aux$@%be$@%dance', 'root$@%dance$@%VROOT', 'erased$@%with$@%WORDERASED', 'det$@%the$@%music', 'prep_with$@%music$@%dance', 'punct$@%.$@%dance']","['x$@%the$@%boy', 'x$@%boy$@%dance', 'x$@%be$@%dance', 'x$@%dance$@%VROOT', 'x$@%with$@%WORDERASED', 'x$@%the$@%music', 'x$@%music$@%dance', 'x$@%.$@%dance']","['x$@%the$@%x', 'x$@%boy$@%x', 'x$@%be$@%x', 'x$@%dance$@%x', 'x$@%with$@%x', 'x$@%the$@%x', 'x$@%music$@%x', 'x$@%.$@%x']",0.21892835724084858,0.078648544147382649,0.039728747021976707,0.22021570705390292,0.065435347911023789,0.025247891589160965,1.0,17.5,16.5,17.5,20.5
I01U-gNNS-p032-r1,A boy is dancing.,1,1,1,1,1,"1	a	_	DT	DT	_	2	det	_	_
2	boy	_	NN	NN	_	4	nsubj	_	_
3	be	_	VBZ	VBZ	_	4	aux	_	_
4	dance	_	VBG	VBG	_	0	root	_	_
5	.	_	.	.	_	4	punct	_	_","['det$@%a$@%boy', 'nsubj$@%boy$@%dance', 'aux$@%be$@%dance', 'root$@%dance$@%VROOT', 'punct$@%.$@%dance']","['x$@%a$@%boy', 'x$@%boy$@%dance', 'x$@%be$@%dance', 'x$@%dance$@%VROOT', 'x$@%.$@%dance']","['x$@%a$@%x', 'x$@%boy$@%x', 'x$@%be$@%x', 'x$@%dance$@%x', 'x$@%.$@%x']",0.10157976865242668,0.099790148880588569,0.24544433126690046,0.10888326542104898,0.10644377800466798,0.25506431171590538,1.0,12.0,31.0,37.0,20.5
I01U-gNNS-p034-r1,A boy is dancing with music,1,1,1,1,1,"1	a	_	DT	DT	_	2	det	_	_
2	boy	_	NN	NN	_	4	nsubj	_	_
3	be	_	VBZ	VBZ	_	4	aux	_	_
4	dance	_	VBG	VBG	_	0	root	_	_
5	with	_	IN	IN	_	0	erased	_	_
6	music	_	NN	NN	_	4	prep_with	_	_
7	.	_	.	.	_	4	punct	_	_","['det$@%a$@%boy', 'nsubj$@%boy$@%dance', 'aux$@%be$@%dance', 'root$@%dance$@%VROOT', 'erased$@%with$@%WORDERASED', 'prep_with$@%music$@%dance', 'punct$@%.$@%dance']","['x$@%a$@%boy', 'x$@%boy$@%dance', 'x$@%be$@%dance', 'x$@%dance$@%VROOT', 'x$@%with$@%WORDERASED', 'x$@%music$@%dance', 'x$@%.$@%dance']","['x$@%a$@%x', 'x$@%boy$@%x', 'x$@%be$@%x', 'x$@%dance$@%x', 'x$@%with$@%x', 'x$@%music$@%x', 'x$@%.$@%x']",0.21685242629959489,0.072196467340136516,0.039715247154862743,0.22321898082301328,0.063528621861407397,0.02524696631615575,1.0,32.0,13.0,14.0,20.5
I01U-gNNS-p036-r1,The boy is singing and dancing.,1,1,1,1,0,"1	the	_	DT	DT	_	2	det	_	_
2	boy	_	NN	NN	_	6	nsubj	_	_
3	be	_	VBZ	VBZ	_	4	aux	_	_
4	singing	_	VBG	VBG	_	0	root	_	_
5	and	_	CC	CC	_	0	erased	_	_
6	dancing	_	VBG	VBG	_	4	conj_and	_	_
7	.	_	.	.	_	4	punct	_	_","['det$@%the$@%boy', 'nsubj$@%boy$@%dancing', 'aux$@%be$@%singing', 'root$@%singing$@%VROOT', 'erased$@%and$@%WORDERASED', 'conj_and$@%dancing$@%singing', 'punct$@%.$@%singing']","['x$@%the$@%boy', 'x$@%boy$@%dancing', 'x$@%be$@%singing', 'x$@%singing$@%VROOT', 'x$@%and$@%WORDERASED', 'x$@%dancing$@%singing', 'x$@%.$@%singing']","['x$@%the$@%x', 'x$@%boy$@%x', 'x$@%be$@%x', 'x$@%singing$@%x', 'x$@%and$@%x', 'x$@%dancing$@%x', 'x$@%.$@%x']",0.93780898432667392,0.93416064847467317,0.71894548159674643,0.95080788140752936,0.94787119394681141,0.77386368561206853,0.738,58.0,58.0,57.0,57.0
I01U-gNNS-p037-r1,The boy is dancing with music.,1,1,1,1,1,"1	the	_	DT	DT	_	2	det	_	_
2	boy	_	NN	NN	_	4	nsubj	_	_
3	be	_	VBZ	VBZ	_	4	aux	_	_
4	dance	_	VBG	VBG	_	0	root	_	_
5	with	_	IN	IN	_	0	erased	_	_
6	music	_	NN	NN	_	4	prep_with	_	_
7	.	_	.	.	_	4	punct	_	_","['det$@%the$@%boy', 'nsubj$@%boy$@%dance', 'aux$@%be$@%dance', 'root$@%dance$@%VROOT', 'erased$@%with$@%WORDERASED', 'prep_with$@%music$@%dance', 'punct$@%.$@%dance']","['x$@%the$@%boy', 'x$@%boy$@%dance', 'x$@%be$@%dance', 'x$@%dance$@%VROOT', 'x$@%with$@%WORDERASED', 'x$@%music$@%dance', 'x$@%.$@%dance']","['x$@%the$@%x', 'x$@%boy$@%x', 'x$@%be$@%x', 'x$@%dance$@%x', 'x$@%with$@%x', 'x$@%music$@%x', 'x$@%.$@%x']",0.21365989037705646,0.068433203935570175,0.039712211219677829,0.22081313542882886,0.060550757745233219,0.025245408983736395,1.0,25.5,5.5,8.5,20.5
I01U-gNNS-p038-r1,A boy is dancing and singing.,1,1,1,1,0,"1	a	_	DT	DT	_	2	det	_	_
2	boy	_	NN	NN	_	6	nsubj	_	_
3	be	_	VBZ	VBZ	_	4	aux	_	_
4	dance	_	VBG	VBG	_	0	root	_	_
5	and	_	CC	CC	_	0	erased	_	_
6	singing	_	VBG	VBG	_	4	conj_and	_	_
7	.	_	.	.	_	4	punct	_	_","['det$@%a$@%boy', 'nsubj$@%boy$@%singing', 'aux$@%be$@%dance', 'root$@%dance$@%VROOT', 'erased$@%and$@%WORDERASED', 'conj_and$@%singing$@%dance', 'punct$@%.$@%dance']","['x$@%a$@%boy', 'x$@%boy$@%singing', 'x$@%be$@%dance', 'x$@%dance$@%VROOT', 'x$@%and$@%WORDERASED', 'x$@%singing$@%dance', 'x$@%.$@%dance']","['x$@%a$@%x', 'x$@%boy$@%x', 'x$@%be$@%x', 'x$@%dance$@%x', 'x$@%and$@%x', 'x$@%singing$@%x', 'x$@%.$@%x']",0.4280491870929729,0.46567009921204405,0.4636950023901576,0.44014510503649351,0.48029571691598172,0.48734505459234212,0.738,47.0,47.0,47.0,57.0
I01U-gNNS-p039-r1,The boy is dancing.,1,1,1,1,1,"1	the	_	DT	DT	_	2	det	_	_
2	boy	_	NN	NN	_	4	nsubj	_	_
3	be	_	VBZ	VBZ	_	4	aux	_	_
4	dance	_	VBG	VBG	_	0	root	_	_
5	.	_	.	.	_	4	punct	_	_","['det$@%the$@%boy', 'nsubj$@%boy$@%dance', 'aux$@%be$@%dance', 'root$@%dance$@%VROOT', 'punct$@%.$@%dance']","['x$@%the$@%boy', 'x$@%boy$@%dance', 'x$@%be$@%dance', 'x$@%dance$@%VROOT', 'x$@%.$@%dance']","['x$@%the$@%x', 'x$@%boy$@%x', 'x$@%be$@%x', 'x$@%dance$@%x', 'x$@%.$@%x']",0.09693923810897398,0.094915884872982859,0.24544047223141907,0.10515411768338123,0.10255301177105458,0.25506233216077767,1.0,6.0,25.0,31.0,20.5
I01U-gNNS-p040-r1,The boy is dancing with music.,1,1,1,1,1,"1	the	_	DT	DT	_	2	det	_	_
2	boy	_	NN	NN	_	4	nsubj	_	_
3	be	_	VBZ	VBZ	_	4	aux	_	_
4	dance	_	VBG	VBG	_	0	root	_	_
5	with	_	IN	IN	_	0	erased	_	_
6	music	_	NN	NN	_	4	prep_with	_	_
7	.	_	.	.	_	4	punct	_	_","['det$@%the$@%boy', 'nsubj$@%boy$@%dance', 'aux$@%be$@%dance', 'root$@%dance$@%VROOT', 'erased$@%with$@%WORDERASED', 'prep_with$@%music$@%dance', 'punct$@%.$@%dance']","['x$@%the$@%boy', 'x$@%boy$@%dance', 'x$@%be$@%dance', 'x$@%dance$@%VROOT', 'x$@%with$@%WORDERASED', 'x$@%music$@%dance', 'x$@%.$@%dance']","['x$@%the$@%x', 'x$@%boy$@%x', 'x$@%be$@%x', 'x$@%dance$@%x', 'x$@%with$@%x', 'x$@%music$@%x', 'x$@%.$@%x']",0.21365989037705646,0.068433203935570175,0.039712211219677829,0.22081313542882886,0.060550757745233219,0.025245408983736395,1.0,25.5,5.5,8.5,20.5
I01U-gNNS-p041-r1,The boy is dancing so happily,1,1,1,1,1,"1	the	_	DT	DT	_	2	det	_	_
2	boy	_	NN	NN	_	4	nsubj	_	_
3	be	_	VBZ	VBZ	_	4	aux	_	_
4	dance	_	VBG	VBG	_	0	root	_	_
5	so	_	RB	RB	_	4	advmod	_	_
6	happily	_	RB	RB	_	4	advmod	_	_
7	.	_	.	.	_	4	punct	_	_","['det$@%the$@%boy', 'nsubj$@%boy$@%dance', 'aux$@%be$@%dance', 'root$@%dance$@%VROOT', 'advmod$@%so$@%dance', 'advmod$@%happily$@%dance', 'punct$@%.$@%dance']","['x$@%the$@%boy', 'x$@%boy$@%dance', 'x$@%be$@%dance', 'x$@%dance$@%VROOT', 'x$@%so$@%dance', 'x$@%happily$@%dance', 'x$@%.$@%dance']","['x$@%the$@%x', 'x$@%boy$@%x', 'x$@%be$@%x', 'x$@%dance$@%x', 'x$@%so$@%x', 'x$@%happily$@%x', 'x$@%.$@%x']",0.29433377827529761,0.30052219564709715,0.50247136150335381,0.30075301746254379,0.30567558748849888,0.50880776988557153,1.0,36.0,39.0,48.0,20.5
I01U-gNNS-p042-r1,He is singing and dancing.,1,1,1,1,0,"1	he	_	PRP	PRP	_	5	nsubj	_	_
2	be	_	VBZ	VBZ	_	3	aux	_	_
3	singing	_	VBG	VBG	_	0	root	_	_
4	and	_	CC	CC	_	0	erased	_	_
5	dancing	_	VBG	VBG	_	3	conj_and	_	_
6	.	_	.	.	_	3	punct	_	_","['nsubj$@%he$@%dancing', 'aux$@%be$@%singing', 'root$@%singing$@%VROOT', 'erased$@%and$@%WORDERASED', 'conj_and$@%dancing$@%singing', 'punct$@%.$@%singing']","['x$@%he$@%dancing', 'x$@%be$@%singing', 'x$@%singing$@%VROOT', 'x$@%and$@%WORDERASED', 'x$@%dancing$@%singing', 'x$@%.$@%singing']","['x$@%he$@%x', 'x$@%be$@%x', 'x$@%singing$@%x', 'x$@%and$@%x', 'x$@%dancing$@%x', 'x$@%.$@%x']",0.96063893078257367,0.96029281185095416,0.83040306239886719,0.97819346460782375,0.97814564699006246,0.88823992207788172,0.738,68.5,68.5,69.5,57.0
I01U-gNNS-p043-r1,The man is dancing while listening music. ,1,1,0,1,1,"1	the	_	DT	DT	_	2	det	_	_
2	man	_	NN	NN	_	4	nsubj	_	_
3	be	_	VBZ	VBZ	_	4	aux	_	_
4	dance	_	VBG	VBG	_	0	root	_	_
5	while	_	IN	IN	_	0	erased	_	_
6	listen	_	VBG	VBG	_	4	prepc_while	_	_
7	music	_	NN	NN	_	6	dobj	_	_
8	.	_	.	.	_	4	punct	_	_","['det$@%the$@%man', 'nsubj$@%man$@%dance', 'aux$@%be$@%dance', 'root$@%dance$@%VROOT', 'erased$@%while$@%WORDERASED', 'prepc_while$@%listen$@%dance', 'dobj$@%music$@%listen', 'punct$@%.$@%dance']","['x$@%the$@%man', 'x$@%man$@%dance', 'x$@%be$@%dance', 'x$@%dance$@%VROOT', 'x$@%while$@%WORDERASED', 'x$@%listen$@%dance', 'x$@%music$@%listen', 'x$@%.$@%dance']","['x$@%the$@%x', 'x$@%man$@%x', 'x$@%be$@%x', 'x$@%dance$@%x', 'x$@%while$@%x', 'x$@%listen$@%x', 'x$@%music$@%x', 'x$@%.$@%x']",0.49625180771450805,0.49230353370832058,0.2593788791701066,0.50777677236349739,0.50099476635299434,0.24262047120192176,0.944,49.0,48.0,26.0,45.0
I01U-gNNS-p044-r1,The boy who in blue is dancing.,1,1,0,1,1,"1	the	_	DT	DT	_	2	det	_	_
2	boy	_	NN	NN	_	0	root	_	_
3	who	_	WP	WP	_	7	nsubj	_	_
4	in	_	IN	IN	_	0	erased	_	_
5	blue	_	NN	NN	_	7	prep_in	_	_
6	be	_	VBZ	VBZ	_	7	aux	_	_
7	dancing	_	VBG	VBG	_	2	ccomp	_	_
8	.	_	.	.	_	2	punct	_	_","['det$@%the$@%boy', 'root$@%boy$@%VROOT', 'nsubj$@%who$@%dancing', 'erased$@%in$@%WORDERASED', 'prep_in$@%blue$@%dancing', 'aux$@%be$@%dancing', 'ccomp$@%dancing$@%boy', 'punct$@%.$@%boy']","['x$@%the$@%boy', 'x$@%boy$@%VROOT', 'x$@%who$@%dancing', 'x$@%in$@%WORDERASED', 'x$@%blue$@%dancing', 'x$@%be$@%dancing', 'x$@%dancing$@%boy', 'x$@%.$@%boy']","['x$@%the$@%x', 'x$@%boy$@%x', 'x$@%who$@%x', 'x$@%in$@%x', 'x$@%blue$@%x', 'x$@%be$@%x', 'x$@%dancing$@%x', 'x$@%.$@%x']",0.9536578441826703,0.94165720606421444,0.72048954742517513,0.95842753307166595,0.94999679679674198,0.76395639023240358,0.944,65.0,60.0,55.0,45.0
I01U-gNNS-p051-r1,a man is dancing with music,1,1,1,1,1,"1	a	_	DT	DT	_	2	det	_	_
2	man	_	NN	NN	_	4	nsubj	_	_
3	be	_	VBZ	VBZ	_	4	aux	_	_
4	dance	_	VBG	VBG	_	0	root	_	_
5	with	_	IN	IN	_	0	erased	_	_
6	music	_	NN	NN	_	4	prep_with	_	_
7	.	_	.	.	_	4	punct	_	_","['det$@%a$@%man', 'nsubj$@%man$@%dance', 'aux$@%be$@%dance', 'root$@%dance$@%VROOT', 'erased$@%with$@%WORDERASED', 'prep_with$@%music$@%dance', 'punct$@%.$@%dance']","['x$@%a$@%man', 'x$@%man$@%dance', 'x$@%be$@%dance', 'x$@%dance$@%VROOT', 'x$@%with$@%WORDERASED', 'x$@%music$@%dance', 'x$@%.$@%dance']","['x$@%a$@%x', 'x$@%man$@%x', 'x$@%be$@%x', 'x$@%dance$@%x', 'x$@%with$@%x', 'x$@%music$@%x', 'x$@%.$@%x']",0.42436785978472447,0.29196756074350949,0.12743815656080992,0.43862741282562667,0.29345682174439125,0.11175704208255144,1.0,45.0,38.0,25.0,20.5
I01U-gNNS-p057-r1,The boy is dancing with some music. ,1,1,1,1,1,"1	the	_	DT	DT	_	2	det	_	_
2	boy	_	NN	NN	_	4	nsubj	_	_
3	be	_	VBZ	VBZ	_	4	aux	_	_
4	dance	_	VBG	VBG	_	0	root	_	_
5	with	_	IN	IN	_	0	erased	_	_
6	some	_	DT	DT	_	7	det	_	_
7	music	_	NN	NN	_	4	prep_with	_	_
8	.	_	.	.	_	4	punct	_	_","['det$@%the$@%boy', 'nsubj$@%boy$@%dance', 'aux$@%be$@%dance', 'root$@%dance$@%VROOT', 'erased$@%with$@%WORDERASED', 'det$@%some$@%music', 'prep_with$@%music$@%dance', 'punct$@%.$@%dance']","['x$@%the$@%boy', 'x$@%boy$@%dance', 'x$@%be$@%dance', 'x$@%dance$@%VROOT', 'x$@%with$@%WORDERASED', 'x$@%some$@%music', 'x$@%music$@%dance', 'x$@%.$@%dance']","['x$@%the$@%x', 'x$@%boy$@%x', 'x$@%be$@%x', 'x$@%dance$@%x', 'x$@%with$@%x', 'x$@%some$@%x', 'x$@%music$@%x', 'x$@%.$@%x']",0.27947532086812787,0.15306592868558655,0.043889052676795326,0.28150486448665801,0.1415794635005565,0.029391477400311561,1.0,34.0,34.0,21.0,20.5
I01U-gNNS-p058-r1,He is dancing to the beat. ,1,1,1,1,1,"1	he	_	PRP	PRP	_	3	nsubj	_	_
2	be	_	VBZ	VBZ	_	3	aux	_	_
3	dance	_	VBG	VBG	_	0	root	_	_
4	to	_	TO	TO	_	0	erased	_	_
5	the	_	DT	DT	_	6	det	_	_
6	beat	_	NN	NN	_	3	prep_to	_	_
7	.	_	.	.	_	3	punct	_	_","['nsubj$@%he$@%dance', 'aux$@%be$@%dance', 'root$@%dance$@%VROOT', 'erased$@%to$@%WORDERASED', 'det$@%the$@%beat', 'prep_to$@%beat$@%dance', 'punct$@%.$@%dance']","['x$@%he$@%dance', 'x$@%be$@%dance', 'x$@%dance$@%VROOT', 'x$@%to$@%WORDERASED', 'x$@%the$@%beat', 'x$@%beat$@%dance', 'x$@%.$@%dance']","['x$@%he$@%x', 'x$@%be$@%x', 'x$@%dance$@%x', 'x$@%to$@%x', 'x$@%the$@%x', 'x$@%beat$@%x', 'x$@%.$@%x']",0.46152195129651197,0.49781670602813344,0.53840721140079717,0.47627911315487415,0.51297833228074641,0.54132755276882283,1.0,48.0,49.0,52.0,20.5
I01U-gNNS-p065-r1,The boy is dancing with music.,1,1,1,1,1,"1	the	_	DT	DT	_	2	det	_	_
2	boy	_	NN	NN	_	4	nsubj	_	_
3	be	_	VBZ	VBZ	_	4	aux	_	_
4	dance	_	VBG	VBG	_	0	root	_	_
5	with	_	IN	IN	_	0	erased	_	_
6	music	_	NN	NN	_	4	prep_with	_	_
7	.	_	.	.	_	4	punct	_	_","['det$@%the$@%boy', 'nsubj$@%boy$@%dance', 'aux$@%be$@%dance', 'root$@%dance$@%VROOT', 'erased$@%with$@%WORDERASED', 'prep_with$@%music$@%dance', 'punct$@%.$@%dance']","['x$@%the$@%boy', 'x$@%boy$@%dance', 'x$@%be$@%dance', 'x$@%dance$@%VROOT', 'x$@%with$@%WORDERASED', 'x$@%music$@%dance', 'x$@%.$@%dance']","['x$@%the$@%x', 'x$@%boy$@%x', 'x$@%be$@%x', 'x$@%dance$@%x', 'x$@%with$@%x', 'x$@%music$@%x', 'x$@%.$@%x']",0.21365989037705646,0.068433203935570175,0.039712211219677829,0.22081313542882886,0.060550757745233219,0.025245408983736395,1.0,25.5,5.5,8.5,20.5
I01U-gNNS-p066-r1,The boy is dancing with music.,1,1,1,1,1,"1	the	_	DT	DT	_	2	det	_	_
2	boy	_	NN	NN	_	4	nsubj	_	_
3	be	_	VBZ	VBZ	_	4	aux	_	_
4	dance	_	VBG	VBG	_	0	root	_	_
5	with	_	IN	IN	_	0	erased	_	_
6	music	_	NN	NN	_	4	prep_with	_	_
7	.	_	.	.	_	4	punct	_	_","['det$@%the$@%boy', 'nsubj$@%boy$@%dance', 'aux$@%be$@%dance', 'root$@%dance$@%VROOT', 'erased$@%with$@%WORDERASED', 'prep_with$@%music$@%dance', 'punct$@%.$@%dance']","['x$@%the$@%boy', 'x$@%boy$@%dance', 'x$@%be$@%dance', 'x$@%dance$@%VROOT', 'x$@%with$@%WORDERASED', 'x$@%music$@%dance', 'x$@%.$@%dance']","['x$@%the$@%x', 'x$@%boy$@%x', 'x$@%be$@%x', 'x$@%dance$@%x', 'x$@%with$@%x', 'x$@%music$@%x', 'x$@%.$@%x']",0.21365989037705646,0.068433203935570175,0.039712211219677829,0.22081313542882886,0.060550757745233219,0.025245408983736395,1.0,25.5,5.5,8.5,20.5
I01U-gNNS-p069-r1,He is dancing ,1,1,1,1,1,"1	he	_	PRP	PRP	_	3	nsubj	_	_
2	be	_	VBZ	VBZ	_	3	aux	_	_
3	dance	_	VBG	VBG	_	0	root	_	_
4	.	_	.	.	_	3	punct	_	_","['nsubj$@%he$@%dance', 'aux$@%be$@%dance', 'root$@%dance$@%VROOT', 'punct$@%.$@%dance']","['x$@%he$@%dance', 'x$@%be$@%dance', 'x$@%dance$@%VROOT', 'x$@%.$@%dance']","['x$@%he$@%x', 'x$@%be$@%x', 'x$@%dance$@%x', 'x$@%.$@%x']",0.33453428035483779,0.37139514614576707,0.35361080817026147,0.35386219033790767,0.39151089234245073,0.36493435315787048,1.0,39.0,42.0,40.0,20.5
I01U-gNNS-p070-r1,The boy is dancing to a music.,1,1,0,1,1,"1	the	_	DT	DT	_	2	det	_	_
2	boy	_	NN	NN	_	4	nsubj	_	_
3	be	_	VBZ	VBZ	_	4	aux	_	_
4	dance	_	VBG	VBG	_	0	root	_	_
5	to	_	TO	TO	_	0	erased	_	_
6	a	_	DT	DT	_	7	det	_	_
7	music	_	NN	NN	_	4	prep_to	_	_
8	.	_	.	.	_	4	punct	_	_","['det$@%the$@%boy', 'nsubj$@%boy$@%dance', 'aux$@%be$@%dance', 'root$@%dance$@%VROOT', 'erased$@%to$@%WORDERASED', 'det$@%a$@%music', 'prep_to$@%music$@%dance', 'punct$@%.$@%dance']","['x$@%the$@%boy', 'x$@%boy$@%dance', 'x$@%be$@%dance', 'x$@%dance$@%VROOT', 'x$@%to$@%WORDERASED', 'x$@%a$@%music', 'x$@%music$@%dance', 'x$@%.$@%dance']","['x$@%the$@%x', 'x$@%boy$@%x', 'x$@%be$@%x', 'x$@%dance$@%x', 'x$@%to$@%x', 'x$@%a$@%x', 'x$@%music$@%x', 'x$@%.$@%x']",0.1367005214150665,0.13960864285754671,0.039587406296644367,0.12978521657393216,0.13232624662271919,0.025117121857132441,0.944,14.0,33.0,1.0,45.0
I01U-gNNS-p072-r1,The boy is dancing with the music,1,1,1,1,1,"1	the	_	DT	DT	_	2	det	_	_
2	boy	_	NN	NN	_	4	nsubj	_	_
3	be	_	VBZ	VBZ	_	4	aux	_	_
4	dance	_	VBG	VBG	_	0	root	_	_
5	with	_	IN	IN	_	0	erased	_	_
6	the	_	DT	DT	_	7	det	_	_
7	music	_	NN	NN	_	4	prep_with	_	_
8	.	_	.	.	_	4	punct	_	_","['det$@%the$@%boy', 'nsubj$@%boy$@%dance', 'aux$@%be$@%dance', 'root$@%dance$@%VROOT', 'erased$@%with$@%WORDERASED', 'det$@%the$@%music', 'prep_with$@%music$@%dance', 'punct$@%.$@%dance']","['x$@%the$@%boy', 'x$@%boy$@%dance', 'x$@%be$@%dance', 'x$@%dance$@%VROOT', 'x$@%with$@%WORDERASED', 'x$@%the$@%music', 'x$@%music$@%dance', 'x$@%.$@%dance']","['x$@%the$@%x', 'x$@%boy$@%x', 'x$@%be$@%x', 'x$@%dance$@%x', 'x$@%with$@%x', 'x$@%the$@%x', 'x$@%music$@%x', 'x$@%.$@%x']",0.21892835724084858,0.078648544147382649,0.039728747021976707,0.22021570705390292,0.065435347911023789,0.025247891589160965,1.0,17.5,16.5,17.5,20.5
I01U-gNNS-p074-r1,A boy listens to music and dancing.,0,0,1,1,0,"1	a	_	DT	DT	_	2	det	_	_
2	boy	_	NN	NN	_	3	nsubj	_	_
3	listen	_	VBZ	VBZ	_	0	root	_	_
4	to	_	TO	TO	_	0	erased	_	_
5	music	_	NN	NN	_	3	prep_to	_	_
6	and	_	CC	CC	_	0	erased	_	_
7	dancing	_	NN	NN	_	5	conj_and	_	_
8	.	_	.	.	_	3	punct	_	_","['det$@%a$@%boy', 'nsubj$@%boy$@%listen', 'root$@%listen$@%VROOT', 'erased$@%to$@%WORDERASED', 'prep_to$@%music$@%listen', 'erased$@%and$@%WORDERASED', 'conj_and$@%dancing$@%music', 'punct$@%.$@%listen']","['x$@%a$@%boy', 'x$@%boy$@%listen', 'x$@%listen$@%VROOT', 'x$@%to$@%WORDERASED', 'x$@%music$@%listen', 'x$@%and$@%WORDERASED', 'x$@%dancing$@%music', 'x$@%.$@%listen']","['x$@%a$@%x', 'x$@%boy$@%x', 'x$@%listen$@%x', 'x$@%to$@%x', 'x$@%music$@%x', 'x$@%and$@%x', 'x$@%dancing$@%x', 'x$@%.$@%x']",0.93966279911320494,0.93824926796239538,0.43764428378949893,0.92959278885252095,0.92829899787499892,0.45644788968096606,0.28,53.0,53.0,45.0,68.0
I01U-gNNS-p075-r1,The boy is dancing.,1,1,1,1,1,"1	the	_	DT	DT	_	2	det	_	_
2	boy	_	NN	NN	_	4	nsubj	_	_
3	be	_	VBZ	VBZ	_	4	aux	_	_
4	dance	_	VBG	VBG	_	0	root	_	_
5	.	_	.	.	_	4	punct	_	_","['det$@%the$@%boy', 'nsubj$@%boy$@%dance', 'aux$@%be$@%dance', 'root$@%dance$@%VROOT', 'punct$@%.$@%dance']","['x$@%the$@%boy', 'x$@%boy$@%dance', 'x$@%be$@%dance', 'x$@%dance$@%VROOT', 'x$@%.$@%dance']","['x$@%the$@%x', 'x$@%boy$@%x', 'x$@%be$@%x', 'x$@%dance$@%x', 'x$@%.$@%x']",0.09693923810897398,0.094915884872982859,0.24544047223141907,0.10515411768338123,0.10255301177105458,0.25506233216077767,1.0,6.0,25.0,31.0,20.5
I01U-gNNS-p077-r1,The boy is listening to song and dancing at the same time. ,1,1,0,1,1,"1	the	_	DT	DT	_	2	det	_	_
2	boy	_	NN	NN	_	8	nsubj	_	_
3	be	_	VBZ	VBZ	_	4	aux	_	_
4	listen	_	VBG	VBG	_	0	root	_	_
5	to	_	TO	TO	_	0	erased	_	_
6	song	_	NN	NN	_	4	prep_to	_	_
7	and	_	CC	CC	_	0	erased	_	_
8	dancing	_	VBG	VBG	_	4	conj_and	_	_
9	at	_	IN	IN	_	0	erased	_	_
10	the	_	DT	DT	_	12	det	_	_
11	same	_	JJ	JJ	_	12	amod	_	_
12	time	_	NN	NN	_	8	prep_at	_	_
13	.	_	.	.	_	4	punct	_	_","['det$@%the$@%boy', 'nsubj$@%boy$@%dancing', 'aux$@%be$@%listen', 'root$@%listen$@%VROOT', 'erased$@%to$@%WORDERASED', 'prep_to$@%song$@%listen', 'erased$@%and$@%WORDERASED', 'conj_and$@%dancing$@%listen', 'erased$@%at$@%WORDERASED', 'det$@%the$@%time', 'amod$@%same$@%time', 'prep_at$@%time$@%dancing', 'punct$@%.$@%listen']","['x$@%the$@%boy', 'x$@%boy$@%dancing', 'x$@%be$@%listen', 'x$@%listen$@%VROOT', 'x$@%to$@%WORDERASED', 'x$@%song$@%listen', 'x$@%and$@%WORDERASED', 'x$@%dancing$@%listen', 'x$@%at$@%WORDERASED', 'x$@%the$@%time', 'x$@%same$@%time', 'x$@%time$@%dancing', 'x$@%.$@%listen']","['x$@%the$@%x', 'x$@%boy$@%x', 'x$@%be$@%x', 'x$@%listen$@%x', 'x$@%to$@%x', 'x$@%song$@%x', 'x$@%and$@%x', 'x$@%dancing$@%x', 'x$@%at$@%x', 'x$@%the$@%x', 'x$@%same$@%x', 'x$@%time$@%x', 'x$@%.$@%x']",0.961746022451474,0.95738382912485576,0.73062399302505654,0.95791731709433603,0.95342260598324857,0.7624538634600736,0.944,64.0,62.0,54.0,45.0
I01U-gNNS-p078-r1,The boy is dancing with the music.,1,1,1,1,1,"1	the	_	DT	DT	_	2	det	_	_
2	boy	_	NN	NN	_	4	nsubj	_	_
3	be	_	VBZ	VBZ	_	4	aux	_	_
4	dance	_	VBG	VBG	_	0	root	_	_
5	with	_	IN	IN	_	0	erased	_	_
6	the	_	DT	DT	_	7	det	_	_
7	music	_	NN	NN	_	4	prep_with	_	_
8	.	_	.	.	_	4	punct	_	_","['det$@%the$@%boy', 'nsubj$@%boy$@%dance', 'aux$@%be$@%dance', 'root$@%dance$@%VROOT', 'erased$@%with$@%WORDERASED', 'det$@%the$@%music', 'prep_with$@%music$@%dance', 'punct$@%.$@%dance']","['x$@%the$@%boy', 'x$@%boy$@%dance', 'x$@%be$@%dance', 'x$@%dance$@%VROOT', 'x$@%with$@%WORDERASED', 'x$@%the$@%music', 'x$@%music$@%dance', 'x$@%.$@%dance']","['x$@%the$@%x', 'x$@%boy$@%x', 'x$@%be$@%x', 'x$@%dance$@%x', 'x$@%with$@%x', 'x$@%the$@%x', 'x$@%music$@%x', 'x$@%.$@%x']",0.21892835724084858,0.078648544147382649,0.039728747021976707,0.22021570705390292,0.065435347911023789,0.025247891589160965,1.0,17.5,16.5,17.5,20.5
I01U-gNNS-p079-r1,The boy is dancing with the music,1,1,1,1,1,"1	the	_	DT	DT	_	2	det	_	_
2	boy	_	NN	NN	_	4	nsubj	_	_
3	be	_	VBZ	VBZ	_	4	aux	_	_
4	dance	_	VBG	VBG	_	0	root	_	_
5	with	_	IN	IN	_	0	erased	_	_
6	the	_	DT	DT	_	7	det	_	_
7	music	_	NN	NN	_	4	prep_with	_	_
8	.	_	.	.	_	4	punct	_	_","['det$@%the$@%boy', 'nsubj$@%boy$@%dance', 'aux$@%be$@%dance', 'root$@%dance$@%VROOT', 'erased$@%with$@%WORDERASED', 'det$@%the$@%music', 'prep_with$@%music$@%dance', 'punct$@%.$@%dance']","['x$@%the$@%boy', 'x$@%boy$@%dance', 'x$@%be$@%dance', 'x$@%dance$@%VROOT', 'x$@%with$@%WORDERASED', 'x$@%the$@%music', 'x$@%music$@%dance', 'x$@%.$@%dance']","['x$@%the$@%x', 'x$@%boy$@%x', 'x$@%be$@%x', 'x$@%dance$@%x', 'x$@%with$@%x', 'x$@%the$@%x', 'x$@%music$@%x', 'x$@%.$@%x']",0.21892835724084858,0.078648544147382649,0.039728747021976707,0.22021570705390292,0.065435347911023789,0.025247891589160965,1.0,17.5,16.5,17.5,20.5
I01U-gNNS-p081-r1,the boy is singing,0,1,1,1,0,"1	the	_	DT	DT	_	2	det	_	_
2	boy	_	NN	NN	_	4	nsubj	_	_
3	be	_	VBZ	VBZ	_	4	aux	_	_
4	singing	_	VBG	VBG	_	0	root	_	_
5	.	_	.	.	_	4	punct	_	_","['det$@%the$@%boy', 'nsubj$@%boy$@%singing', 'aux$@%be$@%singing', 'root$@%singing$@%VROOT', 'punct$@%.$@%singing']","['x$@%the$@%boy', 'x$@%boy$@%singing', 'x$@%be$@%singing', 'x$@%singing$@%VROOT', 'x$@%.$@%singing']","['x$@%the$@%x', 'x$@%boy$@%x', 'x$@%be$@%x', 'x$@%singing$@%x', 'x$@%.$@%x']",0.93852116468251678,0.93821842347368523,0.80106451962249059,0.95421856117486115,0.95431468857759549,0.82202470645200776,0.373,60.5,64.5,66.5,66.5
I01U-gNNS-p082-r1,The boy is dancing.,1,1,1,1,1,"1	the	_	DT	DT	_	2	det	_	_
2	boy	_	NN	NN	_	4	nsubj	_	_
3	be	_	VBZ	VBZ	_	4	aux	_	_
4	dance	_	VBG	VBG	_	0	root	_	_
5	.	_	.	.	_	4	punct	_	_","['det$@%the$@%boy', 'nsubj$@%boy$@%dance', 'aux$@%be$@%dance', 'root$@%dance$@%VROOT', 'punct$@%.$@%dance']","['x$@%the$@%boy', 'x$@%boy$@%dance', 'x$@%be$@%dance', 'x$@%dance$@%VROOT', 'x$@%.$@%dance']","['x$@%the$@%x', 'x$@%boy$@%x', 'x$@%be$@%x', 'x$@%dance$@%x', 'x$@%.$@%x']",0.09693923810897398,0.094915884872982859,0.24544047223141907,0.10515411768338123,0.10255301177105458,0.25506233216077767,1.0,6.0,25.0,31.0,20.5
I01U-gNNS-p083-r1,The boy is dancing with the music. ,1,1,1,1,1,"1	the	_	DT	DT	_	2	det	_	_
2	boy	_	NN	NN	_	4	nsubj	_	_
3	be	_	VBZ	VBZ	_	4	aux	_	_
4	dance	_	VBG	VBG	_	0	root	_	_
5	with	_	IN	IN	_	0	erased	_	_
6	the	_	DT	DT	_	7	det	_	_
7	music	_	NN	NN	_	4	prep_with	_	_
8	.	_	.	.	_	4	punct	_	_","['det$@%the$@%boy', 'nsubj$@%boy$@%dance', 'aux$@%be$@%dance', 'root$@%dance$@%VROOT', 'erased$@%with$@%WORDERASED', 'det$@%the$@%music', 'prep_with$@%music$@%dance', 'punct$@%.$@%dance']","['x$@%the$@%boy', 'x$@%boy$@%dance', 'x$@%be$@%dance', 'x$@%dance$@%VROOT', 'x$@%with$@%WORDERASED', 'x$@%the$@%music', 'x$@%music$@%dance', 'x$@%.$@%dance']","['x$@%the$@%x', 'x$@%boy$@%x', 'x$@%be$@%x', 'x$@%dance$@%x', 'x$@%with$@%x', 'x$@%the$@%x', 'x$@%music$@%x', 'x$@%.$@%x']",0.21892835724084858,0.078648544147382649,0.039728747021976707,0.22021570705390292,0.065435347911023789,0.025247891589160965,1.0,17.5,16.5,17.5,20.5
I01U-gNNS-p086-r1,The boy is singing and dancing at the same time.,1,1,1,1,0,"1	the	_	DT	DT	_	2	det	_	_
2	boy	_	NN	NN	_	6	nsubj	_	_
3	be	_	VBZ	VBZ	_	4	aux	_	_
4	singing	_	VBG	VBG	_	0	root	_	_
5	and	_	CC	CC	_	0	erased	_	_
6	dancing	_	VBG	VBG	_	4	conj_and	_	_
7	at	_	IN	IN	_	0	erased	_	_
8	the	_	DT	DT	_	10	det	_	_
9	same	_	JJ	JJ	_	10	amod	_	_
10	time	_	NN	NN	_	4	prep_at	_	_
11	.	_	.	.	_	4	punct	_	_","['det$@%the$@%boy', 'nsubj$@%boy$@%dancing', 'aux$@%be$@%singing', 'root$@%singing$@%VROOT', 'erased$@%and$@%WORDERASED', 'conj_and$@%dancing$@%singing', 'erased$@%at$@%WORDERASED', 'det$@%the$@%time', 'amod$@%same$@%time', 'prep_at$@%time$@%singing', 'punct$@%.$@%singing']","['x$@%the$@%boy', 'x$@%boy$@%dancing', 'x$@%be$@%singing', 'x$@%singing$@%VROOT', 'x$@%and$@%WORDERASED', 'x$@%dancing$@%singing', 'x$@%at$@%WORDERASED', 'x$@%the$@%time', 'x$@%same$@%time', 'x$@%time$@%singing', 'x$@%.$@%singing']","['x$@%the$@%x', 'x$@%boy$@%x', 'x$@%be$@%x', 'x$@%singing$@%x', 'x$@%and$@%x', 'x$@%dancing$@%x', 'x$@%at$@%x', 'x$@%the$@%x', 'x$@%same$@%x', 'x$@%time$@%x', 'x$@%.$@%x']",0.94458482955046863,0.94133553074013643,0.722437198404972,0.95616746877243064,0.95355196141194842,0.77665194347374444,0.738,63.0,63.0,62.5,57.0
I01U-gNNS-p087-r1,the boy is dancing,1,1,1,1,1,"1	the	_	DT	DT	_	2	det	_	_
2	boy	_	NN	NN	_	4	nsubj	_	_
3	be	_	VBZ	VBZ	_	4	aux	_	_
4	dance	_	VBG	VBG	_	0	root	_	_
5	.	_	.	.	_	4	punct	_	_","['det$@%the$@%boy', 'nsubj$@%boy$@%dance', 'aux$@%be$@%dance', 'root$@%dance$@%VROOT', 'punct$@%.$@%dance']","['x$@%the$@%boy', 'x$@%boy$@%dance', 'x$@%be$@%dance', 'x$@%dance$@%VROOT', 'x$@%.$@%dance']","['x$@%the$@%x', 'x$@%boy$@%x', 'x$@%be$@%x', 'x$@%dance$@%x', 'x$@%.$@%x']",0.09693923810897398,0.094915884872982859,0.24544047223141907,0.10515411768338123,0.10255301177105458,0.25506233216077767,1.0,6.0,25.0,31.0,20.5
I01U-gNNS-p099-r1,A boy is dancing to music.,1,1,1,1,1,"1	a	_	DT	DT	_	2	det	_	_
2	boy	_	NN	NN	_	4	nsubj	_	_
3	be	_	VBZ	VBZ	_	4	aux	_	_
4	dance	_	VBG	VBG	_	0	root	_	_
5	to	_	TO	TO	_	0	erased	_	_
6	music	_	NN	NN	_	4	prep_to	_	_
7	.	_	.	.	_	4	punct	_	_","['det$@%a$@%boy', 'nsubj$@%boy$@%dance', 'aux$@%be$@%dance', 'root$@%dance$@%VROOT', 'erased$@%to$@%WORDERASED', 'prep_to$@%music$@%dance', 'punct$@%.$@%dance']","['x$@%a$@%boy', 'x$@%boy$@%dance', 'x$@%be$@%dance', 'x$@%dance$@%VROOT', 'x$@%to$@%WORDERASED', 'x$@%music$@%dance', 'x$@%.$@%dance']","['x$@%a$@%x', 'x$@%boy$@%x', 'x$@%be$@%x', 'x$@%dance$@%x', 'x$@%to$@%x', 'x$@%music$@%x', 'x$@%.$@%x']",0.07250410157729148,0.072170211895546732,0.039591042317433822,0.064308126939974564,0.063499759082859875,0.025119282036935697,1.0,1.0,12.0,2.0,20.5
I01U-gNNS-p101-r1,The boy is singing and dancing by himself.,1,1,1,1,0,"1	the	_	DT	DT	_	2	det	_	_
2	boy	_	NN	NN	_	6	nsubj	_	_
3	be	_	VBZ	VBZ	_	4	aux	_	_
4	singing	_	VBG	VBG	_	0	root	_	_
5	and	_	CC	CC	_	0	erased	_	_
6	dancing	_	VBG	VBG	_	4	conj_and	_	_
7	by	_	IN	IN	_	0	erased	_	_
8	himself	_	PRP	PRP	_	4	prep_by	_	_
9	.	_	.	.	_	4	punct	_	_","['det$@%the$@%boy', 'nsubj$@%boy$@%dancing', 'aux$@%be$@%singing', 'root$@%singing$@%VROOT', 'erased$@%and$@%WORDERASED', 'conj_and$@%dancing$@%singing', 'erased$@%by$@%WORDERASED', 'prep_by$@%himself$@%singing', 'punct$@%.$@%singing']","['x$@%the$@%boy', 'x$@%boy$@%dancing', 'x$@%be$@%singing', 'x$@%singing$@%VROOT', 'x$@%and$@%WORDERASED', 'x$@%dancing$@%singing', 'x$@%by$@%WORDERASED', 'x$@%himself$@%singing', 'x$@%.$@%singing']","['x$@%the$@%x', 'x$@%boy$@%x', 'x$@%be$@%x', 'x$@%singing$@%x', 'x$@%and$@%x', 'x$@%dancing$@%x', 'x$@%by$@%x', 'x$@%himself$@%x', 'x$@%.$@%x']",0.94375626293668136,0.94045946807870773,0.72530817268611703,0.95551146018839017,0.95285770701227712,0.77898061999027735,0.738,62.0,61.0,64.0,57.0
I01U-gNNS-p104-r1,A boy is singing and dancing.,1,1,1,1,0,"1	a	_	DT	DT	_	2	det	_	_
2	boy	_	NN	NN	_	6	nsubj	_	_
3	be	_	VBZ	VBZ	_	4	aux	_	_
4	singing	_	VBG	VBG	_	0	root	_	_
5	and	_	CC	CC	_	0	erased	_	_
6	dancing	_	VBG	VBG	_	4	conj_and	_	_
7	.	_	.	.	_	4	punct	_	_","['det$@%a$@%boy', 'nsubj$@%boy$@%dancing', 'aux$@%be$@%singing', 'root$@%singing$@%VROOT', 'erased$@%and$@%WORDERASED', 'conj_and$@%dancing$@%singing', 'punct$@%.$@%singing']","['x$@%a$@%boy', 'x$@%boy$@%dancing', 'x$@%be$@%singing', 'x$@%singing$@%VROOT', 'x$@%and$@%WORDERASED', 'x$@%dancing$@%singing', 'x$@%.$@%singing']","['x$@%a$@%x', 'x$@%boy$@%x', 'x$@%be$@%x', 'x$@%singing$@%x', 'x$@%and$@%x', 'x$@%dancing$@%x', 'x$@%.$@%x']",0.93849661565765929,0.93453625096923765,0.71894786357259499,0.95072304671560637,0.94743759803280281,0.77386490748539094,0.738,55.5,55.5,59.5,57.0
I01U-gNNS-p105-r1,The boy is dancing with music.,1,1,1,1,1,"1	the	_	DT	DT	_	2	det	_	_
2	boy	_	NN	NN	_	4	nsubj	_	_
3	be	_	VBZ	VBZ	_	4	aux	_	_
4	dance	_	VBG	VBG	_	0	root	_	_
5	with	_	IN	IN	_	0	erased	_	_
6	music	_	NN	NN	_	4	prep_with	_	_
7	.	_	.	.	_	4	punct	_	_","['det$@%the$@%boy', 'nsubj$@%boy$@%dance', 'aux$@%be$@%dance', 'root$@%dance$@%VROOT', 'erased$@%with$@%WORDERASED', 'prep_with$@%music$@%dance', 'punct$@%.$@%dance']","['x$@%the$@%boy', 'x$@%boy$@%dance', 'x$@%be$@%dance', 'x$@%dance$@%VROOT', 'x$@%with$@%WORDERASED', 'x$@%music$@%dance', 'x$@%.$@%dance']","['x$@%the$@%x', 'x$@%boy$@%x', 'x$@%be$@%x', 'x$@%dance$@%x', 'x$@%with$@%x', 'x$@%music$@%x', 'x$@%.$@%x']",0.21365989037705646,0.068433203935570175,0.039712211219677829,0.22081313542882886,0.060550757745233219,0.025245408983736395,1.0,25.5,5.5,8.5,20.5
I01U-gNNS-p106-r1,The boy is singing a song and dancing.,1,1,1,1,0,"1	the	_	DT	DT	_	2	det	_	_
2	boy	_	NN	NN	_	4	nsubj	_	_
3	be	_	VBZ	VBZ	_	4	aux	_	_
4	sing	_	VBG	VBG	_	0	root	_	_
5	a	_	DT	DT	_	6	det	_	_
6	song	_	NN	NN	_	4	dobj	_	_
7	and	_	CC	CC	_	0	erased	_	_
8	dancing	_	NN	NN	_	6	conj_and	_	_
9	.	_	.	.	_	4	punct	_	_","['det$@%the$@%boy', 'nsubj$@%boy$@%sing', 'aux$@%be$@%sing', 'root$@%sing$@%VROOT', 'det$@%a$@%song', 'dobj$@%song$@%sing', 'erased$@%and$@%WORDERASED', 'conj_and$@%dancing$@%song', 'punct$@%.$@%sing']","['x$@%the$@%boy', 'x$@%boy$@%sing', 'x$@%be$@%sing', 'x$@%sing$@%VROOT', 'x$@%a$@%song', 'x$@%song$@%sing', 'x$@%and$@%WORDERASED', 'x$@%dancing$@%song', 'x$@%.$@%sing']","['x$@%the$@%x', 'x$@%boy$@%x', 'x$@%be$@%x', 'x$@%sing$@%x', 'x$@%a$@%x', 'x$@%song$@%x', 'x$@%and$@%x', 'x$@%dancing$@%x', 'x$@%.$@%x']",0.97062029862311328,0.97037230573117128,0.75096586169522439,0.96866378916044082,0.96850066651896927,0.78516900800983302,0.738,67.0,67.0,65.0,57.0
I01U-gNNS-p107-r1,The boy is dancing excitedly with loud and crazy music.,1,1,1,1,0,"1	the	_	DT	DT	_	2	det	_	_
2	boy	_	NN	NN	_	4	nsubj	_	_
3	be	_	VBZ	VBZ	_	4	aux	_	_
4	dance	_	VBG	VBG	_	0	root	_	_
5	excitedly	_	RB	RB	_	4	advmod	_	_
6	with	_	IN	IN	_	0	erased	_	_
7	loud	_	JJ	JJ	_	10	amod	_	_
8	and	_	CC	CC	_	0	erased	_	_
9	crazy	_	JJ	JJ	_	10	amod	_	_
10	music	_	NN	NN	_	4	prep_with	_	_
11	.	_	.	.	_	4	punct	_	_","['det$@%the$@%boy', 'nsubj$@%boy$@%dance', 'aux$@%be$@%dance', 'root$@%dance$@%VROOT', 'advmod$@%excitedly$@%dance', 'erased$@%with$@%WORDERASED', 'amod$@%loud$@%music', 'erased$@%and$@%WORDERASED', 'amod$@%crazy$@%music', 'prep_with$@%music$@%dance', 'punct$@%.$@%dance']","['x$@%the$@%boy', 'x$@%boy$@%dance', 'x$@%be$@%dance', 'x$@%dance$@%VROOT', 'x$@%excitedly$@%dance', 'x$@%with$@%WORDERASED', 'x$@%loud$@%music', 'x$@%and$@%WORDERASED', 'x$@%crazy$@%music', 'x$@%music$@%dance', 'x$@%.$@%dance']","['x$@%the$@%x', 'x$@%boy$@%x', 'x$@%be$@%x', 'x$@%dance$@%x', 'x$@%excitedly$@%x', 'x$@%with$@%x', 'x$@%loud$@%x', 'x$@%and$@%x', 'x$@%crazy$@%x', 'x$@%music$@%x', 'x$@%.$@%x']",0.39849255333139222,0.29584369933290589,0.54434278252573332,0.40211423896390519,0.28805765251848969,0.53490776861436673,0.738,42.0,37.0,51.0,57.0
I01U-gNNS-p108-r1,The guy is dancing,1,1,1,1,1,"1	the	_	DT	DT	_	2	det	_	_
2	guy	_	NN	NN	_	4	nsubj	_	_
3	be	_	VBZ	VBZ	_	4	aux	_	_
4	dance	_	VBG	VBG	_	0	root	_	_
5	.	_	.	.	_	4	punct	_	_","['det$@%the$@%guy', 'nsubj$@%guy$@%dance', 'aux$@%be$@%dance', 'root$@%dance$@%VROOT', 'punct$@%.$@%dance']","['x$@%the$@%guy', 'x$@%guy$@%dance', 'x$@%be$@%dance', 'x$@%dance$@%VROOT', 'x$@%.$@%dance']","['x$@%the$@%x', 'x$@%guy$@%x', 'x$@%be$@%x', 'x$@%dance$@%x', 'x$@%.$@%x']",0.36609379055737901,0.40350516431481598,0.50087144815868623,0.38336678100548094,0.42381369386916601,0.52026752282388244,1.0,40.0,44.0,49.0,20.5
I01U-gNNS-p109-r1,The boy is dancing with the music. ,1,1,1,1,1,"1	the	_	DT	DT	_	2	det	_	_
2	boy	_	NN	NN	_	4	nsubj	_	_
3	be	_	VBZ	VBZ	_	4	aux	_	_
4	dance	_	VBG	VBG	_	0	root	_	_
5	with	_	IN	IN	_	0	erased	_	_
6	the	_	DT	DT	_	7	det	_	_
7	music	_	NN	NN	_	4	prep_with	_	_
8	.	_	.	.	_	4	punct	_	_","['det$@%the$@%boy', 'nsubj$@%boy$@%dance', 'aux$@%be$@%dance', 'root$@%dance$@%VROOT', 'erased$@%with$@%WORDERASED', 'det$@%the$@%music', 'prep_with$@%music$@%dance', 'punct$@%.$@%dance']","['x$@%the$@%boy', 'x$@%boy$@%dance', 'x$@%be$@%dance', 'x$@%dance$@%VROOT', 'x$@%with$@%WORDERASED', 'x$@%the$@%music', 'x$@%music$@%dance', 'x$@%.$@%dance']","['x$@%the$@%x', 'x$@%boy$@%x', 'x$@%be$@%x', 'x$@%dance$@%x', 'x$@%with$@%x', 'x$@%the$@%x', 'x$@%music$@%x', 'x$@%.$@%x']",0.21892835724084858,0.078648544147382649,0.039728747021976707,0.22021570705390292,0.065435347911023789,0.025247891589160965,1.0,17.5,16.5,17.5,20.5
I01U-gNNS-p111-r1,A boy is dancing along the music.,1,1,0,1,1,"1	a	_	DT	DT	_	2	det	_	_
2	boy	_	NN	NN	_	4	nsubj	_	_
3	be	_	VBZ	VBZ	_	4	aux	_	_
4	dance	_	VBG	VBG	_	0	root	_	_
5	along	_	IN	IN	_	0	erased	_	_
6	the	_	DT	DT	_	7	det	_	_
7	music	_	NN	NN	_	4	prep_along	_	_
8	.	_	.	.	_	4	punct	_	_","['det$@%a$@%boy', 'nsubj$@%boy$@%dance', 'aux$@%be$@%dance', 'root$@%dance$@%VROOT', 'erased$@%along$@%WORDERASED', 'det$@%the$@%music', 'prep_along$@%music$@%dance', 'punct$@%.$@%dance']","['x$@%a$@%boy', 'x$@%boy$@%dance', 'x$@%be$@%dance', 'x$@%dance$@%VROOT', 'x$@%along$@%WORDERASED', 'x$@%the$@%music', 'x$@%music$@%dance', 'x$@%.$@%dance']","['x$@%a$@%x', 'x$@%boy$@%x', 'x$@%be$@%x', 'x$@%dance$@%x', 'x$@%along$@%x', 'x$@%the$@%x', 'x$@%music$@%x', 'x$@%.$@%x']",0.22762556731605987,0.089217452561965671,0.086129911641558143,0.22816554429951552,0.075368959141129177,0.072361524823076007,0.944,33.0,20.0,22.0,45.0
I01U-gNNS-p112-r1,The boy is dancing.,1,1,1,1,1,"1	the	_	DT	DT	_	2	det	_	_
2	boy	_	NN	NN	_	4	nsubj	_	_
3	be	_	VBZ	VBZ	_	4	aux	_	_
4	dance	_	VBG	VBG	_	0	root	_	_
5	.	_	.	.	_	4	punct	_	_","['det$@%the$@%boy', 'nsubj$@%boy$@%dance', 'aux$@%be$@%dance', 'root$@%dance$@%VROOT', 'punct$@%.$@%dance']","['x$@%the$@%boy', 'x$@%boy$@%dance', 'x$@%be$@%dance', 'x$@%dance$@%VROOT', 'x$@%.$@%dance']","['x$@%the$@%x', 'x$@%boy$@%x', 'x$@%be$@%x', 'x$@%dance$@%x', 'x$@%.$@%x']",0.09693923810897398,0.094915884872982859,0.24544047223141907,0.10515411768338123,0.10255301177105458,0.25506233216077767,1.0,6.0,25.0,31.0,20.5
I01U-gNNS-p114-r1,The boy is dancing.,1,1,1,1,1,"1	the	_	DT	DT	_	2	det	_	_
2	boy	_	NN	NN	_	4	nsubj	_	_
3	be	_	VBZ	VBZ	_	4	aux	_	_
4	dance	_	VBG	VBG	_	0	root	_	_
5	.	_	.	.	_	4	punct	_	_","['det$@%the$@%boy', 'nsubj$@%boy$@%dance', 'aux$@%be$@%dance', 'root$@%dance$@%VROOT', 'punct$@%.$@%dance']","['x$@%the$@%boy', 'x$@%boy$@%dance', 'x$@%be$@%dance', 'x$@%dance$@%VROOT', 'x$@%.$@%dance']","['x$@%the$@%x', 'x$@%boy$@%x', 'x$@%be$@%x', 'x$@%dance$@%x', 'x$@%.$@%x']",0.09693923810897398,0.094915884872982859,0.24544047223141907,0.10515411768338123,0.10255301177105458,0.25506233216077767,1.0,6.0,25.0,31.0,20.5
I01U-gNNS-p116-r1,The boy is singing,0,1,1,1,0,"1	the	_	DT	DT	_	2	det	_	_
2	boy	_	NN	NN	_	4	nsubj	_	_
3	be	_	VBZ	VBZ	_	4	aux	_	_
4	singing	_	VBG	VBG	_	0	root	_	_
5	.	_	.	.	_	4	punct	_	_","['det$@%the$@%boy', 'nsubj$@%boy$@%singing', 'aux$@%be$@%singing', 'root$@%singing$@%VROOT', 'punct$@%.$@%singing']","['x$@%the$@%boy', 'x$@%boy$@%singing', 'x$@%be$@%singing', 'x$@%singing$@%VROOT', 'x$@%.$@%singing']","['x$@%the$@%x', 'x$@%boy$@%x', 'x$@%be$@%x', 'x$@%singing$@%x', 'x$@%.$@%x']",0.93852116468251678,0.93821842347368523,0.80106451962249059,0.95421856117486115,0.95431468857759549,0.82202470645200776,0.373,60.5,64.5,66.5,66.5
I01U-gNNS-p118-r1,The boy is dancing with music.,1,1,1,1,1,"1	the	_	DT	DT	_	2	det	_	_
2	boy	_	NN	NN	_	4	nsubj	_	_
3	be	_	VBZ	VBZ	_	4	aux	_	_
4	dance	_	VBG	VBG	_	0	root	_	_
5	with	_	IN	IN	_	0	erased	_	_
6	music	_	NN	NN	_	4	prep_with	_	_
7	.	_	.	.	_	4	punct	_	_","['det$@%the$@%boy', 'nsubj$@%boy$@%dance', 'aux$@%be$@%dance', 'root$@%dance$@%VROOT', 'erased$@%with$@%WORDERASED', 'prep_with$@%music$@%dance', 'punct$@%.$@%dance']","['x$@%the$@%boy', 'x$@%boy$@%dance', 'x$@%be$@%dance', 'x$@%dance$@%VROOT', 'x$@%with$@%WORDERASED', 'x$@%music$@%dance', 'x$@%.$@%dance']","['x$@%the$@%x', 'x$@%boy$@%x', 'x$@%be$@%x', 'x$@%dance$@%x', 'x$@%with$@%x', 'x$@%music$@%x', 'x$@%.$@%x']",0.21365989037705646,0.068433203935570175,0.039712211219677829,0.22081313542882886,0.060550757745233219,0.025245408983736395,1.0,25.5,5.5,8.5,20.5
I01U-gNNS-p119-r1,The boy is dancing.,1,1,1,1,1,"1	the	_	DT	DT	_	2	det	_	_
2	boy	_	NN	NN	_	4	nsubj	_	_
3	be	_	VBZ	VBZ	_	4	aux	_	_
4	dance	_	VBG	VBG	_	0	root	_	_
5	.	_	.	.	_	4	punct	_	_","['det$@%the$@%boy', 'nsubj$@%boy$@%dance', 'aux$@%be$@%dance', 'root$@%dance$@%VROOT', 'punct$@%.$@%dance']","['x$@%the$@%boy', 'x$@%boy$@%dance', 'x$@%be$@%dance', 'x$@%dance$@%VROOT', 'x$@%.$@%dance']","['x$@%the$@%x', 'x$@%boy$@%x', 'x$@%be$@%x', 'x$@%dance$@%x', 'x$@%.$@%x']",0.09693923810897398,0.094915884872982859,0.24544047223141907,0.10515411768338123,0.10255301177105458,0.25506233216077767,1.0,6.0,25.0,31.0,20.5
I01U-gNNS-p122-r1,The boy is dancing with music.,1,1,1,1,1,"1	the	_	DT	DT	_	2	det	_	_
2	boy	_	NN	NN	_	4	nsubj	_	_
3	be	_	VBZ	VBZ	_	4	aux	_	_
4	dance	_	VBG	VBG	_	0	root	_	_
5	with	_	IN	IN	_	0	erased	_	_
6	music	_	NN	NN	_	4	prep_with	_	_
7	.	_	.	.	_	4	punct	_	_","['det$@%the$@%boy', 'nsubj$@%boy$@%dance', 'aux$@%be$@%dance', 'root$@%dance$@%VROOT', 'erased$@%with$@%WORDERASED', 'prep_with$@%music$@%dance', 'punct$@%.$@%dance']","['x$@%the$@%boy', 'x$@%boy$@%dance', 'x$@%be$@%dance', 'x$@%dance$@%VROOT', 'x$@%with$@%WORDERASED', 'x$@%music$@%dance', 'x$@%.$@%dance']","['x$@%the$@%x', 'x$@%boy$@%x', 'x$@%be$@%x', 'x$@%dance$@%x', 'x$@%with$@%x', 'x$@%music$@%x', 'x$@%.$@%x']",0.21365989037705646,0.068433203935570175,0.039712211219677829,0.22081313542882886,0.060550757745233219,0.025245408983736395,1.0,25.5,5.5,8.5,20.5
I01U-gNNS-p123-r1,The boy is dancing with music,1,1,1,1,1,"1	the	_	DT	DT	_	2	det	_	_
2	boy	_	NN	NN	_	4	nsubj	_	_
3	be	_	VBZ	VBZ	_	4	aux	_	_
4	dance	_	VBG	VBG	_	0	root	_	_
5	with	_	IN	IN	_	0	erased	_	_
6	music	_	NN	NN	_	4	prep_with	_	_
7	.	_	.	.	_	4	punct	_	_","['det$@%the$@%boy', 'nsubj$@%boy$@%dance', 'aux$@%be$@%dance', 'root$@%dance$@%VROOT', 'erased$@%with$@%WORDERASED', 'prep_with$@%music$@%dance', 'punct$@%.$@%dance']","['x$@%the$@%boy', 'x$@%boy$@%dance', 'x$@%be$@%dance', 'x$@%dance$@%VROOT', 'x$@%with$@%WORDERASED', 'x$@%music$@%dance', 'x$@%.$@%dance']","['x$@%the$@%x', 'x$@%boy$@%x', 'x$@%be$@%x', 'x$@%dance$@%x', 'x$@%with$@%x', 'x$@%music$@%x', 'x$@%.$@%x']",0.21365989037705646,0.068433203935570175,0.039712211219677829,0.22081313542882886,0.060550757745233219,0.025245408983736395,1.0,25.5,5.5,8.5,20.5
I01U-gNNS-p124-r1,he is dancing with the music,1,1,1,1,1,"1	he	_	PRP	PRP	_	3	nsubj	_	_
2	be	_	VBZ	VBZ	_	3	aux	_	_
3	dance	_	VBG	VBG	_	0	root	_	_
4	with	_	IN	IN	_	0	erased	_	_
5	the	_	DT	DT	_	6	det	_	_
6	music	_	NN	NN	_	3	prep_with	_	_
7	.	_	.	.	_	3	punct	_	_","['nsubj$@%he$@%dance', 'aux$@%be$@%dance', 'root$@%dance$@%VROOT', 'erased$@%with$@%WORDERASED', 'det$@%the$@%music', 'prep_with$@%music$@%dance', 'punct$@%.$@%dance']","['x$@%he$@%dance', 'x$@%be$@%dance', 'x$@%dance$@%VROOT', 'x$@%with$@%WORDERASED', 'x$@%the$@%music', 'x$@%music$@%dance', 'x$@%.$@%dance']","['x$@%he$@%x', 'x$@%be$@%x', 'x$@%dance$@%x', 'x$@%with$@%x', 'x$@%the$@%x', 'x$@%music$@%x', 'x$@%.$@%x']",0.42259937646358992,0.31081152672123147,0.12217673572714494,0.43308443551354481,0.30761818398127971,0.10662890897511001,1.0,43.0,40.0,23.0,20.5
I01U-gNNS-p125-r1,The boy is dancing.,1,1,1,1,1,"1	the	_	DT	DT	_	2	det	_	_
2	boy	_	NN	NN	_	4	nsubj	_	_
3	be	_	VBZ	VBZ	_	4	aux	_	_
4	dance	_	VBG	VBG	_	0	root	_	_
5	.	_	.	.	_	4	punct	_	_","['det$@%the$@%boy', 'nsubj$@%boy$@%dance', 'aux$@%be$@%dance', 'root$@%dance$@%VROOT', 'punct$@%.$@%dance']","['x$@%the$@%boy', 'x$@%boy$@%dance', 'x$@%be$@%dance', 'x$@%dance$@%VROOT', 'x$@%.$@%dance']","['x$@%the$@%x', 'x$@%boy$@%x', 'x$@%be$@%x', 'x$@%dance$@%x', 'x$@%.$@%x']",0.09693923810897398,0.094915884872982859,0.24544047223141907,0.10515411768338123,0.10255301177105458,0.25506233216077767,1.0,6.0,25.0,31.0,20.5
I01U-gNNS-p127-r1,The boy is dancing and singing.,1,1,1,1,0,"1	the	_	DT	DT	_	2	det	_	_
2	boy	_	NN	NN	_	6	nsubj	_	_
3	be	_	VBZ	VBZ	_	4	aux	_	_
4	dance	_	VBG	VBG	_	0	root	_	_
5	and	_	CC	CC	_	0	erased	_	_
6	singing	_	VBG	VBG	_	4	conj_and	_	_
7	.	_	.	.	_	4	punct	_	_","['det$@%the$@%boy', 'nsubj$@%boy$@%singing', 'aux$@%be$@%dance', 'root$@%dance$@%VROOT', 'erased$@%and$@%WORDERASED', 'conj_and$@%singing$@%dance', 'punct$@%.$@%dance']","['x$@%the$@%boy', 'x$@%boy$@%singing', 'x$@%be$@%dance', 'x$@%dance$@%VROOT', 'x$@%and$@%WORDERASED', 'x$@%singing$@%dance', 'x$@%.$@%dance']","['x$@%the$@%x', 'x$@%boy$@%x', 'x$@%be$@%x', 'x$@%dance$@%x', 'x$@%and$@%x', 'x$@%singing$@%x', 'x$@%.$@%x']",0.4255786828284337,0.46343295321869171,0.46369242773739028,0.4384808975692992,0.47893434017690706,0.48734373388225494,0.738,44.0,46.0,46.0,57.0
I01U-gNNS-p128-r1,The boy is dancing with music. ,1,1,1,1,1,"1	the	_	DT	DT	_	2	det	_	_
2	boy	_	NN	NN	_	4	nsubj	_	_
3	be	_	VBZ	VBZ	_	4	aux	_	_
4	dance	_	VBG	VBG	_	0	root	_	_
5	with	_	IN	IN	_	0	erased	_	_
6	music	_	NN	NN	_	4	prep_with	_	_
7	.	_	.	.	_	4	punct	_	_","['det$@%the$@%boy', 'nsubj$@%boy$@%dance', 'aux$@%be$@%dance', 'root$@%dance$@%VROOT', 'erased$@%with$@%WORDERASED', 'prep_with$@%music$@%dance', 'punct$@%.$@%dance']","['x$@%the$@%boy', 'x$@%boy$@%dance', 'x$@%be$@%dance', 'x$@%dance$@%VROOT', 'x$@%with$@%WORDERASED', 'x$@%music$@%dance', 'x$@%.$@%dance']","['x$@%the$@%x', 'x$@%boy$@%x', 'x$@%be$@%x', 'x$@%dance$@%x', 'x$@%with$@%x', 'x$@%music$@%x', 'x$@%.$@%x']",0.21365989037705646,0.068433203935570175,0.039712211219677829,0.22081313542882886,0.060550757745233219,0.025245408983736395,1.0,25.5,5.5,8.5,20.5
I01U-gNNS-p133-r1,The boy is dancing with the music alone. ,1,1,1,1,1,"1	the	_	DT	DT	_	2	det	_	_
2	boy	_	NN	NN	_	4	nsubj	_	_
3	be	_	VBZ	VBZ	_	4	aux	_	_
4	dance	_	VBG	VBG	_	0	root	_	_
5	with	_	IN	IN	_	0	erased	_	_
6	the	_	DT	DT	_	7	det	_	_
7	music	_	NN	NN	_	4	prep_with	_	_
8	alone	_	RB	RB	_	4	advmod	_	_
9	.	_	.	.	_	4	punct	_	_","['det$@%the$@%boy', 'nsubj$@%boy$@%dance', 'aux$@%be$@%dance', 'root$@%dance$@%VROOT', 'erased$@%with$@%WORDERASED', 'det$@%the$@%music', 'prep_with$@%music$@%dance', 'advmod$@%alone$@%dance', 'punct$@%.$@%dance']","['x$@%the$@%boy', 'x$@%boy$@%dance', 'x$@%be$@%dance', 'x$@%dance$@%VROOT', 'x$@%with$@%WORDERASED', 'x$@%the$@%music', 'x$@%music$@%dance', 'x$@%alone$@%dance', 'x$@%.$@%dance']","['x$@%the$@%x', 'x$@%boy$@%x', 'x$@%be$@%x', 'x$@%dance$@%x', 'x$@%with$@%x', 'x$@%the$@%x', 'x$@%music$@%x', 'x$@%alone$@%x', 'x$@%.$@%x']",0.29492089762491036,0.17234738052058429,0.12327654356350048,0.29608299774600133,0.16047792895869584,0.11005981913601204,1.0,35.0,35.0,24.0,20.5
I01U-gNNS-p135-r1,The boy is dancing on music.,1,1,0,1,1,"1	the	_	DT	DT	_	2	det	_	_
2	boy	_	NN	NN	_	4	nsubj	_	_
3	be	_	VBZ	VBZ	_	4	aux	_	_
4	dance	_	VBG	VBG	_	0	root	_	_
5	on	_	IN	IN	_	0	erased	_	_
6	music	_	NN	NN	_	4	prep_on	_	_
7	.	_	.	.	_	4	punct	_	_","['det$@%the$@%boy', 'nsubj$@%boy$@%dance', 'aux$@%be$@%dance', 'root$@%dance$@%VROOT', 'erased$@%on$@%WORDERASED', 'prep_on$@%music$@%dance', 'punct$@%.$@%dance']","['x$@%the$@%boy', 'x$@%boy$@%dance', 'x$@%be$@%dance', 'x$@%dance$@%VROOT', 'x$@%on$@%WORDERASED', 'x$@%music$@%dance', 'x$@%.$@%dance']","['x$@%the$@%x', 'x$@%boy$@%x', 'x$@%be$@%x', 'x$@%dance$@%x', 'x$@%on$@%x', 'x$@%music$@%x', 'x$@%.$@%x']",0.21366186874909332,0.068435454218340408,0.039691166255117705,0.22081456614214856,0.060552455858394194,0.025222013766775464,0.944,31.0,11.0,3.0,45.0
I01U-gNNS-p136-r1,The boy is listening to music and dancing.,1,1,1,1,1,"1	the	_	DT	DT	_	2	det	_	_
2	boy	_	NN	NN	_	4	nsubj	_	_
3	be	_	VBZ	VBZ	_	4	aux	_	_
4	listen	_	VBG	VBG	_	0	root	_	_
5	to	_	TO	TO	_	0	erased	_	_
6	music	_	NN	NN	_	4	prep_to	_	_
7	and	_	CC	CC	_	0	erased	_	_
8	dancing	_	NN	NN	_	6	conj_and	_	_
9	.	_	.	.	_	4	punct	_	_","['det$@%the$@%boy', 'nsubj$@%boy$@%listen', 'aux$@%be$@%listen', 'root$@%listen$@%VROOT', 'erased$@%to$@%WORDERASED', 'prep_to$@%music$@%listen', 'erased$@%and$@%WORDERASED', 'conj_and$@%dancing$@%music', 'punct$@%.$@%listen']","['x$@%the$@%boy', 'x$@%boy$@%listen', 'x$@%be$@%listen', 'x$@%listen$@%VROOT', 'x$@%to$@%WORDERASED', 'x$@%music$@%listen', 'x$@%and$@%WORDERASED', 'x$@%dancing$@%music', 'x$@%.$@%listen']","['x$@%the$@%x', 'x$@%boy$@%x', 'x$@%be$@%x', 'x$@%listen$@%x', 'x$@%to$@%x', 'x$@%music$@%x', 'x$@%and$@%x', 'x$@%dancing$@%x', 'x$@%.$@%x']",0.93643003430925276,0.93579453070322338,0.43764080585237675,0.92697125815093473,0.92655532699908771,0.45644569427630965,1.0,52.0,52.0,44.0,20.5
I01U-gNNS-p140-r1,The boy is singing and dancing. ,1,1,1,1,0,"1	the	_	DT	DT	_	2	det	_	_
2	boy	_	NN	NN	_	6	nsubj	_	_
3	be	_	VBZ	VBZ	_	4	aux	_	_
4	singing	_	VBG	VBG	_	0	root	_	_
5	and	_	CC	CC	_	0	erased	_	_
6	dancing	_	VBG	VBG	_	4	conj_and	_	_
7	.	_	.	.	_	4	punct	_	_","['det$@%the$@%boy', 'nsubj$@%boy$@%dancing', 'aux$@%be$@%singing', 'root$@%singing$@%VROOT', 'erased$@%and$@%WORDERASED', 'conj_and$@%dancing$@%singing', 'punct$@%.$@%singing']","['x$@%the$@%boy', 'x$@%boy$@%dancing', 'x$@%be$@%singing', 'x$@%singing$@%VROOT', 'x$@%and$@%WORDERASED', 'x$@%dancing$@%singing', 'x$@%.$@%singing']","['x$@%the$@%x', 'x$@%boy$@%x', 'x$@%be$@%x', 'x$@%singing$@%x', 'x$@%and$@%x', 'x$@%dancing$@%x', 'x$@%.$@%x']",0.93780898432667392,0.93416064847467317,0.71894548159674643,0.95080788140752936,0.94787119394681141,0.77386368561206853,0.738,58.0,58.0,57.0,57.0
I01U-gNNS-p141-r1,The man is dancing,1,1,1,1,1,"1	the	_	DT	DT	_	2	det	_	_
2	man	_	NN	NN	_	4	nsubj	_	_
3	be	_	VBZ	VBZ	_	4	aux	_	_
4	dance	_	VBG	VBG	_	0	root	_	_
5	.	_	.	.	_	4	punct	_	_","['det$@%the$@%man', 'nsubj$@%man$@%dance', 'aux$@%be$@%dance', 'root$@%dance$@%VROOT', 'punct$@%.$@%dance']","['x$@%the$@%man', 'x$@%man$@%dance', 'x$@%be$@%dance', 'x$@%dance$@%VROOT', 'x$@%.$@%dance']","['x$@%the$@%x', 'x$@%man$@%x', 'x$@%be$@%x', 'x$@%dance$@%x', 'x$@%.$@%x']",0.33694157781247858,0.3521834458501456,0.360556744491766,0.35338831492644496,0.37165171357409921,0.3713830285853339,1.0,38.0,41.0,41.0,20.5
