ResponseID,Response,Core,Answer,Gramm,Interp,Verif,parse,ldh,xdh,xdx,ldh TC weighted,xdh TC weighted,xdx TC weighted,ldh TC unweighted,xdh TC unweighted,xdx TC unweighted,AnnoScore,ldh w rank,xdh w rank,xdx w rank,ldh uw rank,xdh uw rank,xdx uw rank,AnnoRank
I08U-gNNS-p004-r1,A lady is about to have a turkey for her dinner in a fancy restaurant.,1,1,1,1,1,"1	a	_	DT	DT	_	2	det	_	_
2	lady	_	NN	NN	_	6	xsubj	_	_
3	be	_	VBZ	VBZ	_	4	aux	_	_
4	about	_	IN	IN	_	0	root	_	_
5	to	_	TO	TO	_	6	aux	_	_
6	have	_	VB	VB	_	4	xcomp	_	_
7	a	_	DT	DT	_	8	det	_	_
8	turkey	_	NN	NN	_	6	dobj	_	_
9	for	_	IN	IN	_	0	erased	_	_
10	she	_	PRP$	PRP$	_	11	poss	_	_
11	dinner	_	NN	NN	_	8	prep_for	_	_
12	in	_	IN	IN	_	0	erased	_	_
13	a	_	DT	DT	_	15	det	_	_
14	fancy	_	JJ	JJ	_	15	amod	_	_
15	restaurant	_	NN	NN	_	11	prep_in	_	_
16	.	_	.	.	_	4	punct	_	_","['det$@%a$@%lady', 'xsubj$@%lady$@%have', 'aux$@%be$@%about', 'root$@%about$@%VROOT', 'aux$@%to$@%have', 'xcomp$@%have$@%about', 'det$@%a$@%turkey', 'dobj$@%turkey$@%have', 'erased$@%for$@%WORDERASED', 'poss$@%she$@%dinner', 'prep_for$@%dinner$@%turkey', 'erased$@%in$@%WORDERASED', 'det$@%a$@%restaurant', 'amod$@%fancy$@%restaurant', 'prep_in$@%restaurant$@%dinner', 'punct$@%.$@%about']","['x$@%a$@%lady', 'x$@%lady$@%have', 'x$@%be$@%about', 'x$@%about$@%VROOT', 'x$@%to$@%have', 'x$@%have$@%about', 'x$@%a$@%turkey', 'x$@%turkey$@%have', 'x$@%for$@%WORDERASED', 'x$@%she$@%dinner', 'x$@%dinner$@%turkey', 'x$@%in$@%WORDERASED', 'x$@%a$@%restaurant', 'x$@%fancy$@%restaurant', 'x$@%restaurant$@%dinner', 'x$@%.$@%about']","['x$@%a$@%x', 'x$@%lady$@%x', 'x$@%be$@%x', 'x$@%about$@%x', 'x$@%to$@%x', 'x$@%have$@%x', 'x$@%a$@%x', 'x$@%turkey$@%x', 'x$@%for$@%x', 'x$@%she$@%x', 'x$@%dinner$@%x', 'x$@%in$@%x', 'x$@%a$@%x', 'x$@%fancy$@%x', 'x$@%restaurant$@%x', 'x$@%.$@%x']",0.86751544240221035,0.87519554667495381,0.51560905048793282,0.84747303029457721,0.84789298763343368,0.51628635108156395,1.0,43.0,43.0,39.0,42.0,43.0,39.0,16.0
I08U-gNNS-p005-r1,The waiter is taking dish to the woman.,1,1,0,1,1,"1	the	_	DT	DT	_	2	det	_	_
2	waiter	_	NN	NN	_	4	nsubj	_	_
3	be	_	VBZ	VBZ	_	4	aux	_	_
4	take	_	VBG	VBG	_	0	root	_	_
5	dish	_	NN	NN	_	4	dobj	_	_
6	to	_	TO	TO	_	0	erased	_	_
7	the	_	DT	DT	_	8	det	_	_
8	woman	_	NN	NN	_	4	prep_to	_	_
9	.	_	.	.	_	4	punct	_	_","['det$@%the$@%waiter', 'nsubj$@%waiter$@%take', 'aux$@%be$@%take', 'root$@%take$@%VROOT', 'dobj$@%dish$@%take', 'erased$@%to$@%WORDERASED', 'det$@%the$@%woman', 'prep_to$@%woman$@%take', 'punct$@%.$@%take']","['x$@%the$@%waiter', 'x$@%waiter$@%take', 'x$@%be$@%take', 'x$@%take$@%VROOT', 'x$@%dish$@%take', 'x$@%to$@%WORDERASED', 'x$@%the$@%woman', 'x$@%woman$@%take', 'x$@%.$@%take']","['x$@%the$@%x', 'x$@%waiter$@%x', 'x$@%be$@%x', 'x$@%take$@%x', 'x$@%dish$@%x', 'x$@%to$@%x', 'x$@%the$@%x', 'x$@%woman$@%x', 'x$@%.$@%x']",0.79764165159603118,0.80349914054104721,0.40028490227758484,0.78554186048771857,0.77920999246190503,0.39622649041087743,0.944,29.0,29.0,26.0,28.0,28.0,26.0,34.0
I08U-gNNS-p006-r1,A waiter is serving a woman with a grilled turkey.,1,1,1,1,1,"1	a	_	DT	DT	_	2	det	_	_
2	waiter	_	NN	NN	_	4	nsubj	_	_
3	be	_	VBZ	VBZ	_	4	aux	_	_
4	serve	_	VBG	VBG	_	0	root	_	_
5	a	_	DT	DT	_	6	det	_	_
6	woman	_	NN	NN	_	4	dobj	_	_
7	with	_	IN	IN	_	0	erased	_	_
8	a	_	DT	DT	_	10	det	_	_
9	grilled	_	JJ	JJ	_	10	amod	_	_
10	turkey	_	NN	NN	_	4	prep_with	_	_
11	.	_	.	.	_	4	punct	_	_","['det$@%a$@%waiter', 'nsubj$@%waiter$@%serve', 'aux$@%be$@%serve', 'root$@%serve$@%VROOT', 'det$@%a$@%woman', 'dobj$@%woman$@%serve', 'erased$@%with$@%WORDERASED', 'det$@%a$@%turkey', 'amod$@%grilled$@%turkey', 'prep_with$@%turkey$@%serve', 'punct$@%.$@%serve']","['x$@%a$@%waiter', 'x$@%waiter$@%serve', 'x$@%be$@%serve', 'x$@%serve$@%VROOT', 'x$@%a$@%woman', 'x$@%woman$@%serve', 'x$@%with$@%WORDERASED', 'x$@%a$@%turkey', 'x$@%grilled$@%turkey', 'x$@%turkey$@%serve', 'x$@%.$@%serve']","['x$@%a$@%x', 'x$@%waiter$@%x', 'x$@%be$@%x', 'x$@%serve$@%x', 'x$@%a$@%x', 'x$@%woman$@%x', 'x$@%with$@%x', 'x$@%a$@%x', 'x$@%grilled$@%x', 'x$@%turkey$@%x', 'x$@%.$@%x']",0.51665960674120404,0.40209962900434648,0.2769529406607637,0.51928571511178689,0.39575383566914801,0.27129669665797962,1.0,11.0,3.0,7.0,11.0,3.0,7.0,16.0
I08U-gNNS-p007-r1,"The lady finally get her order, the delicious chicken past by the gentleman. ",1,0,0,1,1,"1	the	_	DT	DT	_	2	det	_	_
2	lady	_	NN	NN	_	4	nsubj	_	_
3	finally	_	RB	RB	_	4	advmod	_	_
4	get	_	VBP	VBP	_	0	root	_	_
5	she	_	PRP$	PRP$	_	6	poss	_	_
6	order	_	NN	NN	_	4	dobj	_	_
7	,	_	,	,	_	6	punct	_	_
8	the	_	DT	DT	_	11	det	_	_
9	delicious	_	JJ	JJ	_	11	amod	_	_
10	chicken	_	NN	NN	_	11	nn	_	_
11	past	_	NN	NN	_	6	appos	_	_
12	by	_	IN	IN	_	0	erased	_	_
13	the	_	DT	DT	_	14	det	_	_
14	gentleman	_	NN	NN	_	4	prep_by	_	_
15	.	_	.	.	_	4	punct	_	_","['det$@%the$@%lady', 'nsubj$@%lady$@%get', 'advmod$@%finally$@%get', 'root$@%get$@%VROOT', 'poss$@%she$@%order', 'dobj$@%order$@%get', 'punct$@%,$@%order', 'det$@%the$@%past', 'amod$@%delicious$@%past', 'nn$@%chicken$@%past', 'appos$@%past$@%order', 'erased$@%by$@%WORDERASED', 'det$@%the$@%gentleman', 'prep_by$@%gentleman$@%get', 'punct$@%.$@%get']","['x$@%the$@%lady', 'x$@%lady$@%get', 'x$@%finally$@%get', 'x$@%get$@%VROOT', 'x$@%she$@%order', 'x$@%order$@%get', 'x$@%,$@%order', 'x$@%the$@%past', 'x$@%delicious$@%past', 'x$@%chicken$@%past', 'x$@%past$@%order', 'x$@%by$@%WORDERASED', 'x$@%the$@%gentleman', 'x$@%gentleman$@%get', 'x$@%.$@%get']","['x$@%the$@%x', 'x$@%lady$@%x', 'x$@%finally$@%x', 'x$@%get$@%x', 'x$@%she$@%x', 'x$@%order$@%x', 'x$@%,$@%x', 'x$@%the$@%x', 'x$@%delicious$@%x', 'x$@%chicken$@%x', 'x$@%past$@%x', 'x$@%by$@%x', 'x$@%the$@%x', 'x$@%gentleman$@%x', 'x$@%.$@%x']",0.97423898876064408,0.97333797077798101,0.88698921957519317,0.97093199428994426,0.96829793803500985,0.89043570157883911,0.851,66.0,67.0,64.0,65.0,65.0,65.0,39.0
I08U-gNNS-p009-r1,A cook man is giving food to a woman.,0,1,0,1,0,"1	a	_	DT	DT	_	3	det	_	_
2	cook	_	NN	NN	_	3	nn	_	_
3	man	_	NN	NN	_	5	nsubj	_	_
4	be	_	VBZ	VBZ	_	5	aux	_	_
5	give	_	VBG	VBG	_	0	root	_	_
6	food	_	NN	NN	_	5	dobj	_	_
7	to	_	TO	TO	_	0	erased	_	_
8	a	_	DT	DT	_	9	det	_	_
9	woman	_	NN	NN	_	5	prep_to	_	_
10	.	_	.	.	_	5	punct	_	_","['det$@%a$@%man', 'nn$@%cook$@%man', 'nsubj$@%man$@%give', 'aux$@%be$@%give', 'root$@%give$@%VROOT', 'dobj$@%food$@%give', 'erased$@%to$@%WORDERASED', 'det$@%a$@%woman', 'prep_to$@%woman$@%give', 'punct$@%.$@%give']","['x$@%a$@%man', 'x$@%cook$@%man', 'x$@%man$@%give', 'x$@%be$@%give', 'x$@%give$@%VROOT', 'x$@%food$@%give', 'x$@%to$@%WORDERASED', 'x$@%a$@%woman', 'x$@%woman$@%give', 'x$@%.$@%give']","['x$@%a$@%x', 'x$@%cook$@%x', 'x$@%man$@%x', 'x$@%be$@%x', 'x$@%give$@%x', 'x$@%food$@%x', 'x$@%to$@%x', 'x$@%a$@%x', 'x$@%woman$@%x', 'x$@%.$@%x']",0.97635654956212514,0.97082772937390005,0.83289837103639452,0.97618820995796063,0.96868973188240626,0.81191685608951125,0.317,67.0,65.0,58.0,67.0,66.0,54.0,62.5
I08U-gNNS-p012-r1,the waiter is serving the woman a chicken ,1,1,1,1,1,"1	the	_	DT	DT	_	2	det	_	_
2	waiter	_	NN	NN	_	4	nsubj	_	_
3	be	_	VBZ	VBZ	_	4	aux	_	_
4	serve	_	VBG	VBG	_	0	root	_	_
5	the	_	DT	DT	_	6	det	_	_
6	woman	_	NN	NN	_	4	iobj	_	_
7	a	_	DT	DT	_	8	det	_	_
8	chicken	_	NN	NN	_	6	dep	_	_
9	.	_	.	.	_	4	punct	_	_","['det$@%the$@%waiter', 'nsubj$@%waiter$@%serve', 'aux$@%be$@%serve', 'root$@%serve$@%VROOT', 'det$@%the$@%woman', 'iobj$@%woman$@%serve', 'det$@%a$@%chicken', 'dep$@%chicken$@%woman', 'punct$@%.$@%serve']","['x$@%the$@%waiter', 'x$@%waiter$@%serve', 'x$@%be$@%serve', 'x$@%serve$@%VROOT', 'x$@%the$@%woman', 'x$@%woman$@%serve', 'x$@%a$@%chicken', 'x$@%chicken$@%woman', 'x$@%.$@%serve']","['x$@%the$@%x', 'x$@%waiter$@%x', 'x$@%be$@%x', 'x$@%serve$@%x', 'x$@%the$@%x', 'x$@%woman$@%x', 'x$@%a$@%x', 'x$@%chicken$@%x', 'x$@%.$@%x']",0.50080415131284672,0.44037214476627706,0.29629743749904347,0.51105179021408209,0.4451449826822137,0.29816610783152964,1.0,10.0,7.0,10.0,9.0,6.0,10.0,16.0
I08U-gNNS-p013-r1,The waiter offers a dish of chicken to the women who sits on the chair. ,0,0,0,1,0,"1	the	_	DT	DT	_	2	det	_	_
2	waiter	_	NN	NN	_	3	nsubj	_	_
3	offer	_	VBZ	VBZ	_	0	root	_	_
4	a	_	DT	DT	_	5	det	_	_
5	dish	_	NN	NN	_	3	dobj	_	_
6	of	_	IN	IN	_	0	erased	_	_
7	chicken	_	NN	NN	_	5	prep_of	_	_
8	to	_	TO	TO	_	0	erased	_	_
9	the	_	DT	DT	_	10	det	_	_
10	woman	_	NNS	NNS	_	12	nsubj	_	_
11	who	_	WP	WP	_	0	erased	_	_
12	sit	_	VBZ	VBZ	_	10	rcmod	_	_
13	on	_	IN	IN	_	0	erased	_	_
14	the	_	DT	DT	_	15	det	_	_
15	chair	_	NN	NN	_	12	prep_on	_	_
16	.	_	.	.	_	3	punct	_	_","['det$@%the$@%waiter', 'nsubj$@%waiter$@%offer', 'root$@%offer$@%VROOT', 'det$@%a$@%dish', 'dobj$@%dish$@%offer', 'erased$@%of$@%WORDERASED', 'prep_of$@%chicken$@%dish', 'erased$@%to$@%WORDERASED', 'det$@%the$@%woman', 'nsubj$@%woman$@%sit', 'erased$@%who$@%WORDERASED', 'rcmod$@%sit$@%woman', 'erased$@%on$@%WORDERASED', 'det$@%the$@%chair', 'prep_on$@%chair$@%sit', 'punct$@%.$@%offer']","['x$@%the$@%waiter', 'x$@%waiter$@%offer', 'x$@%offer$@%VROOT', 'x$@%a$@%dish', 'x$@%dish$@%offer', 'x$@%of$@%WORDERASED', 'x$@%chicken$@%dish', 'x$@%to$@%WORDERASED', 'x$@%the$@%woman', 'x$@%woman$@%sit', 'x$@%who$@%WORDERASED', 'x$@%sit$@%woman', 'x$@%on$@%WORDERASED', 'x$@%the$@%chair', 'x$@%chair$@%sit', 'x$@%.$@%offer']","['x$@%the$@%x', 'x$@%waiter$@%x', 'x$@%offer$@%x', 'x$@%a$@%x', 'x$@%dish$@%x', 'x$@%of$@%x', 'x$@%chicken$@%x', 'x$@%to$@%x', 'x$@%the$@%x', 'x$@%woman$@%x', 'x$@%who$@%x', 'x$@%sit$@%x', 'x$@%on$@%x', 'x$@%the$@%x', 'x$@%chair$@%x', 'x$@%.$@%x']",0.85313365018621989,0.86162048649142897,0.47307816456674845,0.84412471775108155,0.84428863803592458,0.4709882649552033,0.224,42.0,42.0,34.0,41.0,41.0,34.0,65.0
I08U-gNNS-p014-r1,A waiter is giving a woman chicken.,1,1,1,1,1,"1	a	_	DT	DT	_	2	det	_	_
2	waiter	_	NN	NN	_	4	nsubj	_	_
3	be	_	VBZ	VBZ	_	4	aux	_	_
4	give	_	VBG	VBG	_	0	root	_	_
5	a	_	DT	DT	_	7	det	_	_
6	woman	_	NN	NN	_	7	nn	_	_
7	chicken	_	NN	NN	_	4	dobj	_	_
8	.	_	.	.	_	4	punct	_	_","['det$@%a$@%waiter', 'nsubj$@%waiter$@%give', 'aux$@%be$@%give', 'root$@%give$@%VROOT', 'det$@%a$@%chicken', 'nn$@%woman$@%chicken', 'dobj$@%chicken$@%give', 'punct$@%.$@%give']","['x$@%a$@%waiter', 'x$@%waiter$@%give', 'x$@%be$@%give', 'x$@%give$@%VROOT', 'x$@%a$@%chicken', 'x$@%woman$@%chicken', 'x$@%chicken$@%give', 'x$@%.$@%give']","['x$@%a$@%x', 'x$@%waiter$@%x', 'x$@%be$@%x', 'x$@%give$@%x', 'x$@%a$@%x', 'x$@%woman$@%x', 'x$@%chicken$@%x', 'x$@%.$@%x']",0.88818336781843454,0.8946549413140813,0.31588908827586692,0.8815708016940057,0.88170671197214623,0.31366372162141654,1.0,45.0,47.0,15.0,45.0,47.0,17.0,16.0
I08U-gNNS-p017-r1,This sir gives a turkey to this lady. ,1,0,1,1,1,"1	this	_	DT	DT	_	2	det	_	_
2	sir	_	NN	NN	_	3	nsubj	_	_
3	give	_	VBZ	VBZ	_	0	root	_	_
4	a	_	DT	DT	_	5	det	_	_
5	turkey	_	NN	NN	_	3	dobj	_	_
6	to	_	TO	TO	_	0	erased	_	_
7	this	_	DT	DT	_	8	det	_	_
8	lady	_	NN	NN	_	3	prep_to	_	_
9	.	_	.	.	_	3	punct	_	_","['det$@%this$@%sir', 'nsubj$@%sir$@%give', 'root$@%give$@%VROOT', 'det$@%a$@%turkey', 'dobj$@%turkey$@%give', 'erased$@%to$@%WORDERASED', 'det$@%this$@%lady', 'prep_to$@%lady$@%give', 'punct$@%.$@%give']","['x$@%this$@%sir', 'x$@%sir$@%give', 'x$@%give$@%VROOT', 'x$@%a$@%turkey', 'x$@%turkey$@%give', 'x$@%to$@%WORDERASED', 'x$@%this$@%lady', 'x$@%lady$@%give', 'x$@%.$@%give']","['x$@%this$@%x', 'x$@%sir$@%x', 'x$@%give$@%x', 'x$@%a$@%x', 'x$@%turkey$@%x', 'x$@%to$@%x', 'x$@%this$@%x', 'x$@%lady$@%x', 'x$@%.$@%x']",0.89308073562728785,0.90207416351724035,0.56092891229471109,0.87493745984221039,0.87855989738088835,0.55011234167004586,0.907,46.0,48.0,43.0,44.0,46.0,41.0,37.0
I08U-gNNS-p021-r1,a woman is eating in a restaurant ,1,1,1,1,1,"1	a	_	DT	DT	_	2	det	_	_
2	woman	_	NN	NN	_	4	nsubj	_	_
3	be	_	VBZ	VBZ	_	4	aux	_	_
4	eat	_	VBG	VBG	_	0	root	_	_
5	in	_	IN	IN	_	0	erased	_	_
6	a	_	DT	DT	_	7	det	_	_
7	restaurant	_	NN	NN	_	4	prep_in	_	_
8	.	_	.	.	_	4	punct	_	_","['det$@%a$@%woman', 'nsubj$@%woman$@%eat', 'aux$@%be$@%eat', 'root$@%eat$@%VROOT', 'erased$@%in$@%WORDERASED', 'det$@%a$@%restaurant', 'prep_in$@%restaurant$@%eat', 'punct$@%.$@%eat']","['x$@%a$@%woman', 'x$@%woman$@%eat', 'x$@%be$@%eat', 'x$@%eat$@%VROOT', 'x$@%in$@%WORDERASED', 'x$@%a$@%restaurant', 'x$@%restaurant$@%eat', 'x$@%.$@%eat']","['x$@%a$@%x', 'x$@%woman$@%x', 'x$@%be$@%x', 'x$@%eat$@%x', 'x$@%in$@%x', 'x$@%a$@%x', 'x$@%restaurant$@%x', 'x$@%.$@%x']",0.83220719761703332,0.82141951095847021,0.81866508550981532,0.86028394045011036,0.83191189271726862,0.81942776685166518,1.0,38.0,32.0,54.0,43.0,38.0,55.0,16.0
I08U-gNNS-p022-r1,The waiter is giving the woman a chicken which is cooked well in a restaurant.,1,1,1,1,1,"1	the	_	DT	DT	_	2	det	_	_
2	waiter	_	NN	NN	_	4	nsubj	_	_
3	be	_	VBZ	VBZ	_	4	aux	_	_
4	give	_	VBG	VBG	_	0	root	_	_
5	the	_	DT	DT	_	6	det	_	_
6	woman	_	NN	NN	_	4	iobj	_	_
7	a	_	DT	DT	_	8	det	_	_
8	chicken	_	NN	NN	_	11	nsubjpass	_	_
9	which	_	WDT	WDT	_	0	erased	_	_
10	be	_	VBZ	VBZ	_	11	auxpass	_	_
11	cook	_	VBN	VBN	_	8	rcmod	_	_
12	well	_	RB	RB	_	11	advmod	_	_
13	in	_	IN	IN	_	0	erased	_	_
14	a	_	DT	DT	_	15	det	_	_
15	restaurant	_	NN	NN	_	11	prep_in	_	_
16	.	_	.	.	_	4	punct	_	_","['det$@%the$@%waiter', 'nsubj$@%waiter$@%give', 'aux$@%be$@%give', 'root$@%give$@%VROOT', 'det$@%the$@%woman', 'iobj$@%woman$@%give', 'det$@%a$@%chicken', 'nsubjpass$@%chicken$@%cook', 'erased$@%which$@%WORDERASED', 'auxpass$@%be$@%cook', 'rcmod$@%cook$@%chicken', 'advmod$@%well$@%cook', 'erased$@%in$@%WORDERASED', 'det$@%a$@%restaurant', 'prep_in$@%restaurant$@%cook', 'punct$@%.$@%give']","['x$@%the$@%waiter', 'x$@%waiter$@%give', 'x$@%be$@%give', 'x$@%give$@%VROOT', 'x$@%the$@%woman', 'x$@%woman$@%give', 'x$@%a$@%chicken', 'x$@%chicken$@%cook', 'x$@%which$@%WORDERASED', 'x$@%be$@%cook', 'x$@%cook$@%chicken', 'x$@%well$@%cook', 'x$@%in$@%WORDERASED', 'x$@%a$@%restaurant', 'x$@%restaurant$@%cook', 'x$@%.$@%give']","['x$@%the$@%x', 'x$@%waiter$@%x', 'x$@%be$@%x', 'x$@%give$@%x', 'x$@%the$@%x', 'x$@%woman$@%x', 'x$@%a$@%x', 'x$@%chicken$@%x', 'x$@%which$@%x', 'x$@%be$@%x', 'x$@%cook$@%x', 'x$@%well$@%x', 'x$@%in$@%x', 'x$@%a$@%x', 'x$@%restaurant$@%x', 'x$@%.$@%x']",0.83156469398668253,0.83761557597020131,0.41111758327262815,0.8201406601414778,0.81361092382589684,0.39723689175647836,1.0,37.0,36.0,29.0,36.0,33.0,27.0,16.0
I08U-gNNS-p023-r1,The waitress take turkey to the woman.,1,0,0,1,0,"1	the	_	DT	DT	_	2	det	_	_
2	waitress	_	NN	NN	_	3	nsubj	_	_
3	take	_	VBP	VBP	_	0	root	_	_
4	turkey	_	NN	NN	_	3	dobj	_	_
5	to	_	TO	TO	_	0	erased	_	_
6	the	_	DT	DT	_	7	det	_	_
7	woman	_	NN	NN	_	3	prep_to	_	_
8	.	_	.	.	_	3	punct	_	_","['det$@%the$@%waitress', 'nsubj$@%waitress$@%take', 'root$@%take$@%VROOT', 'dobj$@%turkey$@%take', 'erased$@%to$@%WORDERASED', 'det$@%the$@%woman', 'prep_to$@%woman$@%take', 'punct$@%.$@%take']","['x$@%the$@%waitress', 'x$@%waitress$@%take', 'x$@%take$@%VROOT', 'x$@%turkey$@%take', 'x$@%to$@%WORDERASED', 'x$@%the$@%woman', 'x$@%woman$@%take', 'x$@%.$@%take']","['x$@%the$@%x', 'x$@%waitress$@%x', 'x$@%take$@%x', 'x$@%turkey$@%x', 'x$@%to$@%x', 'x$@%the$@%x', 'x$@%woman$@%x', 'x$@%.$@%x']",0.96812373177439492,0.96960831442389694,0.61385452619052927,0.96488998340287457,0.9645095176517251,0.60489851842059394,0.589,64.0,64.0,47.0,64.0,64.0,47.0,52.0
I08U-gNNS-p026-r1,A female is being served with a rather luxurious dinner by a Mexican waiter,1,1,1,1,0,"1	a	_	DT	DT	_	2	det	_	_
2	female	_	NN	NN	_	5	nsubjpass	_	_
3	be	_	VBZ	VBZ	_	5	aux	_	_
4	be	_	VBG	VBG	_	5	auxpass	_	_
5	serve	_	VBN	VBN	_	0	root	_	_
6	with	_	IN	IN	_	0	erased	_	_
7	a	_	DT	DT	_	10	det	_	_
8	rather	_	RB	RB	_	10	advmod	_	_
9	luxurious	_	JJ	JJ	_	10	amod	_	_
10	dinner	_	NN	NN	_	5	prep_with	_	_
11	by	_	IN	IN	_	0	erased	_	_
12	a	_	DT	DT	_	14	det	_	_
13	mexican	_	JJ	JJ	_	14	amod	_	_
14	waiter	_	NN	NN	_	5	agent	_	_
15	.	_	.	.	_	5	punct	_	_","['det$@%a$@%female', 'nsubjpass$@%female$@%serve', 'aux$@%be$@%serve', 'auxpass$@%be$@%serve', 'root$@%serve$@%VROOT', 'erased$@%with$@%WORDERASED', 'det$@%a$@%dinner', 'advmod$@%rather$@%dinner', 'amod$@%luxurious$@%dinner', 'prep_with$@%dinner$@%serve', 'erased$@%by$@%WORDERASED', 'det$@%a$@%waiter', 'amod$@%mexican$@%waiter', 'agent$@%waiter$@%serve', 'punct$@%.$@%serve']","['x$@%a$@%female', 'x$@%female$@%serve', 'x$@%be$@%serve', 'x$@%be$@%serve', 'x$@%serve$@%VROOT', 'x$@%with$@%WORDERASED', 'x$@%a$@%dinner', 'x$@%rather$@%dinner', 'x$@%luxurious$@%dinner', 'x$@%dinner$@%serve', 'x$@%by$@%WORDERASED', 'x$@%a$@%waiter', 'x$@%mexican$@%waiter', 'x$@%waiter$@%serve', 'x$@%.$@%serve']","['x$@%a$@%x', 'x$@%female$@%x', 'x$@%be$@%x', 'x$@%be$@%x', 'x$@%serve$@%x', 'x$@%with$@%x', 'x$@%a$@%x', 'x$@%rather$@%x', 'x$@%luxurious$@%x', 'x$@%dinner$@%x', 'x$@%by$@%x', 'x$@%a$@%x', 'x$@%mexican$@%x', 'x$@%waiter$@%x', 'x$@%.$@%x']",0.73738121785343957,0.48745824059908116,0.54102589172033189,0.74190303298188987,0.61649526711126768,0.55241739787669697,0.738,17.0,11.0,40.0,17.0,14.0,42.0,40.0
I08U-gNNS-p027-r1,the lady's having a meal at a luxury restaurant,0,1,1,1,1,"1	the	_	DT	DT	_	2	det	_	_
2	lady	_	NN	NN	_	4	nsubj	_	_
3	's	_	VBZ	VBZ	_	4	aux	_	_
4	have	_	VBG	VBG	_	0	root	_	_
5	a	_	DT	DT	_	6	det	_	_
6	meal	_	NN	NN	_	4	dobj	_	_
7	at	_	IN	IN	_	0	erased	_	_
8	a	_	DT	DT	_	10	det	_	_
9	luxury	_	NN	NN	_	10	nn	_	_
10	restaurant	_	NN	NN	_	6	prep_at	_	_
11	.	_	.	.	_	4	punct	_	_","['det$@%the$@%lady', 'nsubj$@%lady$@%have', ""aux$@%'s$@%have"", 'root$@%have$@%VROOT', 'det$@%a$@%meal', 'dobj$@%meal$@%have', 'erased$@%at$@%WORDERASED', 'det$@%a$@%restaurant', 'nn$@%luxury$@%restaurant', 'prep_at$@%restaurant$@%meal', 'punct$@%.$@%have']","['x$@%the$@%lady', 'x$@%lady$@%have', ""x$@%'s$@%have"", 'x$@%have$@%VROOT', 'x$@%a$@%meal', 'x$@%meal$@%have', 'x$@%at$@%WORDERASED', 'x$@%a$@%restaurant', 'x$@%luxury$@%restaurant', 'x$@%restaurant$@%meal', 'x$@%.$@%have']","['x$@%the$@%x', 'x$@%lady$@%x', ""x$@%'s$@%x"", 'x$@%have$@%x', 'x$@%a$@%x', 'x$@%meal$@%x', 'x$@%at$@%x', 'x$@%a$@%x', 'x$@%luxury$@%x', 'x$@%restaurant$@%x', 'x$@%.$@%x']",0.94639977476665726,0.94919154353115509,0.88851557932132352,0.94054427328515433,0.94024742429386443,0.88239841184563184,0.635,59.0,59.0,65.0,59.0,59.0,64.0,47.5
I08U-gNNS-p028-r1,A woman is enjoying her dinner,0,1,1,1,1,"1	a	_	DT	DT	_	2	det	_	_
2	woman	_	NN	NN	_	4	nsubj	_	_
3	be	_	VBZ	VBZ	_	4	aux	_	_
4	enjoy	_	VBG	VBG	_	0	root	_	_
5	she	_	PRP$	PRP$	_	6	poss	_	_
6	dinner	_	NN	NN	_	4	dobj	_	_
7	.	_	.	.	_	4	punct	_	_","['det$@%a$@%woman', 'nsubj$@%woman$@%enjoy', 'aux$@%be$@%enjoy', 'root$@%enjoy$@%VROOT', 'poss$@%she$@%dinner', 'dobj$@%dinner$@%enjoy', 'punct$@%.$@%enjoy']","['x$@%a$@%woman', 'x$@%woman$@%enjoy', 'x$@%be$@%enjoy', 'x$@%enjoy$@%VROOT', 'x$@%she$@%dinner', 'x$@%dinner$@%enjoy', 'x$@%.$@%enjoy']","['x$@%a$@%x', 'x$@%woman$@%x', 'x$@%be$@%x', 'x$@%enjoy$@%x', 'x$@%she$@%x', 'x$@%dinner$@%x', 'x$@%.$@%x']",0.95791402508730972,0.96156224471282103,0.74054095747797555,0.95855937292667825,0.95988258450215225,0.76622474450713751,0.635,61.0,62.0,52.0,63.0,63.0,52.0,47.5
I08U-gNNS-p030-r1,The woman will eat a delicious turkey.,0,0,1,1,0,"1	the	_	DT	DT	_	2	det	_	_
2	woman	_	NN	NN	_	4	nsubj	_	_
3	will	_	MD	MD	_	4	aux	_	_
4	eat	_	VB	VB	_	0	root	_	_
5	a	_	DT	DT	_	7	det	_	_
6	delicious	_	JJ	JJ	_	7	amod	_	_
7	turkey	_	NN	NN	_	4	dobj	_	_
8	.	_	.	.	_	4	punct	_	_","['det$@%the$@%woman', 'nsubj$@%woman$@%eat', 'aux$@%will$@%eat', 'root$@%eat$@%VROOT', 'det$@%a$@%turkey', 'amod$@%delicious$@%turkey', 'dobj$@%turkey$@%eat', 'punct$@%.$@%eat']","['x$@%the$@%woman', 'x$@%woman$@%eat', 'x$@%will$@%eat', 'x$@%eat$@%VROOT', 'x$@%a$@%turkey', 'x$@%delicious$@%turkey', 'x$@%turkey$@%eat', 'x$@%.$@%eat']","['x$@%the$@%x', 'x$@%woman$@%x', 'x$@%will$@%x', 'x$@%eat$@%x', 'x$@%a$@%x', 'x$@%delicious$@%x', 'x$@%turkey$@%x', 'x$@%.$@%x']",0.7816759207945968,0.78482912932137228,0.56021748239354729,0.7758462258089075,0.76336654167700457,0.55990143098500655,0.28,25.0,24.0,42.0,25.0,25.0,43.0,64.0
I08U-gNNS-p032-r1,The waiter is send a roasted turkey to a costume.,0,0,0,0,0,"1	the	_	DT	DT	_	2	det	_	_
2	waiter	_	NN	NN	_	4	nsubj	_	_
3	be	_	VBZ	VBZ	_	4	aux	_	_
4	send	_	VB	VB	_	0	root	_	_
5	a	_	DT	DT	_	7	det	_	_
6	roasted	_	JJ	JJ	_	7	amod	_	_
7	turkey	_	NN	NN	_	4	dobj	_	_
8	to	_	TO	TO	_	0	erased	_	_
9	a	_	DT	DT	_	10	det	_	_
10	costume	_	NN	NN	_	4	prep_to	_	_
11	.	_	.	.	_	4	punct	_	_","['det$@%the$@%waiter', 'nsubj$@%waiter$@%send', 'aux$@%be$@%send', 'root$@%send$@%VROOT', 'det$@%a$@%turkey', 'amod$@%roasted$@%turkey', 'dobj$@%turkey$@%send', 'erased$@%to$@%WORDERASED', 'det$@%a$@%costume', 'prep_to$@%costume$@%send', 'punct$@%.$@%send']","['x$@%the$@%waiter', 'x$@%waiter$@%send', 'x$@%be$@%send', 'x$@%send$@%VROOT', 'x$@%a$@%turkey', 'x$@%roasted$@%turkey', 'x$@%turkey$@%send', 'x$@%to$@%WORDERASED', 'x$@%a$@%costume', 'x$@%costume$@%send', 'x$@%.$@%send']","['x$@%the$@%x', 'x$@%waiter$@%x', 'x$@%be$@%x', 'x$@%send$@%x', 'x$@%a$@%x', 'x$@%roasted$@%x', 'x$@%turkey$@%x', 'x$@%to$@%x', 'x$@%a$@%x', 'x$@%costume$@%x', 'x$@%.$@%x']",0.78361317407820941,0.79369038162742556,0.31968700330725697,0.75531877970972194,0.75266655355329171,0.30708837819654433,0.0,26.0,26.0,17.0,21.0,22.0,15.0,69.0
I08U-gNNS-p034-r1,A waiter is serving a woman with a turkey,1,1,1,1,1,"1	a	_	DT	DT	_	2	det	_	_
2	waiter	_	NN	NN	_	4	nsubj	_	_
3	be	_	VBZ	VBZ	_	4	aux	_	_
4	serve	_	VBG	VBG	_	0	root	_	_
5	a	_	DT	DT	_	6	det	_	_
6	woman	_	NN	NN	_	4	dobj	_	_
7	with	_	IN	IN	_	0	erased	_	_
8	a	_	DT	DT	_	9	det	_	_
9	turkey	_	NN	NN	_	4	prep_with	_	_
10	.	_	.	.	_	4	punct	_	_","['det$@%a$@%waiter', 'nsubj$@%waiter$@%serve', 'aux$@%be$@%serve', 'root$@%serve$@%VROOT', 'det$@%a$@%woman', 'dobj$@%woman$@%serve', 'erased$@%with$@%WORDERASED', 'det$@%a$@%turkey', 'prep_with$@%turkey$@%serve', 'punct$@%.$@%serve']","['x$@%a$@%waiter', 'x$@%waiter$@%serve', 'x$@%be$@%serve', 'x$@%serve$@%VROOT', 'x$@%a$@%woman', 'x$@%woman$@%serve', 'x$@%with$@%WORDERASED', 'x$@%a$@%turkey', 'x$@%turkey$@%serve', 'x$@%.$@%serve']","['x$@%a$@%x', 'x$@%waiter$@%x', 'x$@%be$@%x', 'x$@%serve$@%x', 'x$@%a$@%x', 'x$@%woman$@%x', 'x$@%with$@%x', 'x$@%a$@%x', 'x$@%turkey$@%x', 'x$@%.$@%x']",0.47406557507045077,0.34545465112028684,0.093991351208479568,0.47692310739125054,0.33850765842050101,0.086888204680187209,1.0,7.0,1.0,1.0,6.0,2.0,1.0,16.0
I08U-gNNS-p036-r1,The woman is going to enjoy the delicious turkey.,0,1,1,1,1,"1	the	_	DT	DT	_	2	det	_	_
2	woman	_	NN	NN	_	6	xsubj	_	_
3	be	_	VBZ	VBZ	_	4	aux	_	_
4	go	_	VBG	VBG	_	0	root	_	_
5	to	_	TO	TO	_	6	aux	_	_
6	enjoy	_	VB	VB	_	4	xcomp	_	_
7	the	_	DT	DT	_	9	det	_	_
8	delicious	_	JJ	JJ	_	9	amod	_	_
9	turkey	_	NN	NN	_	6	dobj	_	_
10	.	_	.	.	_	4	punct	_	_","['det$@%the$@%woman', 'xsubj$@%woman$@%enjoy', 'aux$@%be$@%go', 'root$@%go$@%VROOT', 'aux$@%to$@%enjoy', 'xcomp$@%enjoy$@%go', 'det$@%the$@%turkey', 'amod$@%delicious$@%turkey', 'dobj$@%turkey$@%enjoy', 'punct$@%.$@%go']","['x$@%the$@%woman', 'x$@%woman$@%enjoy', 'x$@%be$@%go', 'x$@%go$@%VROOT', 'x$@%to$@%enjoy', 'x$@%enjoy$@%go', 'x$@%the$@%turkey', 'x$@%delicious$@%turkey', 'x$@%turkey$@%enjoy', 'x$@%.$@%go']","['x$@%the$@%x', 'x$@%woman$@%x', 'x$@%be$@%x', 'x$@%go$@%x', 'x$@%to$@%x', 'x$@%enjoy$@%x', 'x$@%the$@%x', 'x$@%delicious$@%x', 'x$@%turkey$@%x', 'x$@%.$@%x']",0.9488868543997897,0.95311856671796469,0.58682334354963017,0.94931576405407081,0.95071273405023882,0.58132551483620432,0.635,60.0,60.0,45.0,60.0,61.0,45.0,47.5
I08U-gNNS-p037-r1,The waiter is offering the lady chicken.,0,1,1,1,1,"1	the	_	DT	DT	_	2	det	_	_
2	waiter	_	NN	NN	_	4	nsubj	_	_
3	be	_	VBZ	VBZ	_	4	aux	_	_
4	offer	_	VBG	VBG	_	0	root	_	_
5	the	_	DT	DT	_	7	det	_	_
6	lady	_	NN	NN	_	7	nn	_	_
7	chicken	_	NN	NN	_	4	dobj	_	_
8	.	_	.	.	_	4	punct	_	_","['det$@%the$@%waiter', 'nsubj$@%waiter$@%offer', 'aux$@%be$@%offer', 'root$@%offer$@%VROOT', 'det$@%the$@%chicken', 'nn$@%lady$@%chicken', 'dobj$@%chicken$@%offer', 'punct$@%.$@%offer']","['x$@%the$@%waiter', 'x$@%waiter$@%offer', 'x$@%be$@%offer', 'x$@%offer$@%VROOT', 'x$@%the$@%chicken', 'x$@%lady$@%chicken', 'x$@%chicken$@%offer', 'x$@%.$@%offer']","['x$@%the$@%x', 'x$@%waiter$@%x', 'x$@%be$@%x', 'x$@%offer$@%x', 'x$@%the$@%x', 'x$@%lady$@%x', 'x$@%chicken$@%x', 'x$@%.$@%x']",0.8469601471583893,0.85523438998659351,0.38006405289602319,0.83809371343952765,0.83762538680585519,0.37785793333173689,0.635,40.0,40.0,23.0,39.0,40.0,23.0,47.5
I08U-gNNS-p038-r1,A gental is taking a turkey to a lady. ,0,1,0,0,0,"1	a	_	DT	DT	_	2	det	_	_
2	gental	_	NN	NN	_	4	nsubj	_	_
3	be	_	VBZ	VBZ	_	4	aux	_	_
4	take	_	VBG	VBG	_	0	root	_	_
5	a	_	DT	DT	_	6	det	_	_
6	turkey	_	NN	NN	_	4	dobj	_	_
7	to	_	TO	TO	_	0	erased	_	_
8	a	_	DT	DT	_	9	det	_	_
9	lady	_	NN	NN	_	4	prep_to	_	_
10	.	_	.	.	_	4	punct	_	_","['det$@%a$@%gental', 'nsubj$@%gental$@%take', 'aux$@%be$@%take', 'root$@%take$@%VROOT', 'det$@%a$@%turkey', 'dobj$@%turkey$@%take', 'erased$@%to$@%WORDERASED', 'det$@%a$@%lady', 'prep_to$@%lady$@%take', 'punct$@%.$@%take']","['x$@%a$@%gental', 'x$@%gental$@%take', 'x$@%be$@%take', 'x$@%take$@%VROOT', 'x$@%a$@%turkey', 'x$@%turkey$@%take', 'x$@%to$@%WORDERASED', 'x$@%a$@%lady', 'x$@%lady$@%take', 'x$@%.$@%take']","['x$@%a$@%x', 'x$@%gental$@%x', 'x$@%be$@%x', 'x$@%take$@%x', 'x$@%a$@%x', 'x$@%turkey$@%x', 'x$@%to$@%x', 'x$@%a$@%x', 'x$@%lady$@%x', 'x$@%.$@%x']",0.90689384671925433,0.9136171777765576,0.65123912950240093,0.88591186148120438,0.88777669587959562,0.64302697571610823,0.093,49.0,51.0,49.0,47.0,49.0,49.0,67.0
I08U-gNNS-p039-r1,The waiter is serving the dishes.,1,1,1,1,1,"1	the	_	DT	DT	_	2	det	_	_
2	waiter	_	NN	NN	_	4	nsubj	_	_
3	be	_	VBZ	VBZ	_	4	aux	_	_
4	serve	_	VBG	VBG	_	0	root	_	_
5	the	_	DT	DT	_	6	det	_	_
6	dish	_	NNS	NNS	_	4	dobj	_	_
7	.	_	.	.	_	4	punct	_	_","['det$@%the$@%waiter', 'nsubj$@%waiter$@%serve', 'aux$@%be$@%serve', 'root$@%serve$@%VROOT', 'det$@%the$@%dish', 'dobj$@%dish$@%serve', 'punct$@%.$@%serve']","['x$@%the$@%waiter', 'x$@%waiter$@%serve', 'x$@%be$@%serve', 'x$@%serve$@%VROOT', 'x$@%the$@%dish', 'x$@%dish$@%serve', 'x$@%.$@%serve']","['x$@%the$@%x', 'x$@%waiter$@%x', 'x$@%be$@%x', 'x$@%serve$@%x', 'x$@%the$@%x', 'x$@%dish$@%x', 'x$@%.$@%x']",0.47264622483898588,0.49326930030912852,0.41023569942138605,0.4916365464710567,0.5181380177494348,0.41236553687411659,1.0,6.0,13.0,28.0,7.0,10.0,31.0,16.0
I08U-gNNS-p040-r1,A waiter is taking a turkey to a woman.,1,1,1,1,1,"1	a	_	DT	DT	_	2	det	_	_
2	waiter	_	NN	NN	_	4	nsubj	_	_
3	be	_	VBZ	VBZ	_	4	aux	_	_
4	take	_	VBG	VBG	_	0	root	_	_
5	a	_	DT	DT	_	6	det	_	_
6	turkey	_	NN	NN	_	4	dobj	_	_
7	to	_	TO	TO	_	0	erased	_	_
8	a	_	DT	DT	_	9	det	_	_
9	woman	_	NN	NN	_	4	prep_to	_	_
10	.	_	.	.	_	4	punct	_	_","['det$@%a$@%waiter', 'nsubj$@%waiter$@%take', 'aux$@%be$@%take', 'root$@%take$@%VROOT', 'det$@%a$@%turkey', 'dobj$@%turkey$@%take', 'erased$@%to$@%WORDERASED', 'det$@%a$@%woman', 'prep_to$@%woman$@%take', 'punct$@%.$@%take']","['x$@%a$@%waiter', 'x$@%waiter$@%take', 'x$@%be$@%take', 'x$@%take$@%VROOT', 'x$@%a$@%turkey', 'x$@%turkey$@%take', 'x$@%to$@%WORDERASED', 'x$@%a$@%woman', 'x$@%woman$@%take', 'x$@%.$@%take']","['x$@%a$@%x', 'x$@%waiter$@%x', 'x$@%be$@%x', 'x$@%take$@%x', 'x$@%a$@%x', 'x$@%turkey$@%x', 'x$@%to$@%x', 'x$@%a$@%x', 'x$@%woman$@%x', 'x$@%.$@%x']",0.78640877161507472,0.79446277985220803,0.10853474658168871,0.76085347703771933,0.75596993785949496,0.097858262531603013,1.0,27.0,27.0,2.0,23.0,23.0,2.0,16.0
I08U-gNNS-p041-r1,The waiter is serving a freshly-cooked turkey to the woman,1,1,1,1,1,"1	the	_	DT	DT	_	2	det	_	_
2	waiter	_	NN	NN	_	4	nsubj	_	_
3	be	_	VBZ	VBZ	_	4	aux	_	_
4	serve	_	VBG	VBG	_	0	root	_	_
5	a	_	DT	DT	_	7	det	_	_
6	freshly-cooked	_	JJ	JJ	_	7	amod	_	_
7	turkey	_	NN	NN	_	4	dobj	_	_
8	to	_	TO	TO	_	0	erased	_	_
9	the	_	DT	DT	_	10	det	_	_
10	woman	_	NN	NN	_	4	prep_to	_	_
11	.	_	.	.	_	4	punct	_	_","['det$@%the$@%waiter', 'nsubj$@%waiter$@%serve', 'aux$@%be$@%serve', 'root$@%serve$@%VROOT', 'det$@%a$@%turkey', 'amod$@%freshly-cooked$@%turkey', 'dobj$@%turkey$@%serve', 'erased$@%to$@%WORDERASED', 'det$@%the$@%woman', 'prep_to$@%woman$@%serve', 'punct$@%.$@%serve']","['x$@%the$@%waiter', 'x$@%waiter$@%serve', 'x$@%be$@%serve', 'x$@%serve$@%VROOT', 'x$@%a$@%turkey', 'x$@%freshly-cooked$@%turkey', 'x$@%turkey$@%serve', 'x$@%to$@%WORDERASED', 'x$@%the$@%woman', 'x$@%woman$@%serve', 'x$@%.$@%serve']","['x$@%the$@%x', 'x$@%waiter$@%x', 'x$@%be$@%x', 'x$@%serve$@%x', 'x$@%a$@%x', 'x$@%freshly-cooked$@%x', 'x$@%turkey$@%x', 'x$@%to$@%x', 'x$@%the$@%x', 'x$@%woman$@%x', 'x$@%.$@%x']",0.38611610836313803,0.35129788645207904,0.30981482815191763,0.37894862947847641,0.33445910165445181,0.3044196946115062,1.0,1.0,2.0,14.0,1.0,1.0,14.0,16.0
I08U-gNNS-p042-r1,The waiter is giving the food to the woman.,1,1,1,1,1,"1	the	_	DT	DT	_	2	det	_	_
2	waiter	_	NN	NN	_	4	nsubj	_	_
3	be	_	VBZ	VBZ	_	4	aux	_	_
4	give	_	VBG	VBG	_	0	root	_	_
5	the	_	DT	DT	_	6	det	_	_
6	food	_	NN	NN	_	4	dobj	_	_
7	to	_	TO	TO	_	0	erased	_	_
8	the	_	DT	DT	_	9	det	_	_
9	woman	_	NN	NN	_	4	prep_to	_	_
10	.	_	.	.	_	4	punct	_	_","['det$@%the$@%waiter', 'nsubj$@%waiter$@%give', 'aux$@%be$@%give', 'root$@%give$@%VROOT', 'det$@%the$@%food', 'dobj$@%food$@%give', 'erased$@%to$@%WORDERASED', 'det$@%the$@%woman', 'prep_to$@%woman$@%give', 'punct$@%.$@%give']","['x$@%the$@%waiter', 'x$@%waiter$@%give', 'x$@%be$@%give', 'x$@%give$@%VROOT', 'x$@%the$@%food', 'x$@%food$@%give', 'x$@%to$@%WORDERASED', 'x$@%the$@%woman', 'x$@%woman$@%give', 'x$@%.$@%give']","['x$@%the$@%x', 'x$@%waiter$@%x', 'x$@%be$@%x', 'x$@%give$@%x', 'x$@%the$@%x', 'x$@%food$@%x', 'x$@%to$@%x', 'x$@%the$@%x', 'x$@%woman$@%x', 'x$@%.$@%x']",0.79167875750052086,0.79456680457351236,0.29019024225288359,0.77957462842220837,0.76961883439304823,0.28469443518002036,1.0,28.0,28.0,8.0,26.0,27.0,8.0,16.0
I08U-gNNS-p043-r1,The waiter gives turkey to a lady.,1,0,1,1,1,"1	the	_	DT	DT	_	2	det	_	_
2	waiter	_	NN	NN	_	3	nsubj	_	_
3	give	_	VBZ	VBZ	_	0	root	_	_
4	turkey	_	NN	NN	_	3	dobj	_	_
5	to	_	TO	TO	_	0	erased	_	_
6	a	_	DT	DT	_	7	det	_	_
7	lady	_	NN	NN	_	3	prep_to	_	_
8	.	_	.	.	_	3	punct	_	_","['det$@%the$@%waiter', 'nsubj$@%waiter$@%give', 'root$@%give$@%VROOT', 'dobj$@%turkey$@%give', 'erased$@%to$@%WORDERASED', 'det$@%a$@%lady', 'prep_to$@%lady$@%give', 'punct$@%.$@%give']","['x$@%the$@%waiter', 'x$@%waiter$@%give', 'x$@%give$@%VROOT', 'x$@%turkey$@%give', 'x$@%to$@%WORDERASED', 'x$@%a$@%lady', 'x$@%lady$@%give', 'x$@%.$@%give']","['x$@%the$@%x', 'x$@%waiter$@%x', 'x$@%give$@%x', 'x$@%turkey$@%x', 'x$@%to$@%x', 'x$@%a$@%x', 'x$@%lady$@%x', 'x$@%.$@%x']",0.81978725294032206,0.83494570315076966,0.15164484877194373,0.81055071519280253,0.81603811533752557,0.14133773396133809,0.907,33.0,34.0,4.0,33.0,34.0,4.0,37.0
I08U-gNNS-p044-r1,A waiter is giving a turkey to a woman.,1,1,1,1,1,"1	a	_	DT	DT	_	2	det	_	_
2	waiter	_	NN	NN	_	4	nsubj	_	_
3	be	_	VBZ	VBZ	_	4	aux	_	_
4	give	_	VBG	VBG	_	0	root	_	_
5	a	_	DT	DT	_	6	det	_	_
6	turkey	_	NN	NN	_	4	dobj	_	_
7	to	_	TO	TO	_	0	erased	_	_
8	a	_	DT	DT	_	9	det	_	_
9	woman	_	NN	NN	_	4	prep_to	_	_
10	.	_	.	.	_	4	punct	_	_","['det$@%a$@%waiter', 'nsubj$@%waiter$@%give', 'aux$@%be$@%give', 'root$@%give$@%VROOT', 'det$@%a$@%turkey', 'dobj$@%turkey$@%give', 'erased$@%to$@%WORDERASED', 'det$@%a$@%woman', 'prep_to$@%woman$@%give', 'punct$@%.$@%give']","['x$@%a$@%waiter', 'x$@%waiter$@%give', 'x$@%be$@%give', 'x$@%give$@%VROOT', 'x$@%a$@%turkey', 'x$@%turkey$@%give', 'x$@%to$@%WORDERASED', 'x$@%a$@%woman', 'x$@%woman$@%give', 'x$@%.$@%give']","['x$@%a$@%x', 'x$@%waiter$@%x', 'x$@%be$@%x', 'x$@%give$@%x', 'x$@%a$@%x', 'x$@%turkey$@%x', 'x$@%to$@%x', 'x$@%a$@%x', 'x$@%woman$@%x', 'x$@%.$@%x']",0.77953361031516599,0.78408391733508076,0.10916635200973301,0.75398392301270589,0.74482038949235096,0.098496212738870659,1.0,23.0,23.0,3.0,20.0,21.0,3.0,16.0
I08U-gNNS-p051-r1, a waiter is servicing his customer ,1,1,1,1,1,"1	a	_	DT	DT	_	2	det	_	_
2	waiter	_	NN	NN	_	4	nsubj	_	_
3	be	_	VBZ	VBZ	_	4	aux	_	_
4	service	_	VBG	VBG	_	0	root	_	_
5	he	_	PRP$	PRP$	_	6	poss	_	_
6	customer	_	NN	NN	_	4	dobj	_	_
7	.	_	.	.	_	4	punct	_	_","['det$@%a$@%waiter', 'nsubj$@%waiter$@%service', 'aux$@%be$@%service', 'root$@%service$@%VROOT', 'poss$@%he$@%customer', 'dobj$@%customer$@%service', 'punct$@%.$@%service']","['x$@%a$@%waiter', 'x$@%waiter$@%service', 'x$@%be$@%service', 'x$@%service$@%VROOT', 'x$@%he$@%customer', 'x$@%customer$@%service', 'x$@%.$@%service']","['x$@%a$@%x', 'x$@%waiter$@%x', 'x$@%be$@%x', 'x$@%service$@%x', 'x$@%he$@%x', 'x$@%customer$@%x', 'x$@%.$@%x']",0.91128169633277889,0.91786504517369327,0.40641357099638442,0.90843827671059951,0.91012843520748266,0.40104441072630215,1.0,52.0,54.0,27.0,53.0,53.0,28.0,16.0
I08U-gNNS-p057-r1,A man gives a chicken to a guest. ,1,0,1,1,1,"1	a	_	DT	DT	_	2	det	_	_
2	man	_	NN	NN	_	3	nsubj	_	_
3	give	_	VBZ	VBZ	_	0	root	_	_
4	a	_	DT	DT	_	5	det	_	_
5	chicken	_	NN	NN	_	3	dobj	_	_
6	to	_	TO	TO	_	0	erased	_	_
7	a	_	DT	DT	_	8	det	_	_
8	guest	_	NN	NN	_	3	prep_to	_	_
9	.	_	.	.	_	3	punct	_	_","['det$@%a$@%man', 'nsubj$@%man$@%give', 'root$@%give$@%VROOT', 'det$@%a$@%chicken', 'dobj$@%chicken$@%give', 'erased$@%to$@%WORDERASED', 'det$@%a$@%guest', 'prep_to$@%guest$@%give', 'punct$@%.$@%give']","['x$@%a$@%man', 'x$@%man$@%give', 'x$@%give$@%VROOT', 'x$@%a$@%chicken', 'x$@%chicken$@%give', 'x$@%to$@%WORDERASED', 'x$@%a$@%guest', 'x$@%guest$@%give', 'x$@%.$@%give']","['x$@%a$@%x', 'x$@%man$@%x', 'x$@%give$@%x', 'x$@%a$@%x', 'x$@%chicken$@%x', 'x$@%to$@%x', 'x$@%a$@%x', 'x$@%guest$@%x', 'x$@%.$@%x']",0.9809024102879712,0.98205885456093456,0.90647718037087899,0.97797575553065041,0.97806127043978974,0.91232043832906473,0.907,68.0,68.0,67.0,68.0,68.0,67.0,37.0
I08U-gNNS-p058-r1,The food is ready. ,0,0,1,0,1,"1	the	_	DT	DT	_	2	det	_	_
2	food	_	NN	NN	_	4	nsubj	_	_
3	be	_	VBZ	VBZ	_	4	cop	_	_
4	ready	_	JJ	JJ	_	0	root	_	_
5	.	_	.	.	_	4	punct	_	_","['det$@%the$@%food', 'nsubj$@%food$@%ready', 'cop$@%be$@%ready', 'root$@%ready$@%VROOT', 'punct$@%.$@%ready']","['x$@%the$@%food', 'x$@%food$@%ready', 'x$@%be$@%ready', 'x$@%ready$@%VROOT', 'x$@%.$@%ready']","['x$@%the$@%x', 'x$@%food$@%x', 'x$@%be$@%x', 'x$@%ready$@%x', 'x$@%.$@%x']",0.98376924757427342,0.98487075113636791,0.90229168722096853,0.97993107012582381,0.97928476060960201,0.89658796118263751,0.318,69.0,69.0,66.0,69.0,69.0,66.0,61.0
I08U-gNNS-p065-r1,A waiter gave the women chicken.,1,0,1,1,0,"1	a	_	DT	DT	_	2	det	_	_
2	waiter	_	NN	NN	_	3	nsubj	_	_
3	give	_	VBD	VBD	_	0	root	_	_
4	the	_	DT	DT	_	5	det	_	_
5	woman	_	NNS	NNS	_	3	iobj	_	_
6	chicken	_	NN	NN	_	3	dobj	_	_
7	.	_	.	.	_	3	punct	_	_","['det$@%a$@%waiter', 'nsubj$@%waiter$@%give', 'root$@%give$@%VROOT', 'det$@%the$@%woman', 'iobj$@%woman$@%give', 'dobj$@%chicken$@%give', 'punct$@%.$@%give']","['x$@%a$@%waiter', 'x$@%waiter$@%give', 'x$@%give$@%VROOT', 'x$@%the$@%woman', 'x$@%woman$@%give', 'x$@%chicken$@%give', 'x$@%.$@%give']","['x$@%a$@%x', 'x$@%waiter$@%x', 'x$@%give$@%x', 'x$@%the$@%x', 'x$@%woman$@%x', 'x$@%chicken$@%x', 'x$@%.$@%x']",0.85066949529051694,0.8604207979222892,0.315892282148309,0.84347594191697706,0.84487737442659339,0.31366345706447951,0.645,41.0,41.0,16.0,40.0,42.0,16.0,43.0
I08U-gNNS-p066-r1,The woman is celebrating Thanksgiving with the waiter.,0,1,1,0,0,"1	the	_	DT	DT	_	2	det	_	_
2	woman	_	NN	NN	_	4	nsubj	_	_
3	be	_	VBZ	VBZ	_	4	aux	_	_
4	celebrate	_	VBG	VBG	_	0	root	_	_
5	thanksgiving	_	NNP	NNP	_	4	dobj	_	_
6	with	_	IN	IN	_	0	erased	_	_
7	the	_	DT	DT	_	8	det	_	_
8	waiter	_	NN	NN	_	5	prep_with	_	_
9	.	_	.	.	_	4	punct	_	_","['det$@%the$@%woman', 'nsubj$@%woman$@%celebrate', 'aux$@%be$@%celebrate', 'root$@%celebrate$@%VROOT', 'dobj$@%thanksgiving$@%celebrate', 'erased$@%with$@%WORDERASED', 'det$@%the$@%waiter', 'prep_with$@%waiter$@%thanksgiving', 'punct$@%.$@%celebrate']","['x$@%the$@%woman', 'x$@%woman$@%celebrate', 'x$@%be$@%celebrate', 'x$@%celebrate$@%VROOT', 'x$@%thanksgiving$@%celebrate', 'x$@%with$@%WORDERASED', 'x$@%the$@%waiter', 'x$@%waiter$@%thanksgiving', 'x$@%.$@%celebrate']","['x$@%the$@%x', 'x$@%woman$@%x', 'x$@%be$@%x', 'x$@%celebrate$@%x', 'x$@%thanksgiving$@%x', 'x$@%with$@%x', 'x$@%the$@%x', 'x$@%waiter$@%x', 'x$@%.$@%x']",0.82679536915518359,0.83954362397769555,0.57509706620204926,0.81643817347802439,0.81970926773808306,0.57261371916539239,0.149,35.0,38.0,44.0,35.0,36.0,44.0,66.0
I08U-gNNS-p069-r1,A waiter is handing a chicken to a lady ,1,1,1,1,1,"1	a	_	DT	DT	_	2	det	_	_
2	waiter	_	NN	NN	_	4	nsubj	_	_
3	be	_	VBZ	VBZ	_	4	aux	_	_
4	hand	_	VBG	VBG	_	0	root	_	_
5	a	_	DT	DT	_	6	det	_	_
6	chicken	_	NN	NN	_	4	dobj	_	_
7	to	_	TO	TO	_	0	erased	_	_
8	a	_	DT	DT	_	9	det	_	_
9	lady	_	NN	NN	_	4	prep_to	_	_
10	.	_	.	.	_	4	punct	_	_","['det$@%a$@%waiter', 'nsubj$@%waiter$@%hand', 'aux$@%be$@%hand', 'root$@%hand$@%VROOT', 'det$@%a$@%chicken', 'dobj$@%chicken$@%hand', 'erased$@%to$@%WORDERASED', 'det$@%a$@%lady', 'prep_to$@%lady$@%hand', 'punct$@%.$@%hand']","['x$@%a$@%waiter', 'x$@%waiter$@%hand', 'x$@%be$@%hand', 'x$@%hand$@%VROOT', 'x$@%a$@%chicken', 'x$@%chicken$@%hand', 'x$@%to$@%WORDERASED', 'x$@%a$@%lady', 'x$@%lady$@%hand', 'x$@%.$@%hand']","['x$@%a$@%x', 'x$@%waiter$@%x', 'x$@%be$@%x', 'x$@%hand$@%x', 'x$@%a$@%x', 'x$@%chicken$@%x', 'x$@%to$@%x', 'x$@%a$@%x', 'x$@%lady$@%x', 'x$@%.$@%x']",0.90674112513421301,0.91257156454029242,0.36720735910249824,0.9011332531254197,0.90173330908009397,0.36494743192308621,1.0,48.0,50.0,22.0,50.0,51.0,22.0,16.0
I08U-gNNS-p070-r1,The waiter is serving chicken to the customer.,1,1,1,1,1,"1	the	_	DT	DT	_	2	det	_	_
2	waiter	_	NN	NN	_	4	nsubj	_	_
3	be	_	VBZ	VBZ	_	4	aux	_	_
4	serve	_	VBG	VBG	_	0	root	_	_
5	chicken	_	NN	NN	_	4	dobj	_	_
6	to	_	TO	TO	_	0	erased	_	_
7	the	_	DT	DT	_	8	det	_	_
8	customer	_	NN	NN	_	4	prep_to	_	_
9	.	_	.	.	_	4	punct	_	_","['det$@%the$@%waiter', 'nsubj$@%waiter$@%serve', 'aux$@%be$@%serve', 'root$@%serve$@%VROOT', 'dobj$@%chicken$@%serve', 'erased$@%to$@%WORDERASED', 'det$@%the$@%customer', 'prep_to$@%customer$@%serve', 'punct$@%.$@%serve']","['x$@%the$@%waiter', 'x$@%waiter$@%serve', 'x$@%be$@%serve', 'x$@%serve$@%VROOT', 'x$@%chicken$@%serve', 'x$@%to$@%WORDERASED', 'x$@%the$@%customer', 'x$@%customer$@%serve', 'x$@%.$@%serve']","['x$@%the$@%x', 'x$@%waiter$@%x', 'x$@%be$@%x', 'x$@%serve$@%x', 'x$@%chicken$@%x', 'x$@%to$@%x', 'x$@%the$@%x', 'x$@%customer$@%x', 'x$@%.$@%x']",0.49737166355229856,0.51751556829881251,0.38508241780786434,0.51231815513852541,0.53579459263998852,0.38521194266018799,1.0,9.0,14.0,24.0,10.0,12.0,25.0,16.0
I08U-gNNS-p072-r1,The waitress bring the turkey to the woman,0,0,0,1,1,"1	the	_	DT	DT	_	2	det	_	_
2	waitress	_	NN	NN	_	3	nsubj	_	_
3	bring	_	VBP	VBP	_	0	root	_	_
4	the	_	DT	DT	_	5	det	_	_
5	turkey	_	NN	NN	_	3	dobj	_	_
6	to	_	TO	TO	_	0	erased	_	_
7	the	_	DT	DT	_	8	det	_	_
8	woman	_	NN	NN	_	3	prep_to	_	_
9	.	_	.	.	_	3	punct	_	_","['det$@%the$@%waitress', 'nsubj$@%waitress$@%bring', 'root$@%bring$@%VROOT', 'det$@%the$@%turkey', 'dobj$@%turkey$@%bring', 'erased$@%to$@%WORDERASED', 'det$@%the$@%woman', 'prep_to$@%woman$@%bring', 'punct$@%.$@%bring']","['x$@%the$@%waitress', 'x$@%waitress$@%bring', 'x$@%bring$@%VROOT', 'x$@%the$@%turkey', 'x$@%turkey$@%bring', 'x$@%to$@%WORDERASED', 'x$@%the$@%woman', 'x$@%woman$@%bring', 'x$@%.$@%bring']","['x$@%the$@%x', 'x$@%waitress$@%x', 'x$@%bring$@%x', 'x$@%the$@%x', 'x$@%turkey$@%x', 'x$@%to$@%x', 'x$@%the$@%x', 'x$@%woman$@%x', 'x$@%.$@%x']",0.90550185263857863,0.89040296938203101,0.61244650336715245,0.89970179911643133,0.87754034328265784,0.60341392738744792,0.486,47.0,45.0,46.0,49.0,45.0,46.0,54.0
I08U-gNNS-p074-r1,A waiter is holding a delicious food to a lady who sits by a desk.,0,1,0,1,1,"1	a	_	DT	DT	_	2	det	_	_
2	waiter	_	NN	NN	_	4	nsubj	_	_
3	be	_	VBZ	VBZ	_	4	aux	_	_
4	hold	_	VBG	VBG	_	0	root	_	_
5	a	_	DT	DT	_	7	det	_	_
6	delicious	_	JJ	JJ	_	7	amod	_	_
7	food	_	NN	NN	_	4	dobj	_	_
8	to	_	TO	TO	_	0	erased	_	_
9	a	_	DT	DT	_	10	det	_	_
10	lady	_	NN	NN	_	12	nsubj	_	_
11	who	_	WP	WP	_	0	erased	_	_
12	sit	_	VBZ	VBZ	_	10	rcmod	_	_
13	by	_	IN	IN	_	0	erased	_	_
14	a	_	DT	DT	_	15	det	_	_
15	desk	_	NN	NN	_	12	prep_by	_	_
16	.	_	.	.	_	4	punct	_	_","['det$@%a$@%waiter', 'nsubj$@%waiter$@%hold', 'aux$@%be$@%hold', 'root$@%hold$@%VROOT', 'det$@%a$@%food', 'amod$@%delicious$@%food', 'dobj$@%food$@%hold', 'erased$@%to$@%WORDERASED', 'det$@%a$@%lady', 'nsubj$@%lady$@%sit', 'erased$@%who$@%WORDERASED', 'rcmod$@%sit$@%lady', 'erased$@%by$@%WORDERASED', 'det$@%a$@%desk', 'prep_by$@%desk$@%sit', 'punct$@%.$@%hold']","['x$@%a$@%waiter', 'x$@%waiter$@%hold', 'x$@%be$@%hold', 'x$@%hold$@%VROOT', 'x$@%a$@%food', 'x$@%delicious$@%food', 'x$@%food$@%hold', 'x$@%to$@%WORDERASED', 'x$@%a$@%lady', 'x$@%lady$@%sit', 'x$@%who$@%WORDERASED', 'x$@%sit$@%lady', 'x$@%by$@%WORDERASED', 'x$@%a$@%desk', 'x$@%desk$@%sit', 'x$@%.$@%hold']","['x$@%a$@%x', 'x$@%waiter$@%x', 'x$@%be$@%x', 'x$@%hold$@%x', 'x$@%a$@%x', 'x$@%delicious$@%x', 'x$@%food$@%x', 'x$@%to$@%x', 'x$@%a$@%x', 'x$@%lady$@%x', 'x$@%who$@%x', 'x$@%sit$@%x', 'x$@%by$@%x', 'x$@%a$@%x', 'x$@%desk$@%x', 'x$@%.$@%x']",0.9296409343947144,0.93344367574848996,0.50807996116850862,0.92541022015711327,0.92519301642472884,0.50756740643080311,0.579,56.0,56.0,38.0,55.0,56.0,38.0,53.0
I08U-gNNS-p075-r1,The waiter is giving chicken to this lady. ,1,1,1,1,1,"1	the	_	DT	DT	_	2	det	_	_
2	waiter	_	NN	NN	_	4	nsubj	_	_
3	be	_	VBZ	VBZ	_	4	aux	_	_
4	give	_	VBG	VBG	_	0	root	_	_
5	chicken	_	NN	NN	_	4	dobj	_	_
6	to	_	TO	TO	_	0	erased	_	_
7	this	_	DT	DT	_	8	det	_	_
8	lady	_	NN	NN	_	4	prep_to	_	_
9	.	_	.	.	_	4	punct	_	_","['det$@%the$@%waiter', 'nsubj$@%waiter$@%give', 'aux$@%be$@%give', 'root$@%give$@%VROOT', 'dobj$@%chicken$@%give', 'erased$@%to$@%WORDERASED', 'det$@%this$@%lady', 'prep_to$@%lady$@%give', 'punct$@%.$@%give']","['x$@%the$@%waiter', 'x$@%waiter$@%give', 'x$@%be$@%give', 'x$@%give$@%VROOT', 'x$@%chicken$@%give', 'x$@%to$@%WORDERASED', 'x$@%this$@%lady', 'x$@%lady$@%give', 'x$@%.$@%give']","['x$@%the$@%x', 'x$@%waiter$@%x', 'x$@%be$@%x', 'x$@%give$@%x', 'x$@%chicken$@%x', 'x$@%to$@%x', 'x$@%this$@%x', 'x$@%lady$@%x', 'x$@%.$@%x']",0.82717471614119364,0.83735437285069048,0.36151270056437013,0.8216771941206088,0.82207558202914777,0.35923536486607355,1.0,36.0,35.0,21.0,37.0,37.0,21.0,16.0
I08U-gNNS-p077-r1,"The waitress is giving a roasted chicken to the woman, which she ordered in the first place. ",0,1,1,1,0,"1	the	_	DT	DT	_	2	det	_	_
2	waitress	_	NN	NN	_	4	nsubj	_	_
3	be	_	VBZ	VBZ	_	4	aux	_	_
4	give	_	VBG	VBG	_	0	root	_	_
5	a	_	DT	DT	_	7	det	_	_
6	roasted	_	JJ	JJ	_	7	amod	_	_
7	chicken	_	NN	NN	_	4	dobj	_	_
8	to	_	TO	TO	_	0	erased	_	_
9	the	_	DT	DT	_	10	det	_	_
10	woman	_	NN	NN	_	14	dobj	_	_
11	,	_	,	,	_	10	punct	_	_
12	which	_	WDT	WDT	_	14	rel	_	_
13	she	_	PRP	PRP	_	14	nsubj	_	_
14	order	_	VBD	VBD	_	10	rcmod	_	_
15	in	_	IN	IN	_	0	erased	_	_
16	the	_	DT	DT	_	18	det	_	_
17	first	_	JJ	JJ	_	18	amod	_	_
18	place	_	NN	NN	_	14	prep_in	_	_
19	.	_	.	.	_	4	punct	_	_","['det$@%the$@%waitress', 'nsubj$@%waitress$@%give', 'aux$@%be$@%give', 'root$@%give$@%VROOT', 'det$@%a$@%chicken', 'amod$@%roasted$@%chicken', 'dobj$@%chicken$@%give', 'erased$@%to$@%WORDERASED', 'det$@%the$@%woman', 'dobj$@%woman$@%order', 'punct$@%,$@%woman', 'rel$@%which$@%order', 'nsubj$@%she$@%order', 'rcmod$@%order$@%woman', 'erased$@%in$@%WORDERASED', 'det$@%the$@%place', 'amod$@%first$@%place', 'prep_in$@%place$@%order', 'punct$@%.$@%give']","['x$@%the$@%waitress', 'x$@%waitress$@%give', 'x$@%be$@%give', 'x$@%give$@%VROOT', 'x$@%a$@%chicken', 'x$@%roasted$@%chicken', 'x$@%chicken$@%give', 'x$@%to$@%WORDERASED', 'x$@%the$@%woman', 'x$@%woman$@%order', 'x$@%,$@%woman', 'x$@%which$@%order', 'x$@%she$@%order', 'x$@%order$@%woman', 'x$@%in$@%WORDERASED', 'x$@%the$@%place', 'x$@%first$@%place', 'x$@%place$@%order', 'x$@%.$@%give']","['x$@%the$@%x', 'x$@%waitress$@%x', 'x$@%be$@%x', 'x$@%give$@%x', 'x$@%a$@%x', 'x$@%roasted$@%x', 'x$@%chicken$@%x', 'x$@%to$@%x', 'x$@%the$@%x', 'x$@%woman$@%x', 'x$@%,$@%x', 'x$@%which$@%x', 'x$@%she$@%x', 'x$@%order$@%x', 'x$@%in$@%x', 'x$@%the$@%x', 'x$@%first$@%x', 'x$@%place$@%x', 'x$@%.$@%x']",0.9640460422171534,0.95394637555279116,0.87932647000021091,0.95807173882342145,0.94620144904399883,0.87255679383876794,0.373,63.0,61.0,62.0,62.0,60.0,62.0,59.0
I08U-gNNS-p078-r1,The woman is going to eat her meal.,0,1,1,1,1,"1	the	_	DT	DT	_	2	det	_	_
2	woman	_	NN	NN	_	6	xsubj	_	_
3	be	_	VBZ	VBZ	_	4	aux	_	_
4	go	_	VBG	VBG	_	0	root	_	_
5	to	_	TO	TO	_	6	aux	_	_
6	eat	_	VB	VB	_	4	xcomp	_	_
7	she	_	PRP$	PRP$	_	8	poss	_	_
8	meal	_	NN	NN	_	6	dobj	_	_
9	.	_	.	.	_	4	punct	_	_","['det$@%the$@%woman', 'xsubj$@%woman$@%eat', 'aux$@%be$@%go', 'root$@%go$@%VROOT', 'aux$@%to$@%eat', 'xcomp$@%eat$@%go', 'poss$@%she$@%meal', 'dobj$@%meal$@%eat', 'punct$@%.$@%go']","['x$@%the$@%woman', 'x$@%woman$@%eat', 'x$@%be$@%go', 'x$@%go$@%VROOT', 'x$@%to$@%eat', 'x$@%eat$@%go', 'x$@%she$@%meal', 'x$@%meal$@%eat', 'x$@%.$@%go']","['x$@%the$@%x', 'x$@%woman$@%x', 'x$@%be$@%x', 'x$@%go$@%x', 'x$@%to$@%x', 'x$@%eat$@%x', 'x$@%she$@%x', 'x$@%meal$@%x', 'x$@%.$@%x']",0.91266862013492633,0.88165463431279156,0.82060257857461816,0.90532065537574835,0.87305241303439629,0.82666942450907277,0.635,54.0,44.0,56.0,51.0,44.0,57.0,47.5
I08U-gNNS-p079-r1,The waiter is serving the meal to the woman,1,1,1,1,1,"1	the	_	DT	DT	_	2	det	_	_
2	waiter	_	NN	NN	_	4	nsubj	_	_
3	be	_	VBZ	VBZ	_	4	aux	_	_
4	serve	_	VBG	VBG	_	0	root	_	_
5	the	_	DT	DT	_	6	det	_	_
6	meal	_	NN	NN	_	4	dobj	_	_
7	to	_	TO	TO	_	0	erased	_	_
8	the	_	DT	DT	_	9	det	_	_
9	woman	_	NN	NN	_	4	prep_to	_	_
10	.	_	.	.	_	4	punct	_	_","['det$@%the$@%waiter', 'nsubj$@%waiter$@%serve', 'aux$@%be$@%serve', 'root$@%serve$@%VROOT', 'det$@%the$@%meal', 'dobj$@%meal$@%serve', 'erased$@%to$@%WORDERASED', 'det$@%the$@%woman', 'prep_to$@%woman$@%serve', 'punct$@%.$@%serve']","['x$@%the$@%waiter', 'x$@%waiter$@%serve', 'x$@%be$@%serve', 'x$@%serve$@%VROOT', 'x$@%the$@%meal', 'x$@%meal$@%serve', 'x$@%to$@%WORDERASED', 'x$@%the$@%woman', 'x$@%woman$@%serve', 'x$@%.$@%serve']","['x$@%the$@%x', 'x$@%waiter$@%x', 'x$@%be$@%x', 'x$@%serve$@%x', 'x$@%the$@%x', 'x$@%meal$@%x', 'x$@%to$@%x', 'x$@%the$@%x', 'x$@%woman$@%x', 'x$@%.$@%x']",0.45252284790579689,0.40397238678365388,0.3212453706622086,0.46581433083382451,0.41446389369559478,0.32130150687453851,1.0,5.0,4.0,18.0,5.0,4.0,18.0,16.0
I08U-gNNS-p081-r1,the waitress is serving the food,0,1,1,1,0,"1	the	_	DT	DT	_	2	det	_	_
2	waitress	_	NN	NN	_	4	nsubj	_	_
3	be	_	VBZ	VBZ	_	4	aux	_	_
4	serve	_	VBG	VBG	_	0	root	_	_
5	the	_	DT	DT	_	6	det	_	_
6	food	_	NN	NN	_	4	dobj	_	_
7	.	_	.	.	_	4	punct	_	_","['det$@%the$@%waitress', 'nsubj$@%waitress$@%serve', 'aux$@%be$@%serve', 'root$@%serve$@%VROOT', 'det$@%the$@%food', 'dobj$@%food$@%serve', 'punct$@%.$@%serve']","['x$@%the$@%waitress', 'x$@%waitress$@%serve', 'x$@%be$@%serve', 'x$@%serve$@%VROOT', 'x$@%the$@%food', 'x$@%food$@%serve', 'x$@%.$@%serve']","['x$@%the$@%x', 'x$@%waitress$@%x', 'x$@%be$@%x', 'x$@%serve$@%x', 'x$@%the$@%x', 'x$@%food$@%x', 'x$@%.$@%x']",0.76534211859014112,0.78896167185543264,0.91494352581543048,0.784310540259612,0.83332253342871931,0.917409460715358,0.373,21.0,25.0,68.0,27.0,39.0,68.0,59.0
I08U-gNNS-p082-r1,The woman is having food.,0,1,1,1,1,"1	the	_	DT	DT	_	2	det	_	_
2	woman	_	NN	NN	_	4	nsubj	_	_
3	be	_	VBZ	VBZ	_	4	aux	_	_
4	have	_	VBG	VBG	_	0	root	_	_
5	food	_	NN	NN	_	4	dobj	_	_
6	.	_	.	.	_	4	punct	_	_","['det$@%the$@%woman', 'nsubj$@%woman$@%have', 'aux$@%be$@%have', 'root$@%have$@%VROOT', 'dobj$@%food$@%have', 'punct$@%.$@%have']","['x$@%the$@%woman', 'x$@%woman$@%have', 'x$@%be$@%have', 'x$@%have$@%VROOT', 'x$@%food$@%have', 'x$@%.$@%have']","['x$@%the$@%x', 'x$@%woman$@%x', 'x$@%be$@%x', 'x$@%have$@%x', 'x$@%food$@%x', 'x$@%.$@%x']",0.93178586812024156,0.93871850414752533,0.79880196617161126,0.92929191994540528,0.93198571759210391,0.79103560886688917,0.635,57.0,57.0,53.0,57.0,57.0,53.0,47.5
I08U-gNNS-p083-r1,The servant is serving the woman a turkey. ,1,1,1,1,1,"1	the	_	DT	DT	_	2	det	_	_
2	servant	_	NN	NN	_	4	nsubj	_	_
3	be	_	VBZ	VBZ	_	4	aux	_	_
4	serve	_	VBG	VBG	_	0	root	_	_
5	the	_	DT	DT	_	6	det	_	_
6	woman	_	NN	NN	_	4	iobj	_	_
7	a	_	DT	DT	_	8	det	_	_
8	turkey	_	NN	NN	_	6	dep	_	_
9	.	_	.	.	_	4	punct	_	_","['det$@%the$@%servant', 'nsubj$@%servant$@%serve', 'aux$@%be$@%serve', 'root$@%serve$@%VROOT', 'det$@%the$@%woman', 'iobj$@%woman$@%serve', 'det$@%a$@%turkey', 'dep$@%turkey$@%woman', 'punct$@%.$@%serve']","['x$@%the$@%servant', 'x$@%servant$@%serve', 'x$@%be$@%serve', 'x$@%serve$@%VROOT', 'x$@%the$@%woman', 'x$@%woman$@%serve', 'x$@%a$@%turkey', 'x$@%turkey$@%woman', 'x$@%.$@%serve']","['x$@%the$@%x', 'x$@%servant$@%x', 'x$@%be$@%x', 'x$@%serve$@%x', 'x$@%the$@%x', 'x$@%woman$@%x', 'x$@%a$@%x', 'x$@%turkey$@%x', 'x$@%.$@%x']",0.68804282716433041,0.6277825269796935,0.50378782793890386,0.67482197477555428,0.62314464473799025,0.49694205201476904,1.0,16.0,16.0,37.0,16.0,16.0,37.0,16.0
I08U-gNNS-p086-r1,The waiter is presenting a plate of meat to the woman.,1,1,1,1,1,"1	the	_	DT	DT	_	2	det	_	_
2	waiter	_	NN	NN	_	4	nsubj	_	_
3	be	_	VBZ	VBZ	_	4	aux	_	_
4	present	_	VBG	VBG	_	0	root	_	_
5	a	_	DT	DT	_	6	det	_	_
6	plate	_	NN	NN	_	4	dobj	_	_
7	of	_	IN	IN	_	0	erased	_	_
8	meat	_	NN	NN	_	6	prep_of	_	_
9	to	_	TO	TO	_	0	erased	_	_
10	the	_	DT	DT	_	11	det	_	_
11	woman	_	NN	NN	_	4	prep_to	_	_
12	.	_	.	.	_	4	punct	_	_","['det$@%the$@%waiter', 'nsubj$@%waiter$@%present', 'aux$@%be$@%present', 'root$@%present$@%VROOT', 'det$@%a$@%plate', 'dobj$@%plate$@%present', 'erased$@%of$@%WORDERASED', 'prep_of$@%meat$@%plate', 'erased$@%to$@%WORDERASED', 'det$@%the$@%woman', 'prep_to$@%woman$@%present', 'punct$@%.$@%present']","['x$@%the$@%waiter', 'x$@%waiter$@%present', 'x$@%be$@%present', 'x$@%present$@%VROOT', 'x$@%a$@%plate', 'x$@%plate$@%present', 'x$@%of$@%WORDERASED', 'x$@%meat$@%plate', 'x$@%to$@%WORDERASED', 'x$@%the$@%woman', 'x$@%woman$@%present', 'x$@%.$@%present']","['x$@%the$@%x', 'x$@%waiter$@%x', 'x$@%be$@%x', 'x$@%present$@%x', 'x$@%a$@%x', 'x$@%plate$@%x', 'x$@%of$@%x', 'x$@%meat$@%x', 'x$@%to$@%x', 'x$@%the$@%x', 'x$@%woman$@%x', 'x$@%.$@%x']",0.80816879477071923,0.81272168113246357,0.47142071169635291,0.79727087278564712,0.79125579460298001,0.46599504950190773,1.0,31.0,31.0,33.0,31.0,30.0,33.0,16.0
I08U-gNNS-p087-r1,the waiter is serving a chicken to a lady,1,1,1,1,1,"1	the	_	DT	DT	_	2	det	_	_
2	waiter	_	NN	NN	_	4	nsubj	_	_
3	be	_	VBZ	VBZ	_	4	aux	_	_
4	serve	_	VBG	VBG	_	0	root	_	_
5	a	_	DT	DT	_	6	det	_	_
6	chicken	_	NN	NN	_	4	dobj	_	_
7	to	_	TO	TO	_	0	erased	_	_
8	a	_	DT	DT	_	9	det	_	_
9	lady	_	NN	NN	_	4	prep_to	_	_
10	.	_	.	.	_	4	punct	_	_","['det$@%the$@%waiter', 'nsubj$@%waiter$@%serve', 'aux$@%be$@%serve', 'root$@%serve$@%VROOT', 'det$@%a$@%chicken', 'dobj$@%chicken$@%serve', 'erased$@%to$@%WORDERASED', 'det$@%a$@%lady', 'prep_to$@%lady$@%serve', 'punct$@%.$@%serve']","['x$@%the$@%waiter', 'x$@%waiter$@%serve', 'x$@%be$@%serve', 'x$@%serve$@%VROOT', 'x$@%a$@%chicken', 'x$@%chicken$@%serve', 'x$@%to$@%WORDERASED', 'x$@%a$@%lady', 'x$@%lady$@%serve', 'x$@%.$@%serve']","['x$@%the$@%x', 'x$@%waiter$@%x', 'x$@%be$@%x', 'x$@%serve$@%x', 'x$@%a$@%x', 'x$@%chicken$@%x', 'x$@%to$@%x', 'x$@%a$@%x', 'x$@%lady$@%x', 'x$@%.$@%x']",0.53045689804373763,0.54651829978387501,0.34114273588527044,0.54168741146094446,0.5601764454297109,0.34269632370660408,1.0,13.0,15.0,19.0,13.0,13.0,19.0,16.0
I08U-gNNS-p099-r1,A waiter is serving food.,1,1,1,1,1,"1	a	_	DT	DT	_	2	det	_	_
2	waiter	_	NN	NN	_	4	nsubj	_	_
3	be	_	VBZ	VBZ	_	4	aux	_	_
4	serve	_	VBG	VBG	_	0	root	_	_
5	food	_	NN	NN	_	4	dobj	_	_
6	.	_	.	.	_	4	punct	_	_","['det$@%a$@%waiter', 'nsubj$@%waiter$@%serve', 'aux$@%be$@%serve', 'root$@%serve$@%VROOT', 'dobj$@%food$@%serve', 'punct$@%.$@%serve']","['x$@%a$@%waiter', 'x$@%waiter$@%serve', 'x$@%be$@%serve', 'x$@%serve$@%VROOT', 'x$@%food$@%serve', 'x$@%.$@%serve']","['x$@%a$@%x', 'x$@%waiter$@%x', 'x$@%be$@%x', 'x$@%serve$@%x', 'x$@%food$@%x', 'x$@%.$@%x']",0.47413908182695808,0.48952495819416819,0.29992315108531342,0.50894906729130462,0.53447675910905934,0.30125468236474118,1.0,8.0,12.0,12.0,8.0,11.0,12.0,16.0
I08U-gNNS-p101-r1,The waiter is going to give the food to that woman.,1,1,1,1,1,"1	the	_	DT	DT	_	2	det	_	_
2	waiter	_	NN	NN	_	6	xsubj	_	_
3	be	_	VBZ	VBZ	_	4	aux	_	_
4	go	_	VBG	VBG	_	0	root	_	_
5	to	_	TO	TO	_	6	aux	_	_
6	give	_	VB	VB	_	4	xcomp	_	_
7	the	_	DT	DT	_	8	det	_	_
8	food	_	NN	NN	_	6	dobj	_	_
9	to	_	TO	TO	_	0	erased	_	_
10	that	_	DT	DT	_	11	det	_	_
11	woman	_	NN	NN	_	6	prep_to	_	_
12	.	_	.	.	_	4	punct	_	_","['det$@%the$@%waiter', 'xsubj$@%waiter$@%give', 'aux$@%be$@%go', 'root$@%go$@%VROOT', 'aux$@%to$@%give', 'xcomp$@%give$@%go', 'det$@%the$@%food', 'dobj$@%food$@%give', 'erased$@%to$@%WORDERASED', 'det$@%that$@%woman', 'prep_to$@%woman$@%give', 'punct$@%.$@%go']","['x$@%the$@%waiter', 'x$@%waiter$@%give', 'x$@%be$@%go', 'x$@%go$@%VROOT', 'x$@%to$@%give', 'x$@%give$@%go', 'x$@%the$@%food', 'x$@%food$@%give', 'x$@%to$@%WORDERASED', 'x$@%that$@%woman', 'x$@%woman$@%give', 'x$@%.$@%go']","['x$@%the$@%x', 'x$@%waiter$@%x', 'x$@%be$@%x', 'x$@%go$@%x', 'x$@%to$@%x', 'x$@%give$@%x', 'x$@%the$@%x', 'x$@%food$@%x', 'x$@%to$@%x', 'x$@%that$@%x', 'x$@%woman$@%x', 'x$@%.$@%x']",0.84247969545527346,0.83909530455999304,0.29197087760895069,0.83128529378024396,0.81855113162381532,0.286540782623114,1.0,39.0,37.0,9.0,38.0,35.0,9.0,16.0
I08U-gNNS-p104-r1,A lady is eating in a good restaurant. ,0,1,1,1,1,"1	a	_	DT	DT	_	2	det	_	_
2	lady	_	NN	NN	_	4	nsubj	_	_
3	be	_	VBZ	VBZ	_	4	aux	_	_
4	eat	_	VBG	VBG	_	0	root	_	_
5	in	_	IN	IN	_	0	erased	_	_
6	a	_	DT	DT	_	8	det	_	_
7	good	_	JJ	JJ	_	8	amod	_	_
8	restaurant	_	NN	NN	_	4	prep_in	_	_
9	.	_	.	.	_	4	punct	_	_","['det$@%a$@%lady', 'nsubj$@%lady$@%eat', 'aux$@%be$@%eat', 'root$@%eat$@%VROOT', 'erased$@%in$@%WORDERASED', 'det$@%a$@%restaurant', 'amod$@%good$@%restaurant', 'prep_in$@%restaurant$@%eat', 'punct$@%.$@%eat']","['x$@%a$@%lady', 'x$@%lady$@%eat', 'x$@%be$@%eat', 'x$@%eat$@%VROOT', 'x$@%in$@%WORDERASED', 'x$@%a$@%restaurant', 'x$@%good$@%restaurant', 'x$@%restaurant$@%eat', 'x$@%.$@%eat']","['x$@%a$@%x', 'x$@%lady$@%x', 'x$@%be$@%x', 'x$@%eat$@%x', 'x$@%in$@%x', 'x$@%a$@%x', 'x$@%good$@%x', 'x$@%restaurant$@%x', 'x$@%.$@%x']",0.90761364891147356,0.90665988024185262,0.84053197085982623,0.92571389919167912,0.91567681528964162,0.840939829476961,0.635,50.0,49.0,59.0,56.0,54.0,59.0,47.5
I08U-gNNS-p105-r1,The woman is waiting for her turkey.,0,1,1,0,1,"1	the	_	DT	DT	_	2	det	_	_
2	woman	_	NN	NN	_	4	nsubj	_	_
3	be	_	VBZ	VBZ	_	4	aux	_	_
4	wait	_	VBG	VBG	_	0	root	_	_
5	for	_	IN	IN	_	0	erased	_	_
6	she	_	PRP$	PRP$	_	7	poss	_	_
7	turkey	_	NN	NN	_	4	prep_for	_	_
8	.	_	.	.	_	4	punct	_	_","['det$@%the$@%woman', 'nsubj$@%woman$@%wait', 'aux$@%be$@%wait', 'root$@%wait$@%VROOT', 'erased$@%for$@%WORDERASED', 'poss$@%she$@%turkey', 'prep_for$@%turkey$@%wait', 'punct$@%.$@%wait']","['x$@%the$@%woman', 'x$@%woman$@%wait', 'x$@%be$@%wait', 'x$@%wait$@%VROOT', 'x$@%for$@%WORDERASED', 'x$@%she$@%turkey', 'x$@%turkey$@%wait', 'x$@%.$@%wait']","['x$@%the$@%x', 'x$@%woman$@%x', 'x$@%be$@%x', 'x$@%wait$@%x', 'x$@%for$@%x', 'x$@%she$@%x', 'x$@%turkey$@%x', 'x$@%.$@%x']",0.94571292935191198,0.94799900136144477,0.4630391320565993,0.93738286433669871,0.93352800876813213,0.45206037668416188,0.411,58.0,58.0,32.0,58.0,58.0,32.0,56.0
I08U-gNNS-p106-r1,The man is delivering the dish of chicken and the woman is sitting and waiting.,1,1,1,1,1,"1	the	_	DT	DT	_	2	det	_	_
2	man	_	NN	NN	_	4	nsubj	_	_
3	be	_	VBZ	VBZ	_	4	aux	_	_
4	deliver	_	VBG	VBG	_	0	root	_	_
5	the	_	DT	DT	_	6	det	_	_
6	dish	_	NN	NN	_	4	dobj	_	_
7	of	_	IN	IN	_	0	erased	_	_
8	chicken	_	NN	NN	_	6	prep_of	_	_
9	and	_	CC	CC	_	0	erased	_	_
10	the	_	DT	DT	_	11	det	_	_
11	woman	_	NN	NN	_	15	nsubj	_	_
12	be	_	VBZ	VBZ	_	13	aux	_	_
13	sit	_	VBG	VBG	_	4	conj_and	_	_
14	and	_	CC	CC	_	0	erased	_	_
15	wait	_	VBG	VBG	_	13	conj_and	_	_
16	.	_	.	.	_	4	punct	_	_","['det$@%the$@%man', 'nsubj$@%man$@%deliver', 'aux$@%be$@%deliver', 'root$@%deliver$@%VROOT', 'det$@%the$@%dish', 'dobj$@%dish$@%deliver', 'erased$@%of$@%WORDERASED', 'prep_of$@%chicken$@%dish', 'erased$@%and$@%WORDERASED', 'det$@%the$@%woman', 'nsubj$@%woman$@%wait', 'aux$@%be$@%sit', 'conj_and$@%sit$@%deliver', 'erased$@%and$@%WORDERASED', 'conj_and$@%wait$@%sit', 'punct$@%.$@%deliver']","['x$@%the$@%man', 'x$@%man$@%deliver', 'x$@%be$@%deliver', 'x$@%deliver$@%VROOT', 'x$@%the$@%dish', 'x$@%dish$@%deliver', 'x$@%of$@%WORDERASED', 'x$@%chicken$@%dish', 'x$@%and$@%WORDERASED', 'x$@%the$@%woman', 'x$@%woman$@%wait', 'x$@%be$@%sit', 'x$@%sit$@%deliver', 'x$@%and$@%WORDERASED', 'x$@%wait$@%sit', 'x$@%.$@%deliver']","['x$@%the$@%x', 'x$@%man$@%x', 'x$@%be$@%x', 'x$@%deliver$@%x', 'x$@%the$@%x', 'x$@%dish$@%x', 'x$@%of$@%x', 'x$@%chicken$@%x', 'x$@%and$@%x', 'x$@%the$@%x', 'x$@%woman$@%x', 'x$@%be$@%x', 'x$@%sit$@%x', 'x$@%and$@%x', 'x$@%wait$@%x', 'x$@%.$@%x']",0.91729019252902499,0.92495344909538368,0.8572472743877777,0.91019666302565283,0.916096639988351,0.85388746260863346,1.0,55.0,55.0,61.0,54.0,55.0,60.0,16.0
I08U-gNNS-p107-r1,The waiter is serving a delicious turkey to the woman.,1,1,1,1,1,"1	the	_	DT	DT	_	2	det	_	_
2	waiter	_	NN	NN	_	4	nsubj	_	_
3	be	_	VBZ	VBZ	_	4	aux	_	_
4	serve	_	VBG	VBG	_	0	root	_	_
5	a	_	DT	DT	_	7	det	_	_
6	delicious	_	JJ	JJ	_	7	amod	_	_
7	turkey	_	NN	NN	_	4	dobj	_	_
8	to	_	TO	TO	_	0	erased	_	_
9	the	_	DT	DT	_	10	det	_	_
10	woman	_	NN	NN	_	7	prep_to	_	_
11	.	_	.	.	_	4	punct	_	_","['det$@%the$@%waiter', 'nsubj$@%waiter$@%serve', 'aux$@%be$@%serve', 'root$@%serve$@%VROOT', 'det$@%a$@%turkey', 'amod$@%delicious$@%turkey', 'dobj$@%turkey$@%serve', 'erased$@%to$@%WORDERASED', 'det$@%the$@%woman', 'prep_to$@%woman$@%turkey', 'punct$@%.$@%serve']","['x$@%the$@%waiter', 'x$@%waiter$@%serve', 'x$@%be$@%serve', 'x$@%serve$@%VROOT', 'x$@%a$@%turkey', 'x$@%delicious$@%turkey', 'x$@%turkey$@%serve', 'x$@%to$@%WORDERASED', 'x$@%the$@%woman', 'x$@%woman$@%turkey', 'x$@%.$@%serve']","['x$@%the$@%x', 'x$@%waiter$@%x', 'x$@%be$@%x', 'x$@%serve$@%x', 'x$@%a$@%x', 'x$@%delicious$@%x', 'x$@%turkey$@%x', 'x$@%to$@%x', 'x$@%the$@%x', 'x$@%woman$@%x', 'x$@%.$@%x']",0.40404643350440417,0.42791012644506043,0.22981392696623548,0.39702945130029688,0.41591314031925364,0.2271461289582849,1.0,2.0,5.0,6.0,2.0,5.0,6.0,16.0
I08U-gNNS-p108-r1,A waiter is severing a lady in a restaurant,1,1,0,1,1,"1	a	_	DT	DT	_	2	det	_	_
2	waiter	_	NN	NN	_	4	nsubj	_	_
3	be	_	VBZ	VBZ	_	4	aux	_	_
4	sever	_	VBG	VBG	_	0	root	_	_
5	a	_	DT	DT	_	6	det	_	_
6	lady	_	NN	NN	_	4	dobj	_	_
7	in	_	IN	IN	_	0	erased	_	_
8	a	_	DT	DT	_	9	det	_	_
9	restaurant	_	NN	NN	_	6	prep_in	_	_
10	.	_	.	.	_	4	punct	_	_","['det$@%a$@%waiter', 'nsubj$@%waiter$@%sever', 'aux$@%be$@%sever', 'root$@%sever$@%VROOT', 'det$@%a$@%lady', 'dobj$@%lady$@%sever', 'erased$@%in$@%WORDERASED', 'det$@%a$@%restaurant', 'prep_in$@%restaurant$@%lady', 'punct$@%.$@%sever']","['x$@%a$@%waiter', 'x$@%waiter$@%sever', 'x$@%be$@%sever', 'x$@%sever$@%VROOT', 'x$@%a$@%lady', 'x$@%lady$@%sever', 'x$@%in$@%WORDERASED', 'x$@%a$@%restaurant', 'x$@%restaurant$@%lady', 'x$@%.$@%sever']","['x$@%a$@%x', 'x$@%waiter$@%x', 'x$@%be$@%x', 'x$@%sever$@%x', 'x$@%a$@%x', 'x$@%lady$@%x', 'x$@%in$@%x', 'x$@%a$@%x', 'x$@%restaurant$@%x', 'x$@%.$@%x']",0.90836347723367883,0.91404979243723083,0.49721014578751954,0.90550759143272996,0.90603441974219967,0.49164669509064252,0.944,51.0,52.0,36.0,52.0,52.0,36.0,34.0
I08U-gNNS-p109-r1,The server is handing a turkey to the guest. ,1,1,1,1,1,"1	the	_	DT	DT	_	2	det	_	_
2	server	_	NN	NN	_	4	nsubj	_	_
3	be	_	VBZ	VBZ	_	4	aux	_	_
4	hand	_	VBG	VBG	_	0	root	_	_
5	a	_	DT	DT	_	6	det	_	_
6	turkey	_	NN	NN	_	4	dobj	_	_
7	to	_	TO	TO	_	0	erased	_	_
8	the	_	DT	DT	_	9	det	_	_
9	guest	_	NN	NN	_	4	prep_to	_	_
10	.	_	.	.	_	4	punct	_	_","['det$@%the$@%server', 'nsubj$@%server$@%hand', 'aux$@%be$@%hand', 'root$@%hand$@%VROOT', 'det$@%a$@%turkey', 'dobj$@%turkey$@%hand', 'erased$@%to$@%WORDERASED', 'det$@%the$@%guest', 'prep_to$@%guest$@%hand', 'punct$@%.$@%hand']","['x$@%the$@%server', 'x$@%server$@%hand', 'x$@%be$@%hand', 'x$@%hand$@%VROOT', 'x$@%a$@%turkey', 'x$@%turkey$@%hand', 'x$@%to$@%WORDERASED', 'x$@%the$@%guest', 'x$@%guest$@%hand', 'x$@%.$@%hand']","['x$@%the$@%x', 'x$@%server$@%x', 'x$@%be$@%x', 'x$@%hand$@%x', 'x$@%a$@%x', 'x$@%turkey$@%x', 'x$@%to$@%x', 'x$@%the$@%x', 'x$@%guest$@%x', 'x$@%.$@%x']",0.91200233212217541,0.91767199736294569,0.64677267497378654,0.89362368608707765,0.89448482925993289,0.63579837429285324,1.0,53.0,53.0,48.0,48.0,50.0,48.0,16.0
I08U-gNNS-p111-r1,A waitress is serving turkey to a elegant woman in a fancy restaurant.,0,1,0,1,0,"1	a	_	DT	DT	_	2	det	_	_
2	waitress	_	NN	NN	_	4	nsubj	_	_
3	be	_	VBZ	VBZ	_	4	aux	_	_
4	serve	_	VBG	VBG	_	0	root	_	_
5	turkey	_	NN	NN	_	4	dobj	_	_
6	to	_	TO	TO	_	0	erased	_	_
7	a	_	DT	DT	_	9	det	_	_
8	elegant	_	JJ	JJ	_	9	amod	_	_
9	woman	_	NN	NN	_	4	prep_to	_	_
10	in	_	IN	IN	_	0	erased	_	_
11	a	_	DT	DT	_	13	det	_	_
12	fancy	_	JJ	JJ	_	13	amod	_	_
13	restaurant	_	NN	NN	_	9	prep_in	_	_
14	.	_	.	.	_	4	punct	_	_","['det$@%a$@%waitress', 'nsubj$@%waitress$@%serve', 'aux$@%be$@%serve', 'root$@%serve$@%VROOT', 'dobj$@%turkey$@%serve', 'erased$@%to$@%WORDERASED', 'det$@%a$@%woman', 'amod$@%elegant$@%woman', 'prep_to$@%woman$@%serve', 'erased$@%in$@%WORDERASED', 'det$@%a$@%restaurant', 'amod$@%fancy$@%restaurant', 'prep_in$@%restaurant$@%woman', 'punct$@%.$@%serve']","['x$@%a$@%waitress', 'x$@%waitress$@%serve', 'x$@%be$@%serve', 'x$@%serve$@%VROOT', 'x$@%turkey$@%serve', 'x$@%to$@%WORDERASED', 'x$@%a$@%woman', 'x$@%elegant$@%woman', 'x$@%woman$@%serve', 'x$@%in$@%WORDERASED', 'x$@%a$@%restaurant', 'x$@%fancy$@%restaurant', 'x$@%restaurant$@%woman', 'x$@%.$@%serve']","['x$@%a$@%x', 'x$@%waitress$@%x', 'x$@%be$@%x', 'x$@%serve$@%x', 'x$@%turkey$@%x', 'x$@%to$@%x', 'x$@%a$@%x', 'x$@%elegant$@%x', 'x$@%woman$@%x', 'x$@%in$@%x', 'x$@%a$@%x', 'x$@%fancy$@%x', 'x$@%restaurant$@%x', 'x$@%.$@%x']",0.7387538981420767,0.69752415553237035,0.66093336031786798,0.74319050085245286,0.71362678910834476,0.65338822264924623,0.317,18.0,20.0,50.0,18.0,20.0,50.0,62.5
I08U-gNNS-p112-r1,The woman is having a dinner.,0,1,1,1,1,"1	the	_	DT	DT	_	2	det	_	_
2	woman	_	NN	NN	_	4	nsubj	_	_
3	be	_	VBZ	VBZ	_	4	aux	_	_
4	have	_	VBG	VBG	_	0	root	_	_
5	a	_	DT	DT	_	6	det	_	_
6	dinner	_	NN	NN	_	4	dobj	_	_
7	.	_	.	.	_	4	punct	_	_","['det$@%the$@%woman', 'nsubj$@%woman$@%have', 'aux$@%be$@%have', 'root$@%have$@%VROOT', 'det$@%a$@%dinner', 'dobj$@%dinner$@%have', 'punct$@%.$@%have']","['x$@%the$@%woman', 'x$@%woman$@%have', 'x$@%be$@%have', 'x$@%have$@%VROOT', 'x$@%a$@%dinner', 'x$@%dinner$@%have', 'x$@%.$@%have']","['x$@%the$@%x', 'x$@%woman$@%x', 'x$@%be$@%x', 'x$@%have$@%x', 'x$@%a$@%x', 'x$@%dinner$@%x', 'x$@%.$@%x']",0.88569512110899296,0.89422067977231845,0.69239913579738832,0.88223667377573178,0.88382712869735824,0.72373612931239562,0.635,44.0,46.0,51.0,46.0,48.0,51.0,47.5
I08U-gNNS-p114-r1,A man is serving a lady.,0,1,1,0,1,"1	a	_	DT	DT	_	2	det	_	_
2	man	_	NN	NN	_	4	nsubj	_	_
3	be	_	VBZ	VBZ	_	4	aux	_	_
4	serve	_	VBG	VBG	_	0	root	_	_
5	a	_	DT	DT	_	6	det	_	_
6	lady	_	NN	NN	_	4	dobj	_	_
7	.	_	.	.	_	4	punct	_	_","['det$@%a$@%man', 'nsubj$@%man$@%serve', 'aux$@%be$@%serve', 'root$@%serve$@%VROOT', 'det$@%a$@%lady', 'dobj$@%lady$@%serve', 'punct$@%.$@%serve']","['x$@%a$@%man', 'x$@%man$@%serve', 'x$@%be$@%serve', 'x$@%serve$@%VROOT', 'x$@%a$@%lady', 'x$@%lady$@%serve', 'x$@%.$@%serve']","['x$@%a$@%x', 'x$@%man$@%x', 'x$@%be$@%x', 'x$@%serve$@%x', 'x$@%a$@%x', 'x$@%lady$@%x', 'x$@%.$@%x']",0.74444140924528968,0.74743792132990583,0.83205946220846128,0.75942662083285317,0.79360715524271697,0.83502816057289442,0.411,20.0,22.0,57.0,22.0,31.0,58.0,56.0
I08U-gNNS-p116-r1,The woman is drinking the tea,0,1,1,1,0,"1	the	_	DT	DT	_	2	det	_	_
2	woman	_	NN	NN	_	4	nsubj	_	_
3	be	_	VBZ	VBZ	_	4	aux	_	_
4	drink	_	VBG	VBG	_	0	root	_	_
5	the	_	DT	DT	_	6	det	_	_
6	tea	_	NN	NN	_	4	dobj	_	_
7	.	_	.	.	_	4	punct	_	_","['det$@%the$@%woman', 'nsubj$@%woman$@%drink', 'aux$@%be$@%drink', 'root$@%drink$@%VROOT', 'det$@%the$@%tea', 'dobj$@%tea$@%drink', 'punct$@%.$@%drink']","['x$@%the$@%woman', 'x$@%woman$@%drink', 'x$@%be$@%drink', 'x$@%drink$@%VROOT', 'x$@%the$@%tea', 'x$@%tea$@%drink', 'x$@%.$@%drink']","['x$@%the$@%x', 'x$@%woman$@%x', 'x$@%be$@%x', 'x$@%drink$@%x', 'x$@%the$@%x', 'x$@%tea$@%x', 'x$@%.$@%x']",0.96192438657914536,0.96512708616443688,0.93161523930085499,0.956017819370796,0.95729176360656099,0.92648240792433223,0.373,62.0,63.0,70.0,61.0,62.0,69.0,59.0
I08U-gNNS-p118-r1,The waiter is providing a meal for the woman.,1,1,1,1,1,"1	the	_	DT	DT	_	2	det	_	_
2	waiter	_	NN	NN	_	4	nsubj	_	_
3	be	_	VBZ	VBZ	_	4	aux	_	_
4	provide	_	VBG	VBG	_	0	root	_	_
5	a	_	DT	DT	_	6	det	_	_
6	meal	_	NN	NN	_	4	dobj	_	_
7	for	_	IN	IN	_	0	erased	_	_
8	the	_	DT	DT	_	9	det	_	_
9	woman	_	NN	NN	_	6	prep_for	_	_
10	.	_	.	.	_	4	punct	_	_","['det$@%the$@%waiter', 'nsubj$@%waiter$@%provide', 'aux$@%be$@%provide', 'root$@%provide$@%VROOT', 'det$@%a$@%meal', 'dobj$@%meal$@%provide', 'erased$@%for$@%WORDERASED', 'det$@%the$@%woman', 'prep_for$@%woman$@%meal', 'punct$@%.$@%provide']","['x$@%the$@%waiter', 'x$@%waiter$@%provide', 'x$@%be$@%provide', 'x$@%provide$@%VROOT', 'x$@%a$@%meal', 'x$@%meal$@%provide', 'x$@%for$@%WORDERASED', 'x$@%the$@%woman', 'x$@%woman$@%meal', 'x$@%.$@%provide']","['x$@%the$@%x', 'x$@%waiter$@%x', 'x$@%be$@%x', 'x$@%provide$@%x', 'x$@%a$@%x', 'x$@%meal$@%x', 'x$@%for$@%x', 'x$@%the$@%x', 'x$@%woman$@%x', 'x$@%.$@%x']",0.80756431600942802,0.81026605644109406,0.35282972270272439,0.79159186667383408,0.78397789467928103,0.34861981668787212,1.0,30.0,30.0,20.0,30.0,29.0,20.0,16.0
I08U-gNNS-p119-r1,The turkey is extremely good.,0,0,1,0,0,"1	the	_	DT	DT	_	2	det	_	_
2	turkey	_	NN	NN	_	5	nsubj	_	_
3	be	_	VBZ	VBZ	_	5	cop	_	_
4	extremely	_	RB	RB	_	5	advmod	_	_
5	good	_	JJ	JJ	_	0	root	_	_
6	.	_	.	.	_	5	punct	_	_","['det$@%the$@%turkey', 'nsubj$@%turkey$@%good', 'cop$@%be$@%good', 'advmod$@%extremely$@%good', 'root$@%good$@%VROOT', 'punct$@%.$@%good']","['x$@%the$@%turkey', 'x$@%turkey$@%good', 'x$@%be$@%good', 'x$@%extremely$@%good', 'x$@%good$@%VROOT', 'x$@%.$@%good']","['x$@%the$@%x', 'x$@%turkey$@%x', 'x$@%be$@%x', 'x$@%extremely$@%x', 'x$@%good$@%x', 'x$@%.$@%x']",0.97086784519909142,0.97329758393503496,0.55220420302599793,0.97493544117674291,0.97564256420220541,0.54302262605280793,0.056,65.0,66.0,41.0,66.0,67.0,40.0,68.0
I08U-gNNS-p122-r1,A waiter is serving the main dish for the customer. ,1,1,1,1,1,"1	a	_	DT	DT	_	2	det	_	_
2	waiter	_	NN	NN	_	4	nsubj	_	_
3	be	_	VBZ	VBZ	_	4	aux	_	_
4	serve	_	VBG	VBG	_	0	root	_	_
5	the	_	DT	DT	_	7	det	_	_
6	main	_	JJ	JJ	_	7	amod	_	_
7	dish	_	NN	NN	_	4	dobj	_	_
8	for	_	IN	IN	_	0	erased	_	_
9	the	_	DT	DT	_	10	det	_	_
10	customer	_	NN	NN	_	7	prep_for	_	_
11	.	_	.	.	_	4	punct	_	_","['det$@%a$@%waiter', 'nsubj$@%waiter$@%serve', 'aux$@%be$@%serve', 'root$@%serve$@%VROOT', 'det$@%the$@%dish', 'amod$@%main$@%dish', 'dobj$@%dish$@%serve', 'erased$@%for$@%WORDERASED', 'det$@%the$@%customer', 'prep_for$@%customer$@%dish', 'punct$@%.$@%serve']","['x$@%a$@%waiter', 'x$@%waiter$@%serve', 'x$@%be$@%serve', 'x$@%serve$@%VROOT', 'x$@%the$@%dish', 'x$@%main$@%dish', 'x$@%dish$@%serve', 'x$@%for$@%WORDERASED', 'x$@%the$@%customer', 'x$@%customer$@%dish', 'x$@%.$@%serve']","['x$@%a$@%x', 'x$@%waiter$@%x', 'x$@%be$@%x', 'x$@%serve$@%x', 'x$@%the$@%x', 'x$@%main$@%x', 'x$@%dish$@%x', 'x$@%for$@%x', 'x$@%the$@%x', 'x$@%customer$@%x', 'x$@%.$@%x']",0.6273950903580765,0.64844497560999859,0.47727365548230538,0.64676192684401435,0.67505273219769923,0.4755841101599072,1.0,14.0,17.0,35.0,14.0,17.0,35.0,16.0
I08U-gNNS-p123-r1,The man is serving the woman for her turkey,1,1,0,0,1,"1	the	_	DT	DT	_	2	det	_	_
2	man	_	NN	NN	_	4	nsubj	_	_
3	be	_	VBZ	VBZ	_	4	aux	_	_
4	serve	_	VBG	VBG	_	0	root	_	_
5	the	_	DT	DT	_	6	det	_	_
6	woman	_	NN	NN	_	4	dobj	_	_
7	for	_	IN	IN	_	0	erased	_	_
8	she	_	PRP$	PRP$	_	9	poss	_	_
9	turkey	_	NN	NN	_	6	prep_for	_	_
10	.	_	.	.	_	4	punct	_	_","['det$@%the$@%man', 'nsubj$@%man$@%serve', 'aux$@%be$@%serve', 'root$@%serve$@%VROOT', 'det$@%the$@%woman', 'dobj$@%woman$@%serve', 'erased$@%for$@%WORDERASED', 'poss$@%she$@%turkey', 'prep_for$@%turkey$@%woman', 'punct$@%.$@%serve']","['x$@%the$@%man', 'x$@%man$@%serve', 'x$@%be$@%serve', 'x$@%serve$@%VROOT', 'x$@%the$@%woman', 'x$@%woman$@%serve', 'x$@%for$@%WORDERASED', 'x$@%she$@%turkey', 'x$@%turkey$@%woman', 'x$@%.$@%serve']","['x$@%the$@%x', 'x$@%man$@%x', 'x$@%be$@%x', 'x$@%serve$@%x', 'x$@%the$@%x', 'x$@%woman$@%x', 'x$@%for$@%x', 'x$@%she$@%x', 'x$@%turkey$@%x', 'x$@%.$@%x']",0.74065680999111783,0.67193307541215597,0.41911009073639771,0.74870206804629891,0.68755295848634979,0.41192580022028469,0.72,19.0,18.0,31.0,19.0,18.0,30.0,41.0
I08U-gNNS-p124-r1,he is offering chicken for the client,0,1,1,0,1,"1	he	_	PRP	PRP	_	3	nsubj	_	_
2	be	_	VBZ	VBZ	_	3	aux	_	_
3	offer	_	VBG	VBG	_	0	root	_	_
4	chicken	_	NN	NN	_	3	dobj	_	_
5	for	_	IN	IN	_	0	erased	_	_
6	the	_	DT	DT	_	7	det	_	_
7	client	_	NN	NN	_	4	prep_for	_	_
8	.	_	.	.	_	3	punct	_	_","['nsubj$@%he$@%offer', 'aux$@%be$@%offer', 'root$@%offer$@%VROOT', 'dobj$@%chicken$@%offer', 'erased$@%for$@%WORDERASED', 'det$@%the$@%client', 'prep_for$@%client$@%chicken', 'punct$@%.$@%offer']","['x$@%he$@%offer', 'x$@%be$@%offer', 'x$@%offer$@%VROOT', 'x$@%chicken$@%offer', 'x$@%for$@%WORDERASED', 'x$@%the$@%client', 'x$@%client$@%chicken', 'x$@%.$@%offer']","['x$@%he$@%x', 'x$@%be$@%x', 'x$@%offer$@%x', 'x$@%chicken$@%x', 'x$@%for$@%x', 'x$@%the$@%x', 'x$@%client$@%x', 'x$@%.$@%x']",0.99999316569863583,0.99999344325255979,0.92878185178540207,0.99999204552528487,0.99999190905241397,0.92911914964825448,0.411,70.0,70.0,69.0,70.0,70.0,70.0,56.0
I08U-gNNS-p125-r1,The waiter is serving food.,1,1,1,1,1,"1	the	_	DT	DT	_	2	det	_	_
2	waiter	_	NN	NN	_	4	nsubj	_	_
3	be	_	VBZ	VBZ	_	4	aux	_	_
4	serve	_	VBG	VBG	_	0	root	_	_
5	food	_	NN	NN	_	4	dobj	_	_
6	.	_	.	.	_	4	punct	_	_","['det$@%the$@%waiter', 'nsubj$@%waiter$@%serve', 'aux$@%be$@%serve', 'root$@%serve$@%VROOT', 'dobj$@%food$@%serve', 'punct$@%.$@%serve']","['x$@%the$@%waiter', 'x$@%waiter$@%serve', 'x$@%be$@%serve', 'x$@%serve$@%VROOT', 'x$@%food$@%serve', 'x$@%.$@%serve']","['x$@%the$@%x', 'x$@%waiter$@%x', 'x$@%be$@%x', 'x$@%serve$@%x', 'x$@%food$@%x', 'x$@%.$@%x']",0.41191179414624501,0.43083691109205835,0.2999240119357075,0.43977540306186025,0.46385980838156882,0.30125522579553266,1.0,3.0,6.0,13.0,3.0,7.0,13.0,16.0
I08U-gNNS-p127-r1,The woman is served with a plate of chicken.,1,0,1,0,1,"1	the	_	DT	DT	_	2	det	_	_
2	woman	_	NN	NN	_	4	nsubjpass	_	_
3	be	_	VBZ	VBZ	_	4	auxpass	_	_
4	serve	_	VBN	VBN	_	0	root	_	_
5	with	_	IN	IN	_	0	erased	_	_
6	a	_	DT	DT	_	7	det	_	_
7	plate	_	NN	NN	_	4	prep_with	_	_
8	of	_	IN	IN	_	0	erased	_	_
9	chicken	_	NN	NN	_	7	prep_of	_	_
10	.	_	.	.	_	4	punct	_	_","['det$@%the$@%woman', 'nsubjpass$@%woman$@%serve', 'auxpass$@%be$@%serve', 'root$@%serve$@%VROOT', 'erased$@%with$@%WORDERASED', 'det$@%a$@%plate', 'prep_with$@%plate$@%serve', 'erased$@%of$@%WORDERASED', 'prep_of$@%chicken$@%plate', 'punct$@%.$@%serve']","['x$@%the$@%woman', 'x$@%woman$@%serve', 'x$@%be$@%serve', 'x$@%serve$@%VROOT', 'x$@%with$@%WORDERASED', 'x$@%a$@%plate', 'x$@%plate$@%serve', 'x$@%of$@%WORDERASED', 'x$@%chicken$@%plate', 'x$@%.$@%serve']","['x$@%the$@%x', 'x$@%woman$@%x', 'x$@%be$@%x', 'x$@%serve$@%x', 'x$@%with$@%x', 'x$@%a$@%x', 'x$@%plate$@%x', 'x$@%of$@%x', 'x$@%chicken$@%x', 'x$@%.$@%x']",0.80832635332300062,0.68495012439138381,0.81963845344138675,0.80473188265152029,0.7050939376609876,0.82012177268507203,0.683,32.0,19.0,55.0,32.0,19.0,56.0,42.0
I08U-gNNS-p128-r1,The server is serving a dish to a woman. ,1,1,1,1,1,"1	the	_	DT	DT	_	2	det	_	_
2	server	_	NN	NN	_	4	nsubj	_	_
3	be	_	VBZ	VBZ	_	4	aux	_	_
4	serve	_	VBG	VBG	_	0	root	_	_
5	a	_	DT	DT	_	6	det	_	_
6	dish	_	NN	NN	_	4	dobj	_	_
7	to	_	TO	TO	_	0	erased	_	_
8	a	_	DT	DT	_	9	det	_	_
9	woman	_	NN	NN	_	4	prep_to	_	_
10	.	_	.	.	_	4	punct	_	_","['det$@%the$@%server', 'nsubj$@%server$@%serve', 'aux$@%be$@%serve', 'root$@%serve$@%VROOT', 'det$@%a$@%dish', 'dobj$@%dish$@%serve', 'erased$@%to$@%WORDERASED', 'det$@%a$@%woman', 'prep_to$@%woman$@%serve', 'punct$@%.$@%serve']","['x$@%the$@%server', 'x$@%server$@%serve', 'x$@%be$@%serve', 'x$@%serve$@%VROOT', 'x$@%a$@%dish', 'x$@%dish$@%serve', 'x$@%to$@%WORDERASED', 'x$@%a$@%woman', 'x$@%woman$@%serve', 'x$@%.$@%serve']","['x$@%the$@%x', 'x$@%server$@%x', 'x$@%be$@%x', 'x$@%serve$@%x', 'x$@%a$@%x', 'x$@%dish$@%x', 'x$@%to$@%x', 'x$@%a$@%x', 'x$@%woman$@%x', 'x$@%.$@%x']",0.77953634521589743,0.74067029709368559,0.88456161959030999,0.78775964783622499,0.76490519830256887,0.87786244926926671,1.0,24.0,21.0,63.0,29.0,26.0,63.0,16.0
I08U-gNNS-p133-r1,The waiter is serving the woman a roasted chicken. ,1,1,1,1,1,"1	the	_	DT	DT	_	2	det	_	_
2	waiter	_	NN	NN	_	4	nsubj	_	_
3	be	_	VBZ	VBZ	_	4	aux	_	_
4	serve	_	VBG	VBG	_	0	root	_	_
5	the	_	DT	DT	_	6	det	_	_
6	woman	_	NN	NN	_	4	iobj	_	_
7	a	_	DT	DT	_	9	det	_	_
8	roasted	_	JJ	JJ	_	9	amod	_	_
9	chicken	_	NN	NN	_	6	dep	_	_
10	.	_	.	.	_	4	punct	_	_","['det$@%the$@%waiter', 'nsubj$@%waiter$@%serve', 'aux$@%be$@%serve', 'root$@%serve$@%VROOT', 'det$@%the$@%woman', 'iobj$@%woman$@%serve', 'det$@%a$@%chicken', 'amod$@%roasted$@%chicken', 'dep$@%chicken$@%woman', 'punct$@%.$@%serve']","['x$@%the$@%waiter', 'x$@%waiter$@%serve', 'x$@%be$@%serve', 'x$@%serve$@%VROOT', 'x$@%the$@%woman', 'x$@%woman$@%serve', 'x$@%a$@%chicken', 'x$@%roasted$@%chicken', 'x$@%chicken$@%woman', 'x$@%.$@%serve']","['x$@%the$@%x', 'x$@%waiter$@%x', 'x$@%be$@%x', 'x$@%serve$@%x', 'x$@%the$@%x', 'x$@%woman$@%x', 'x$@%a$@%x', 'x$@%roasted$@%x', 'x$@%chicken$@%x', 'x$@%.$@%x']",0.52717258381367216,0.46995803134890712,0.4122699228289235,0.5347887440151331,0.47178498517247891,0.40660811022580645,1.0,12.0,9.0,30.0,12.0,8.0,29.0,16.0
I08U-gNNS-p135-r1,The woman is being served dinner by the waitor.,1,1,0,1,1,"1	the	_	DT	DT	_	2	det	_	_
2	woman	_	NN	NN	_	5	nsubjpass	_	_
3	be	_	VBZ	VBZ	_	5	aux	_	_
4	be	_	VBG	VBG	_	5	auxpass	_	_
5	serve	_	VBN	VBN	_	0	root	_	_
6	dinner	_	NN	NN	_	5	dobj	_	_
7	by	_	IN	IN	_	0	erased	_	_
8	the	_	DT	DT	_	9	det	_	_
9	waitor	_	NN	NN	_	5	agent	_	_
10	.	_	.	.	_	5	punct	_	_","['det$@%the$@%woman', 'nsubjpass$@%woman$@%serve', 'aux$@%be$@%serve', 'auxpass$@%be$@%serve', 'root$@%serve$@%VROOT', 'dobj$@%dinner$@%serve', 'erased$@%by$@%WORDERASED', 'det$@%the$@%waitor', 'agent$@%waitor$@%serve', 'punct$@%.$@%serve']","['x$@%the$@%woman', 'x$@%woman$@%serve', 'x$@%be$@%serve', 'x$@%be$@%serve', 'x$@%serve$@%VROOT', 'x$@%dinner$@%serve', 'x$@%by$@%WORDERASED', 'x$@%the$@%waitor', 'x$@%waitor$@%serve', 'x$@%.$@%serve']","['x$@%the$@%x', 'x$@%woman$@%x', 'x$@%be$@%x', 'x$@%be$@%x', 'x$@%serve$@%x', 'x$@%dinner$@%x', 'x$@%by$@%x', 'x$@%the$@%x', 'x$@%waitor$@%x', 'x$@%.$@%x']",0.6367540226702334,0.48704754976998677,0.84149997927483366,0.65744716479505971,0.62033226495390292,0.85794660895606989,0.944,15.0,10.0,60.0,15.0,15.0,61.0,34.0
I08U-gNNS-p136-r1,The waiter is passing the turkey to a customer.,1,1,1,1,1,"1	the	_	DT	DT	_	2	det	_	_
2	waiter	_	NN	NN	_	4	nsubj	_	_
3	be	_	VBZ	VBZ	_	4	aux	_	_
4	pass	_	VBG	VBG	_	0	root	_	_
5	the	_	DT	DT	_	6	det	_	_
6	turkey	_	NN	NN	_	4	dobj	_	_
7	to	_	TO	TO	_	0	erased	_	_
8	a	_	DT	DT	_	9	det	_	_
9	customer	_	NN	NN	_	4	prep_to	_	_
10	.	_	.	.	_	4	punct	_	_","['det$@%the$@%waiter', 'nsubj$@%waiter$@%pass', 'aux$@%be$@%pass', 'root$@%pass$@%VROOT', 'det$@%the$@%turkey', 'dobj$@%turkey$@%pass', 'erased$@%to$@%WORDERASED', 'det$@%a$@%customer', 'prep_to$@%customer$@%pass', 'punct$@%.$@%pass']","['x$@%the$@%waiter', 'x$@%waiter$@%pass', 'x$@%be$@%pass', 'x$@%pass$@%VROOT', 'x$@%the$@%turkey', 'x$@%turkey$@%pass', 'x$@%to$@%WORDERASED', 'x$@%a$@%customer', 'x$@%customer$@%pass', 'x$@%.$@%pass']","['x$@%the$@%x', 'x$@%waiter$@%x', 'x$@%be$@%x', 'x$@%pass$@%x', 'x$@%the$@%x', 'x$@%turkey$@%x', 'x$@%to$@%x', 'x$@%a$@%x', 'x$@%customer$@%x', 'x$@%.$@%x']",0.81980801349031374,0.83099248462298658,0.20465484796834577,0.81133702523394591,0.81239225036168494,0.19356871046935498,1.0,34.0,33.0,5.0,34.0,32.0,5.0,16.0
I08U-gNNS-p140-r1,The waiter is bringing the food the the customer. ,1,1,1,1,1,"1	the	_	DT	DT	_	2	det	_	_
2	waiter	_	NN	NN	_	4	nsubj	_	_
3	be	_	VBZ	VBZ	_	4	aux	_	_
4	bring	_	VBG	VBG	_	0	root	_	_
5	the	_	DT	DT	_	6	det	_	_
6	food	_	NN	NN	_	4	iobj	_	_
7	the	_	DT	DT	_	9	predet	_	_
8	the	_	DT	DT	_	9	det	_	_
9	customer	_	NN	NN	_	4	dobj	_	_
10	.	_	.	.	_	4	punct	_	_","['det$@%the$@%waiter', 'nsubj$@%waiter$@%bring', 'aux$@%be$@%bring', 'root$@%bring$@%VROOT', 'det$@%the$@%food', 'iobj$@%food$@%bring', 'predet$@%the$@%customer', 'det$@%the$@%customer', 'dobj$@%customer$@%bring', 'punct$@%.$@%bring']","['x$@%the$@%waiter', 'x$@%waiter$@%bring', 'x$@%be$@%bring', 'x$@%bring$@%VROOT', 'x$@%the$@%food', 'x$@%food$@%bring', 'x$@%the$@%customer', 'x$@%the$@%customer', 'x$@%customer$@%bring', 'x$@%.$@%bring']","['x$@%the$@%x', 'x$@%waiter$@%x', 'x$@%be$@%x', 'x$@%bring$@%x', 'x$@%the$@%x', 'x$@%food$@%x', 'x$@%the$@%x', 'x$@%the$@%x', 'x$@%customer$@%x', 'x$@%.$@%x']",0.77469705193918159,0.83960159625572073,0.3905240275847004,0.76766300394237597,0.76235768833248763,0.38380355210260264,1.0,22.0,39.0,25.0,24.0,24.0,24.0,16.0
I08U-gNNS-p141-r1,The waiter is serving the food,1,1,1,1,1,"1	the	_	DT	DT	_	2	det	_	_
2	waiter	_	NN	NN	_	4	nsubj	_	_
3	be	_	VBZ	VBZ	_	4	aux	_	_
4	serve	_	VBG	VBG	_	0	root	_	_
5	the	_	DT	DT	_	6	det	_	_
6	food	_	NN	NN	_	4	dobj	_	_
7	.	_	.	.	_	4	punct	_	_","['det$@%the$@%waiter', 'nsubj$@%waiter$@%serve', 'aux$@%be$@%serve', 'root$@%serve$@%VROOT', 'det$@%the$@%food', 'dobj$@%food$@%serve', 'punct$@%.$@%serve']","['x$@%the$@%waiter', 'x$@%waiter$@%serve', 'x$@%be$@%serve', 'x$@%serve$@%VROOT', 'x$@%the$@%food', 'x$@%food$@%serve', 'x$@%.$@%serve']","['x$@%the$@%x', 'x$@%waiter$@%x', 'x$@%be$@%x', 'x$@%serve$@%x', 'x$@%the$@%x', 'x$@%food$@%x', 'x$@%.$@%x']",0.43576930015295845,0.45755791753924757,0.29992062712342704,0.46164684952342705,0.48747906803607444,0.30125438886937617,1.0,4.0,8.0,11.0,4.0,9.0,11.0,16.0
