ResponseID,Response,Core,Answer,Gramm,Interp,Verif,parse,ldh,xdh,xdx,ldh tfidf cosine,xdh tfidf cosine,xdx tfidf cosine
I14U-gNSF-p143-r1,The woman just bought a new car. ,1,0,1,0,1,"1	the	_	DT	DT	_	2	det	_	_
2	woman	_	NN	NN	_	4	nsubj	_	_
3	just	_	RB	RB	_	4	advmod	_	_
4	buy	_	VBD	VBD	_	0	root	_	_
5	a	_	DT	DT	_	7	det	_	_
6	new	_	JJ	JJ	_	7	amod	_	_
7	car	_	NN	NN	_	4	dobj	_	_
8	.	_	.	.	_	4	punct	_	_","['det$@%the$@%woman', 'nsubj$@%woman$@%buy', 'advmod$@%just$@%buy', 'root$@%buy$@%VROOT', 'det$@%a$@%car', 'amod$@%new$@%car', 'dobj$@%car$@%buy', 'punct$@%.$@%buy']","['x$@%the$@%woman', 'x$@%woman$@%buy', 'x$@%just$@%buy', 'x$@%buy$@%VROOT', 'x$@%a$@%car', 'x$@%new$@%car', 'x$@%car$@%buy', 'x$@%.$@%buy']","['x$@%the$@%x', 'x$@%woman$@%x', 'x$@%just$@%x', 'x$@%buy$@%x', 'x$@%a$@%x', 'x$@%new$@%x', 'x$@%car$@%x', 'x$@%.$@%x']",0.013219286105603523,0.0099467941776529845,0.002123173309816484
I14U-gNSF-p151-r1,The woman is buying a car from the man.,1,1,1,1,1,"1	the	_	DT	DT	_	2	det	_	_
2	woman	_	NN	NN	_	4	nsubj	_	_
3	be	_	VBZ	VBZ	_	4	aux	_	_
4	buy	_	VBG	VBG	_	0	root	_	_
5	a	_	DT	DT	_	6	det	_	_
6	car	_	NN	NN	_	4	dobj	_	_
7	from	_	IN	IN	_	0	erased	_	_
8	the	_	DT	DT	_	9	det	_	_
9	man	_	NN	NN	_	4	prep_from	_	_
10	.	_	.	.	_	4	punct	_	_","['det$@%the$@%woman', 'nsubj$@%woman$@%buy', 'aux$@%be$@%buy', 'root$@%buy$@%VROOT', 'det$@%a$@%car', 'dobj$@%car$@%buy', 'erased$@%from$@%WORDERASED', 'det$@%the$@%man', 'prep_from$@%man$@%buy', 'punct$@%.$@%buy']","['x$@%the$@%woman', 'x$@%woman$@%buy', 'x$@%be$@%buy', 'x$@%buy$@%VROOT', 'x$@%a$@%car', 'x$@%car$@%buy', 'x$@%from$@%WORDERASED', 'x$@%the$@%man', 'x$@%man$@%buy', 'x$@%.$@%buy']","['x$@%the$@%x', 'x$@%woman$@%x', 'x$@%be$@%x', 'x$@%buy$@%x', 'x$@%a$@%x', 'x$@%car$@%x', 'x$@%from$@%x', 'x$@%the$@%x', 'x$@%man$@%x', 'x$@%.$@%x']",0.0084010220769158428,0.01072415264227955,0.0015317783565846899
I14U-gNSF-p294-r1,The woman is buying the car from the man.,1,1,1,1,1,"1	the	_	DT	DT	_	2	det	_	_
2	woman	_	NN	NN	_	4	nsubj	_	_
3	be	_	VBZ	VBZ	_	4	aux	_	_
4	buy	_	VBG	VBG	_	0	root	_	_
5	the	_	DT	DT	_	6	det	_	_
6	car	_	NN	NN	_	4	dobj	_	_
7	from	_	IN	IN	_	0	erased	_	_
8	the	_	DT	DT	_	9	det	_	_
9	man	_	NN	NN	_	4	prep_from	_	_
10	.	_	.	.	_	4	punct	_	_","['det$@%the$@%woman', 'nsubj$@%woman$@%buy', 'aux$@%be$@%buy', 'root$@%buy$@%VROOT', 'det$@%the$@%car', 'dobj$@%car$@%buy', 'erased$@%from$@%WORDERASED', 'det$@%the$@%man', 'prep_from$@%man$@%buy', 'punct$@%.$@%buy']","['x$@%the$@%woman', 'x$@%woman$@%buy', 'x$@%be$@%buy', 'x$@%buy$@%VROOT', 'x$@%the$@%car', 'x$@%car$@%buy', 'x$@%from$@%WORDERASED', 'x$@%the$@%man', 'x$@%man$@%buy', 'x$@%.$@%buy']","['x$@%the$@%x', 'x$@%woman$@%x', 'x$@%be$@%x', 'x$@%buy$@%x', 'x$@%the$@%x', 'x$@%car$@%x', 'x$@%from$@%x', 'x$@%the$@%x', 'x$@%man$@%x', 'x$@%.$@%x']",0.009961328523723334,0.011703919910399985,0.0033719897339619109
I14U-gNSF-p295-r1,The woman is buying a new red car.,1,1,1,0,1,"1	the	_	DT	DT	_	2	det	_	_
2	woman	_	NN	NN	_	4	nsubj	_	_
3	be	_	VBZ	VBZ	_	4	aux	_	_
4	buy	_	VBG	VBG	_	0	root	_	_
5	a	_	DT	DT	_	8	det	_	_
6	new	_	JJ	JJ	_	8	amod	_	_
7	red	_	JJ	JJ	_	8	amod	_	_
8	car	_	NN	NN	_	4	dobj	_	_
9	.	_	.	.	_	4	punct	_	_","['det$@%the$@%woman', 'nsubj$@%woman$@%buy', 'aux$@%be$@%buy', 'root$@%buy$@%VROOT', 'det$@%a$@%car', 'amod$@%new$@%car', 'amod$@%red$@%car', 'dobj$@%car$@%buy', 'punct$@%.$@%buy']","['x$@%the$@%woman', 'x$@%woman$@%buy', 'x$@%be$@%buy', 'x$@%buy$@%VROOT', 'x$@%a$@%car', 'x$@%new$@%car', 'x$@%red$@%car', 'x$@%car$@%buy', 'x$@%.$@%buy']","['x$@%the$@%x', 'x$@%woman$@%x', 'x$@%be$@%x', 'x$@%buy$@%x', 'x$@%a$@%x', 'x$@%new$@%x', 'x$@%red$@%x', 'x$@%car$@%x', 'x$@%.$@%x']",0.0097449972433648613,0.0077245000412661247,0.002060151051796244
I14U-gNSF-p296-r1,The woman is buying a car and paying the salesman.,1,1,1,1,1,"1	the	_	DT	DT	_	2	det	_	_
2	woman	_	NN	NN	_	8	nsubj	_	_
3	be	_	VBZ	VBZ	_	4	aux	_	_
4	buy	_	VBG	VBG	_	0	root	_	_
5	a	_	DT	DT	_	6	det	_	_
6	car	_	NN	NN	_	4	dobj	_	_
7	and	_	CC	CC	_	0	erased	_	_
8	pay	_	VBG	VBG	_	4	conj_and	_	_
9	the	_	DT	DT	_	10	det	_	_
10	salesman	_	NN	NN	_	8	dobj	_	_
11	.	_	.	.	_	4	punct	_	_","['det$@%the$@%woman', 'nsubj$@%woman$@%pay', 'aux$@%be$@%buy', 'root$@%buy$@%VROOT', 'det$@%a$@%car', 'dobj$@%car$@%buy', 'erased$@%and$@%WORDERASED', 'conj_and$@%pay$@%buy', 'det$@%the$@%salesman', 'dobj$@%salesman$@%pay', 'punct$@%.$@%buy']","['x$@%the$@%woman', 'x$@%woman$@%pay', 'x$@%be$@%buy', 'x$@%buy$@%VROOT', 'x$@%a$@%car', 'x$@%car$@%buy', 'x$@%and$@%WORDERASED', 'x$@%pay$@%buy', 'x$@%the$@%salesman', 'x$@%salesman$@%pay', 'x$@%.$@%buy']","['x$@%the$@%x', 'x$@%woman$@%x', 'x$@%be$@%x', 'x$@%buy$@%x', 'x$@%a$@%x', 'x$@%car$@%x', 'x$@%and$@%x', 'x$@%pay$@%x', 'x$@%the$@%x', 'x$@%salesman$@%x', 'x$@%.$@%x']",0.010161701050048655,0.0086049509407072344,0.0019410901889398424
I14U-gNSF-p297-r1,The woman is buying a car.,1,1,1,0,1,"1	the	_	DT	DT	_	2	det	_	_
2	woman	_	NN	NN	_	4	nsubj	_	_
3	be	_	VBZ	VBZ	_	4	aux	_	_
4	buy	_	VBG	VBG	_	0	root	_	_
5	a	_	DT	DT	_	6	det	_	_
6	car	_	NN	NN	_	4	dobj	_	_
7	.	_	.	.	_	4	punct	_	_","['det$@%the$@%woman', 'nsubj$@%woman$@%buy', 'aux$@%be$@%buy', 'root$@%buy$@%VROOT', 'det$@%a$@%car', 'dobj$@%car$@%buy', 'punct$@%.$@%buy']","['x$@%the$@%woman', 'x$@%woman$@%buy', 'x$@%be$@%buy', 'x$@%buy$@%VROOT', 'x$@%a$@%car', 'x$@%car$@%buy', 'x$@%.$@%buy']","['x$@%the$@%x', 'x$@%woman$@%x', 'x$@%be$@%x', 'x$@%buy$@%x', 'x$@%a$@%x', 'x$@%car$@%x', 'x$@%.$@%x']",0.020791005051667422,0.014702980261477983,0.0010979658566997452
I14U-gNSF-p298-r1,She is buying a new car,1,1,1,0,1,"1	she	_	PRP	PRP	_	3	nsubj	_	_
2	be	_	VBZ	VBZ	_	3	aux	_	_
3	buy	_	VBG	VBG	_	0	root	_	_
4	a	_	DT	DT	_	6	det	_	_
5	new	_	JJ	JJ	_	6	amod	_	_
6	car	_	NN	NN	_	3	dobj	_	_
7	.	_	.	.	_	3	punct	_	_","['nsubj$@%she$@%buy', 'aux$@%be$@%buy', 'root$@%buy$@%VROOT', 'det$@%a$@%car', 'amod$@%new$@%car', 'dobj$@%car$@%buy', 'punct$@%.$@%buy']","['x$@%she$@%buy', 'x$@%be$@%buy', 'x$@%buy$@%VROOT', 'x$@%a$@%car', 'x$@%new$@%car', 'x$@%car$@%buy', 'x$@%.$@%buy']","['x$@%she$@%x', 'x$@%be$@%x', 'x$@%buy$@%x', 'x$@%a$@%x', 'x$@%new$@%x', 'x$@%car$@%x', 'x$@%.$@%x']",0.023187871299150564,0.020113918625069616,0.0037301563475469202
I14U-gNSF-p304-r1,The lady is buying a car.,1,1,1,0,1,"1	the	_	DT	DT	_	2	det	_	_
2	lady	_	NN	NN	_	4	nsubj	_	_
3	be	_	VBZ	VBZ	_	4	aux	_	_
4	buy	_	VBG	VBG	_	0	root	_	_
5	a	_	DT	DT	_	6	det	_	_
6	car	_	NN	NN	_	4	dobj	_	_
7	.	_	.	.	_	4	punct	_	_","['det$@%the$@%lady', 'nsubj$@%lady$@%buy', 'aux$@%be$@%buy', 'root$@%buy$@%VROOT', 'det$@%a$@%car', 'dobj$@%car$@%buy', 'punct$@%.$@%buy']","['x$@%the$@%lady', 'x$@%lady$@%buy', 'x$@%be$@%buy', 'x$@%buy$@%VROOT', 'x$@%a$@%car', 'x$@%car$@%buy', 'x$@%.$@%buy']","['x$@%the$@%x', 'x$@%lady$@%x', 'x$@%be$@%x', 'x$@%buy$@%x', 'x$@%a$@%x', 'x$@%car$@%x', 'x$@%.$@%x']",0.034463655248275993,0.029223586694580583,0.0042782613456182617
I14U-gNSF-p305-r1,The lady is purchasing a car.,1,1,1,0,1,"1	the	_	DT	DT	_	2	det	_	_
2	lady	_	NN	NN	_	4	nsubj	_	_
3	be	_	VBZ	VBZ	_	4	aux	_	_
4	purchase	_	VBG	VBG	_	0	root	_	_
5	a	_	DT	DT	_	6	det	_	_
6	car	_	NN	NN	_	4	dobj	_	_
7	.	_	.	.	_	4	punct	_	_","['det$@%the$@%lady', 'nsubj$@%lady$@%purchase', 'aux$@%be$@%purchase', 'root$@%purchase$@%VROOT', 'det$@%a$@%car', 'dobj$@%car$@%purchase', 'punct$@%.$@%purchase']","['x$@%the$@%lady', 'x$@%lady$@%purchase', 'x$@%be$@%purchase', 'x$@%purchase$@%VROOT', 'x$@%a$@%car', 'x$@%car$@%purchase', 'x$@%.$@%purchase']","['x$@%the$@%x', 'x$@%lady$@%x', 'x$@%be$@%x', 'x$@%purchase$@%x', 'x$@%a$@%x', 'x$@%car$@%x', 'x$@%.$@%x']",0.044693196895200238,0.057308453623595379,0.0049528779140175505
I14U-gNSC-p322-r1,She just bought a new car.,1,1,1,0,1,"1	she	_	PRP	PRP	_	3	nsubj	_	_
2	just	_	RB	RB	_	3	advmod	_	_
3	buy	_	VBD	VBD	_	0	root	_	_
4	a	_	DT	DT	_	6	det	_	_
5	new	_	JJ	JJ	_	6	amod	_	_
6	car	_	NN	NN	_	3	dobj	_	_
7	.	_	.	.	_	3	punct	_	_","['nsubj$@%she$@%buy', 'advmod$@%just$@%buy', 'root$@%buy$@%VROOT', 'det$@%a$@%car', 'amod$@%new$@%car', 'dobj$@%car$@%buy', 'punct$@%.$@%buy']","['x$@%she$@%buy', 'x$@%just$@%buy', 'x$@%buy$@%VROOT', 'x$@%a$@%car', 'x$@%new$@%car', 'x$@%car$@%buy', 'x$@%.$@%buy']","['x$@%she$@%x', 'x$@%just$@%x', 'x$@%buy$@%x', 'x$@%a$@%x', 'x$@%new$@%x', 'x$@%car$@%x', 'x$@%.$@%x']",0.020014791143737609,0.020244818968085943,0.004236704822066395
I14U-gNSC-p325-r1,The woman is buying a car from a salesman ,1,1,1,1,1,"1	the	_	DT	DT	_	2	det	_	_
2	woman	_	NN	NN	_	4	nsubj	_	_
3	be	_	VBZ	VBZ	_	4	aux	_	_
4	buy	_	VBG	VBG	_	0	root	_	_
5	a	_	DT	DT	_	6	det	_	_
6	car	_	NN	NN	_	4	dobj	_	_
7	from	_	IN	IN	_	0	erased	_	_
8	a	_	DT	DT	_	9	det	_	_
9	salesman	_	NN	NN	_	4	prep_from	_	_
10	.	_	.	.	_	4	punct	_	_","['det$@%the$@%woman', 'nsubj$@%woman$@%buy', 'aux$@%be$@%buy', 'root$@%buy$@%VROOT', 'det$@%a$@%car', 'dobj$@%car$@%buy', 'erased$@%from$@%WORDERASED', 'det$@%a$@%salesman', 'prep_from$@%salesman$@%buy', 'punct$@%.$@%buy']","['x$@%the$@%woman', 'x$@%woman$@%buy', 'x$@%be$@%buy', 'x$@%buy$@%VROOT', 'x$@%a$@%car', 'x$@%car$@%buy', 'x$@%from$@%WORDERASED', 'x$@%a$@%salesman', 'x$@%salesman$@%buy', 'x$@%.$@%buy']","['x$@%the$@%x', 'x$@%woman$@%x', 'x$@%be$@%x', 'x$@%buy$@%x', 'x$@%a$@%x', 'x$@%car$@%x', 'x$@%from$@%x', 'x$@%a$@%x', 'x$@%salesman$@%x', 'x$@%.$@%x']",0.0071323997872060341,0.0079098579699624638,0.0016154530733509809
I14U-gNSC-p334-r1,A woman is about to trade a piece of green paper with a dollar sign on it for a key chain with a miniature car. ,0,1,1,0,1,"1	a	_	DT	DT	_	2	det	_	_
2	woman	_	NN	NN	_	6	xsubj	_	_
3	be	_	VBZ	VBZ	_	4	aux	_	_
4	about	_	IN	IN	_	0	root	_	_
5	to	_	TO	TO	_	6	aux	_	_
6	trade	_	VB	VB	_	4	xcomp	_	_
7	a	_	DT	DT	_	8	det	_	_
8	piece	_	NN	NN	_	6	dobj	_	_
9	of	_	IN	IN	_	0	erased	_	_
10	green	_	JJ	JJ	_	11	amod	_	_
11	paper	_	NN	NN	_	8	prep_of	_	_
12	with	_	IN	IN	_	0	erased	_	_
13	a	_	DT	DT	_	15	det	_	_
14	dollar	_	NN	NN	_	15	nn	_	_
15	sign	_	NN	NN	_	6	prep_with	_	_
16	on	_	IN	IN	_	0	erased	_	_
17	it	_	PRP	PRP	_	15	prep_on	_	_
18	for	_	IN	IN	_	0	erased	_	_
19	a	_	DT	DT	_	21	det	_	_
20	key	_	JJ	JJ	_	21	amod	_	_
21	chain	_	NN	NN	_	6	prep_for	_	_
22	with	_	IN	IN	_	0	erased	_	_
23	a	_	DT	DT	_	25	det	_	_
24	miniature	_	JJ	JJ	_	25	amod	_	_
25	car	_	NN	NN	_	21	prep_with	_	_
26	.	_	.	.	_	4	punct	_	_","['det$@%a$@%woman', 'xsubj$@%woman$@%trade', 'aux$@%be$@%about', 'root$@%about$@%VROOT', 'aux$@%to$@%trade', 'xcomp$@%trade$@%about', 'det$@%a$@%piece', 'dobj$@%piece$@%trade', 'erased$@%of$@%WORDERASED', 'amod$@%green$@%paper', 'prep_of$@%paper$@%piece', 'erased$@%with$@%WORDERASED', 'det$@%a$@%sign', 'nn$@%dollar$@%sign', 'prep_with$@%sign$@%trade', 'erased$@%on$@%WORDERASED', 'prep_on$@%it$@%sign', 'erased$@%for$@%WORDERASED', 'det$@%a$@%chain', 'amod$@%key$@%chain', 'prep_for$@%chain$@%trade', 'erased$@%with$@%WORDERASED', 'det$@%a$@%car', 'amod$@%miniature$@%car', 'prep_with$@%car$@%chain', 'punct$@%.$@%about']","['x$@%a$@%woman', 'x$@%woman$@%trade', 'x$@%be$@%about', 'x$@%about$@%VROOT', 'x$@%to$@%trade', 'x$@%trade$@%about', 'x$@%a$@%piece', 'x$@%piece$@%trade', 'x$@%of$@%WORDERASED', 'x$@%green$@%paper', 'x$@%paper$@%piece', 'x$@%with$@%WORDERASED', 'x$@%a$@%sign', 'x$@%dollar$@%sign', 'x$@%sign$@%trade', 'x$@%on$@%WORDERASED', 'x$@%it$@%sign', 'x$@%for$@%WORDERASED', 'x$@%a$@%chain', 'x$@%key$@%chain', 'x$@%chain$@%trade', 'x$@%with$@%WORDERASED', 'x$@%a$@%car', 'x$@%miniature$@%car', 'x$@%car$@%chain', 'x$@%.$@%about']","['x$@%a$@%x', 'x$@%woman$@%x', 'x$@%be$@%x', 'x$@%about$@%x', 'x$@%to$@%x', 'x$@%trade$@%x', 'x$@%a$@%x', 'x$@%piece$@%x', 'x$@%of$@%x', 'x$@%green$@%x', 'x$@%paper$@%x', 'x$@%with$@%x', 'x$@%a$@%x', 'x$@%dollar$@%x', 'x$@%sign$@%x', 'x$@%on$@%x', 'x$@%it$@%x', 'x$@%for$@%x', 'x$@%a$@%x', 'x$@%key$@%x', 'x$@%chain$@%x', 'x$@%with$@%x', 'x$@%a$@%x', 'x$@%miniature$@%x', 'x$@%car$@%x', 'x$@%.$@%x']",0.038908304194021248,0.029507974332298792,0.0043684318682994938
I14U-gNSC-p343-r1,The lady is buying a brand new car,1,1,1,0,1,"1	the	_	DT	DT	_	2	det	_	_
2	lady	_	NN	NN	_	4	nsubj	_	_
3	be	_	VBZ	VBZ	_	4	aux	_	_
4	buy	_	VBG	VBG	_	0	root	_	_
5	a	_	DT	DT	_	8	det	_	_
6	brand	_	NN	NN	_	8	nn	_	_
7	new	_	JJ	JJ	_	8	amod	_	_
8	car	_	NN	NN	_	4	dobj	_	_
9	.	_	.	.	_	4	punct	_	_","['det$@%the$@%lady', 'nsubj$@%lady$@%buy', 'aux$@%be$@%buy', 'root$@%buy$@%VROOT', 'det$@%a$@%car', 'nn$@%brand$@%car', 'amod$@%new$@%car', 'dobj$@%car$@%buy', 'punct$@%.$@%buy']","['x$@%the$@%lady', 'x$@%lady$@%buy', 'x$@%be$@%buy', 'x$@%buy$@%VROOT', 'x$@%a$@%car', 'x$@%brand$@%car', 'x$@%new$@%car', 'x$@%car$@%buy', 'x$@%.$@%buy']","['x$@%the$@%x', 'x$@%lady$@%x', 'x$@%be$@%x', 'x$@%buy$@%x', 'x$@%a$@%x', 'x$@%brand$@%x', 'x$@%new$@%x', 'x$@%car$@%x', 'x$@%.$@%x']",0.018760312582377314,0.017059696774133992,0.0034525015806102788
I14U-gNSC-p344-r1,woman is buying a car,1,1,0,0,1,"1	woman	_	NN	NN	_	3	nsubj	_	_
2	be	_	VBZ	VBZ	_	3	aux	_	_
3	buy	_	VBG	VBG	_	0	root	_	_
4	a	_	DT	DT	_	5	det	_	_
5	car	_	NN	NN	_	3	dobj	_	_
6	.	_	.	.	_	3	punct	_	_","['nsubj$@%woman$@%buy', 'aux$@%be$@%buy', 'root$@%buy$@%VROOT', 'det$@%a$@%car', 'dobj$@%car$@%buy', 'punct$@%.$@%buy']","['x$@%woman$@%buy', 'x$@%be$@%buy', 'x$@%buy$@%VROOT', 'x$@%a$@%car', 'x$@%car$@%buy', 'x$@%.$@%buy']","['x$@%woman$@%x', 'x$@%be$@%x', 'x$@%buy$@%x', 'x$@%a$@%x', 'x$@%car$@%x', 'x$@%.$@%x']",0.038565275141342892,0.026744141791170239,0.0029781148680876335
I14U-gNSC-p352-r1,A woman is buying a car. ,1,1,1,0,1,"1	a	_	DT	DT	_	2	det	_	_
2	woman	_	NN	NN	_	4	nsubj	_	_
3	be	_	VBZ	VBZ	_	4	aux	_	_
4	buy	_	VBG	VBG	_	0	root	_	_
5	a	_	DT	DT	_	6	det	_	_
6	car	_	NN	NN	_	4	dobj	_	_
7	.	_	.	.	_	4	punct	_	_","['det$@%a$@%woman', 'nsubj$@%woman$@%buy', 'aux$@%be$@%buy', 'root$@%buy$@%VROOT', 'det$@%a$@%car', 'dobj$@%car$@%buy', 'punct$@%.$@%buy']","['x$@%a$@%woman', 'x$@%woman$@%buy', 'x$@%be$@%buy', 'x$@%buy$@%VROOT', 'x$@%a$@%car', 'x$@%car$@%buy', 'x$@%.$@%buy']","['x$@%a$@%x', 'x$@%woman$@%x', 'x$@%be$@%x', 'x$@%buy$@%x', 'x$@%a$@%x', 'x$@%car$@%x', 'x$@%.$@%x']",0.02342406719335266,0.017511564895649756,0.0027045079119795146
I14U-gNSC-p355-r1,A woman bought a new car.,1,1,1,0,1,"1	a	_	DT	DT	_	2	det	_	_
2	woman	_	NN	NN	_	3	nsubj	_	_
3	buy	_	VBD	VBD	_	0	root	_	_
4	a	_	DT	DT	_	6	det	_	_
5	new	_	JJ	JJ	_	6	amod	_	_
6	car	_	NN	NN	_	3	dobj	_	_
7	.	_	.	.	_	3	punct	_	_","['det$@%a$@%woman', 'nsubj$@%woman$@%buy', 'root$@%buy$@%VROOT', 'det$@%a$@%car', 'amod$@%new$@%car', 'dobj$@%car$@%buy', 'punct$@%.$@%buy']","['x$@%a$@%woman', 'x$@%woman$@%buy', 'x$@%buy$@%VROOT', 'x$@%a$@%car', 'x$@%new$@%car', 'x$@%car$@%buy', 'x$@%.$@%buy']","['x$@%a$@%x', 'x$@%woman$@%x', 'x$@%buy$@%x', 'x$@%a$@%x', 'x$@%new$@%x', 'x$@%car$@%x', 'x$@%.$@%x']",0.013914764822292813,0.011399115045167663,0.0031241836976619863
I14U-gNSC-p356-r1,A man sold a car to a woman. ,1,0,1,1,1,"1	a	_	DT	DT	_	2	det	_	_
2	man	_	NN	NN	_	3	nsubj	_	_
3	sell	_	VBD	VBD	_	0	root	_	_
4	a	_	DT	DT	_	5	det	_	_
5	car	_	NN	NN	_	3	dobj	_	_
6	to	_	TO	TO	_	0	erased	_	_
7	a	_	DT	DT	_	8	det	_	_
8	woman	_	NN	NN	_	3	prep_to	_	_
9	.	_	.	.	_	3	punct	_	_","['det$@%a$@%man', 'nsubj$@%man$@%sell', 'root$@%sell$@%VROOT', 'det$@%a$@%car', 'dobj$@%car$@%sell', 'erased$@%to$@%WORDERASED', 'det$@%a$@%woman', 'prep_to$@%woman$@%sell', 'punct$@%.$@%sell']","['x$@%a$@%man', 'x$@%man$@%sell', 'x$@%sell$@%VROOT', 'x$@%a$@%car', 'x$@%car$@%sell', 'x$@%to$@%WORDERASED', 'x$@%a$@%woman', 'x$@%woman$@%sell', 'x$@%.$@%sell']","['x$@%a$@%x', 'x$@%man$@%x', 'x$@%sell$@%x', 'x$@%a$@%x', 'x$@%car$@%x', 'x$@%to$@%x', 'x$@%a$@%x', 'x$@%woman$@%x', 'x$@%.$@%x']",0.041338873314016533,0.04312115403176775,0.004430240788068418
I14U-gNSC-p358-r1,A women buying a car,1,1,0,0,0,"1	a	_	DT	DT	_	2	det	_	_
2	woman	_	NNS	NNS	_	0	root	_	_
3	buy	_	VBG	VBG	_	2	partmod	_	_
4	a	_	DT	DT	_	5	det	_	_
5	car	_	NN	NN	_	3	dobj	_	_
6	.	_	.	.	_	2	punct	_	_","['det$@%a$@%woman', 'root$@%woman$@%VROOT', 'partmod$@%buy$@%woman', 'det$@%a$@%car', 'dobj$@%car$@%buy', 'punct$@%.$@%woman']","['x$@%a$@%woman', 'x$@%woman$@%VROOT', 'x$@%buy$@%woman', 'x$@%a$@%car', 'x$@%car$@%buy', 'x$@%.$@%woman']","['x$@%a$@%x', 'x$@%woman$@%x', 'x$@%buy$@%x', 'x$@%a$@%x', 'x$@%car$@%x', 'x$@%.$@%x']",0.032842847326934543,0.029300204989235801,0.0046702336559387714
I14U-gNSC-p359-r1,A man is selling a car to a lady.,1,1,1,1,1,"1	a	_	DT	DT	_	2	det	_	_
2	man	_	NN	NN	_	4	nsubj	_	_
3	be	_	VBZ	VBZ	_	4	aux	_	_
4	sell	_	VBG	VBG	_	0	root	_	_
5	a	_	DT	DT	_	6	det	_	_
6	car	_	NN	NN	_	4	dobj	_	_
7	to	_	TO	TO	_	0	erased	_	_
8	a	_	DT	DT	_	9	det	_	_
9	lady	_	NN	NN	_	4	prep_to	_	_
10	.	_	.	.	_	4	punct	_	_","['det$@%a$@%man', 'nsubj$@%man$@%sell', 'aux$@%be$@%sell', 'root$@%sell$@%VROOT', 'det$@%a$@%car', 'dobj$@%car$@%sell', 'erased$@%to$@%WORDERASED', 'det$@%a$@%lady', 'prep_to$@%lady$@%sell', 'punct$@%.$@%sell']","['x$@%a$@%man', 'x$@%man$@%sell', 'x$@%be$@%sell', 'x$@%sell$@%VROOT', 'x$@%a$@%car', 'x$@%car$@%sell', 'x$@%to$@%WORDERASED', 'x$@%a$@%lady', 'x$@%lady$@%sell', 'x$@%.$@%sell']","['x$@%a$@%x', 'x$@%man$@%x', 'x$@%be$@%x', 'x$@%sell$@%x', 'x$@%a$@%x', 'x$@%car$@%x', 'x$@%to$@%x', 'x$@%a$@%x', 'x$@%lady$@%x', 'x$@%.$@%x']",0.05514965888135881,0.056527040932383033,0.0039320049551845315
I14U-gNSC-p363-r1,The sales woman is handing the new car owner some cash back. ,0,1,1,1,0,"1	the	_	DT	DT	_	3	det	_	_
2	sale	_	NNS	NNS	_	3	nn	_	_
3	woman	_	NN	NN	_	5	nsubj	_	_
4	be	_	VBZ	VBZ	_	5	aux	_	_
5	hand	_	VBG	VBG	_	0	root	_	_
6	the	_	DT	DT	_	9	det	_	_
7	new	_	JJ	JJ	_	9	amod	_	_
8	car	_	NN	NN	_	9	nn	_	_
9	owner	_	NN	NN	_	5	dobj	_	_
10	some	_	DT	DT	_	11	det	_	_
11	cash	_	NN	NN	_	12	npadvmod	_	_
12	back	_	RB	RB	_	5	advmod	_	_
13	.	_	.	.	_	5	punct	_	_","['det$@%the$@%woman', 'nn$@%sale$@%woman', 'nsubj$@%woman$@%hand', 'aux$@%be$@%hand', 'root$@%hand$@%VROOT', 'det$@%the$@%owner', 'amod$@%new$@%owner', 'nn$@%car$@%owner', 'dobj$@%owner$@%hand', 'det$@%some$@%cash', 'npadvmod$@%cash$@%back', 'advmod$@%back$@%hand', 'punct$@%.$@%hand']","['x$@%the$@%woman', 'x$@%sale$@%woman', 'x$@%woman$@%hand', 'x$@%be$@%hand', 'x$@%hand$@%VROOT', 'x$@%the$@%owner', 'x$@%new$@%owner', 'x$@%car$@%owner', 'x$@%owner$@%hand', 'x$@%some$@%cash', 'x$@%cash$@%back', 'x$@%back$@%hand', 'x$@%.$@%hand']","['x$@%the$@%x', 'x$@%sale$@%x', 'x$@%woman$@%x', 'x$@%be$@%x', 'x$@%hand$@%x', 'x$@%the$@%x', 'x$@%new$@%x', 'x$@%car$@%x', 'x$@%owner$@%x', 'x$@%some$@%x', 'x$@%cash$@%x', 'x$@%back$@%x', 'x$@%.$@%x']",0.052404042417429686,0.043076465408578679,0.0043313038068467646
I14U-gNSC-p364-r1,The woman has just purchased the red car.,1,0,1,0,1,"1	the	_	DT	DT	_	2	det	_	_
2	woman	_	NN	NN	_	5	nsubj	_	_
3	have	_	VBZ	VBZ	_	5	aux	_	_
4	just	_	RB	RB	_	5	advmod	_	_
5	purchase	_	VBN	VBN	_	0	root	_	_
6	the	_	DT	DT	_	8	det	_	_
7	red	_	JJ	JJ	_	8	amod	_	_
8	car	_	NN	NN	_	5	dobj	_	_
9	.	_	.	.	_	5	punct	_	_","['det$@%the$@%woman', 'nsubj$@%woman$@%purchase', 'aux$@%have$@%purchase', 'advmod$@%just$@%purchase', 'root$@%purchase$@%VROOT', 'det$@%the$@%car', 'amod$@%red$@%car', 'dobj$@%car$@%purchase', 'punct$@%.$@%purchase']","['x$@%the$@%woman', 'x$@%woman$@%purchase', 'x$@%have$@%purchase', 'x$@%just$@%purchase', 'x$@%purchase$@%VROOT', 'x$@%the$@%car', 'x$@%red$@%car', 'x$@%car$@%purchase', 'x$@%.$@%purchase']","['x$@%the$@%x', 'x$@%woman$@%x', 'x$@%have$@%x', 'x$@%just$@%x', 'x$@%purchase$@%x', 'x$@%the$@%x', 'x$@%red$@%x', 'x$@%car$@%x', 'x$@%.$@%x']",0.045998451478027946,0.063202359088429527,0.0075485617728103804
I14U-gNSC-p365-r1,This woman is paying for a new car.,1,1,1,0,1,"1	this	_	DT	DT	_	2	det	_	_
2	woman	_	NN	NN	_	4	nsubj	_	_
3	be	_	VBZ	VBZ	_	4	aux	_	_
4	pay	_	VBG	VBG	_	0	root	_	_
5	for	_	IN	IN	_	0	erased	_	_
6	a	_	DT	DT	_	8	det	_	_
7	new	_	JJ	JJ	_	8	amod	_	_
8	car	_	NN	NN	_	4	prep_for	_	_
9	.	_	.	.	_	4	punct	_	_","['det$@%this$@%woman', 'nsubj$@%woman$@%pay', 'aux$@%be$@%pay', 'root$@%pay$@%VROOT', 'erased$@%for$@%WORDERASED', 'det$@%a$@%car', 'amod$@%new$@%car', 'prep_for$@%car$@%pay', 'punct$@%.$@%pay']","['x$@%this$@%woman', 'x$@%woman$@%pay', 'x$@%be$@%pay', 'x$@%pay$@%VROOT', 'x$@%for$@%WORDERASED', 'x$@%a$@%car', 'x$@%new$@%car', 'x$@%car$@%pay', 'x$@%.$@%pay']","['x$@%this$@%x', 'x$@%woman$@%x', 'x$@%be$@%x', 'x$@%pay$@%x', 'x$@%for$@%x', 'x$@%a$@%x', 'x$@%new$@%x', 'x$@%car$@%x', 'x$@%.$@%x']",0.023461475517836061,0.019820476597206427,0.0015488494713095102
I14U-gNSC-p367-r1,Woman buying a car,1,1,0,0,1,"1	woman	_	NNP	NNP	_	0	root	_	_
2	buy	_	VBG	VBG	_	1	partmod	_	_
3	a	_	DT	DT	_	4	det	_	_
4	car	_	NN	NN	_	2	dobj	_	_
5	.	_	.	.	_	1	punct	_	_","['root$@%woman$@%VROOT', 'partmod$@%buy$@%woman', 'det$@%a$@%car', 'dobj$@%car$@%buy', 'punct$@%.$@%woman']","['x$@%woman$@%VROOT', 'x$@%buy$@%woman', 'x$@%a$@%car', 'x$@%car$@%buy', 'x$@%.$@%woman']","['x$@%woman$@%x', 'x$@%buy$@%x', 'x$@%a$@%x', 'x$@%car$@%x', 'x$@%.$@%x']",0.033742650282773345,0.023345793171709706,0.0051934459674991551
I14U-gNSC-p370-r1,A woman is buying a car from a salesman,1,1,1,1,1,"1	a	_	DT	DT	_	2	det	_	_
2	woman	_	NN	NN	_	4	nsubj	_	_
3	be	_	VBZ	VBZ	_	4	aux	_	_
4	buy	_	VBG	VBG	_	0	root	_	_
5	a	_	DT	DT	_	6	det	_	_
6	car	_	NN	NN	_	4	dobj	_	_
7	from	_	IN	IN	_	0	erased	_	_
8	a	_	DT	DT	_	9	det	_	_
9	salesman	_	NN	NN	_	4	prep_from	_	_
10	.	_	.	.	_	4	punct	_	_","['det$@%a$@%woman', 'nsubj$@%woman$@%buy', 'aux$@%be$@%buy', 'root$@%buy$@%VROOT', 'det$@%a$@%car', 'dobj$@%car$@%buy', 'erased$@%from$@%WORDERASED', 'det$@%a$@%salesman', 'prep_from$@%salesman$@%buy', 'punct$@%.$@%buy']","['x$@%a$@%woman', 'x$@%woman$@%buy', 'x$@%be$@%buy', 'x$@%buy$@%VROOT', 'x$@%a$@%car', 'x$@%car$@%buy', 'x$@%from$@%WORDERASED', 'x$@%a$@%salesman', 'x$@%salesman$@%buy', 'x$@%.$@%buy']","['x$@%a$@%x', 'x$@%woman$@%x', 'x$@%be$@%x', 'x$@%buy$@%x', 'x$@%a$@%x', 'x$@%car$@%x', 'x$@%from$@%x', 'x$@%a$@%x', 'x$@%salesman$@%x', 'x$@%.$@%x']",0.0089032530450100511,0.010636430719471734,0.0034546218768080061
I14U-gNSC-p374-r1,The woman is buying a car.,1,1,1,0,1,"1	the	_	DT	DT	_	2	det	_	_
2	woman	_	NN	NN	_	4	nsubj	_	_
3	be	_	VBZ	VBZ	_	4	aux	_	_
4	buy	_	VBG	VBG	_	0	root	_	_
5	a	_	DT	DT	_	6	det	_	_
6	car	_	NN	NN	_	4	dobj	_	_
7	.	_	.	.	_	4	punct	_	_","['det$@%the$@%woman', 'nsubj$@%woman$@%buy', 'aux$@%be$@%buy', 'root$@%buy$@%VROOT', 'det$@%a$@%car', 'dobj$@%car$@%buy', 'punct$@%.$@%buy']","['x$@%the$@%woman', 'x$@%woman$@%buy', 'x$@%be$@%buy', 'x$@%buy$@%VROOT', 'x$@%a$@%car', 'x$@%car$@%buy', 'x$@%.$@%buy']","['x$@%the$@%x', 'x$@%woman$@%x', 'x$@%be$@%x', 'x$@%buy$@%x', 'x$@%a$@%x', 'x$@%car$@%x', 'x$@%.$@%x']",0.020791005051667422,0.014702980261477983,0.0010979658566998562
I14U-gNSC-p377-r1,car,0,0,0,0,0,"1	car	_	NN	NN	_	0	root	_	_
2	.	_	.	.	_	1	punct	_	_","['root$@%car$@%VROOT', 'punct$@%.$@%car']","['x$@%car$@%VROOT', 'x$@%.$@%car']","['x$@%car$@%x', 'x$@%.$@%x']",0.1137720055406215,0.08480081308197629,0.02847316378803344
I14U-gNSC-p379-r1,The woman is receiving the keys to her new car.,1,1,1,0,1,"1	the	_	DT	DT	_	2	det	_	_
2	woman	_	NN	NN	_	4	nsubj	_	_
3	be	_	VBZ	VBZ	_	4	aux	_	_
4	receive	_	VBG	VBG	_	0	root	_	_
5	the	_	DT	DT	_	6	det	_	_
6	key	_	NNS	NNS	_	4	dobj	_	_
7	to	_	TO	TO	_	0	erased	_	_
8	she	_	PRP$	PRP$	_	10	poss	_	_
9	new	_	JJ	JJ	_	10	amod	_	_
10	car	_	NN	NN	_	4	prep_to	_	_
11	.	_	.	.	_	4	punct	_	_","['det$@%the$@%woman', 'nsubj$@%woman$@%receive', 'aux$@%be$@%receive', 'root$@%receive$@%VROOT', 'det$@%the$@%key', 'dobj$@%key$@%receive', 'erased$@%to$@%WORDERASED', 'poss$@%she$@%car', 'amod$@%new$@%car', 'prep_to$@%car$@%receive', 'punct$@%.$@%receive']","['x$@%the$@%woman', 'x$@%woman$@%receive', 'x$@%be$@%receive', 'x$@%receive$@%VROOT', 'x$@%the$@%key', 'x$@%key$@%receive', 'x$@%to$@%WORDERASED', 'x$@%she$@%car', 'x$@%new$@%car', 'x$@%car$@%receive', 'x$@%.$@%receive']","['x$@%the$@%x', 'x$@%woman$@%x', 'x$@%be$@%x', 'x$@%receive$@%x', 'x$@%the$@%x', 'x$@%key$@%x', 'x$@%to$@%x', 'x$@%she$@%x', 'x$@%new$@%x', 'x$@%car$@%x', 'x$@%.$@%x']",0.083861075009927344,0.09561943597798872,0.010238159257231594
I14U-gNSC-p380-r1,A man borrowed money from a woman,0,0,1,1,0,"1	a	_	DT	DT	_	2	det	_	_
2	man	_	NN	NN	_	3	nsubj	_	_
3	borrow	_	VBD	VBD	_	0	root	_	_
4	money	_	NN	NN	_	3	dobj	_	_
5	from	_	IN	IN	_	0	erased	_	_
6	a	_	DT	DT	_	7	det	_	_
7	woman	_	NN	NN	_	3	prep_from	_	_
8	.	_	.	.	_	3	punct	_	_","['det$@%a$@%man', 'nsubj$@%man$@%borrow', 'root$@%borrow$@%VROOT', 'dobj$@%money$@%borrow', 'erased$@%from$@%WORDERASED', 'det$@%a$@%woman', 'prep_from$@%woman$@%borrow', 'punct$@%.$@%borrow']","['x$@%a$@%man', 'x$@%man$@%borrow', 'x$@%borrow$@%VROOT', 'x$@%money$@%borrow', 'x$@%from$@%WORDERASED', 'x$@%a$@%woman', 'x$@%woman$@%borrow', 'x$@%.$@%borrow']","['x$@%a$@%x', 'x$@%man$@%x', 'x$@%borrow$@%x', 'x$@%money$@%x', 'x$@%from$@%x', 'x$@%a$@%x', 'x$@%woman$@%x', 'x$@%.$@%x']",0.085830849016433008,0.092706601547886347,0.012592470083720886
I14U-gNSC-p383-r1,This woman is buying a red car.,1,1,1,0,1,"1	this	_	DT	DT	_	2	det	_	_
2	woman	_	NN	NN	_	4	nsubj	_	_
3	be	_	VBZ	VBZ	_	4	aux	_	_
4	buy	_	VBG	VBG	_	0	root	_	_
5	a	_	DT	DT	_	7	det	_	_
6	red	_	JJ	JJ	_	7	amod	_	_
7	car	_	NN	NN	_	4	dobj	_	_
8	.	_	.	.	_	4	punct	_	_","['det$@%this$@%woman', 'nsubj$@%woman$@%buy', 'aux$@%be$@%buy', 'root$@%buy$@%VROOT', 'det$@%a$@%car', 'amod$@%red$@%car', 'dobj$@%car$@%buy', 'punct$@%.$@%buy']","['x$@%this$@%woman', 'x$@%woman$@%buy', 'x$@%be$@%buy', 'x$@%buy$@%VROOT', 'x$@%a$@%car', 'x$@%red$@%car', 'x$@%car$@%buy', 'x$@%.$@%buy']","['x$@%this$@%x', 'x$@%woman$@%x', 'x$@%be$@%x', 'x$@%buy$@%x', 'x$@%a$@%x', 'x$@%red$@%x', 'x$@%car$@%x', 'x$@%.$@%x']",0.012574045204500672,0.0093466095454077802,0.0012120750696400506
I14U-gNSC-p385-r1,THE SALESMAN JUST SOLD THE CAR.,1,0,1,0,1,"1	the	_	DT	DT	_	3	det	_	_
2	salesman	_	NNP	NNP	_	3	nn	_	_
3	just	_	NNP	NNP	_	4	nsubj	_	_
4	sell	_	VBD	VBD	_	0	root	_	_
5	the	_	DT	DT	_	6	det	_	_
6	car	_	NNP	NNP	_	4	dobj	_	_
7	.	_	.	.	_	4	punct	_	_","['det$@%the$@%just', 'nn$@%salesman$@%just', 'nsubj$@%just$@%sell', 'root$@%sell$@%VROOT', 'det$@%the$@%car', 'dobj$@%car$@%sell', 'punct$@%.$@%sell']","['x$@%the$@%just', 'x$@%salesman$@%just', 'x$@%just$@%sell', 'x$@%sell$@%VROOT', 'x$@%the$@%car', 'x$@%car$@%sell', 'x$@%.$@%sell']","['x$@%the$@%x', 'x$@%salesman$@%x', 'x$@%just$@%x', 'x$@%sell$@%x', 'x$@%the$@%x', 'x$@%car$@%x', 'x$@%.$@%x']",0.079629872788524958,0.084577131358051227,0.014628475854684186
I14U-gNSC-p387-r1,She has purchased a new car.,1,0,1,0,1,"1	she	_	PRP	PRP	_	3	nsubj	_	_
2	have	_	VBZ	VBZ	_	3	aux	_	_
3	purchase	_	VBN	VBN	_	0	root	_	_
4	a	_	DT	DT	_	6	det	_	_
5	new	_	JJ	JJ	_	6	amod	_	_
6	car	_	NN	NN	_	3	dobj	_	_
7	.	_	.	.	_	3	punct	_	_","['nsubj$@%she$@%purchase', 'aux$@%have$@%purchase', 'root$@%purchase$@%VROOT', 'det$@%a$@%car', 'amod$@%new$@%car', 'dobj$@%car$@%purchase', 'punct$@%.$@%purchase']","['x$@%she$@%purchase', 'x$@%have$@%purchase', 'x$@%purchase$@%VROOT', 'x$@%a$@%car', 'x$@%new$@%car', 'x$@%car$@%purchase', 'x$@%.$@%purchase']","['x$@%she$@%x', 'x$@%have$@%x', 'x$@%purchase$@%x', 'x$@%a$@%x', 'x$@%new$@%x', 'x$@%car$@%x', 'x$@%.$@%x']",0.059066496886808539,0.075945461802883418,0.008669613829406897
I14U-gNSC-p390-r1,Extended warranty?,0,0,0,0,0,"1	extended	_	JJ	JJ	_	2	amod	_	_
2	warranty	_	NN	NN	_	0	root	_	_
3	?	_	.	.	_	2	punct	_	_","['amod$@%extended$@%warranty', 'root$@%warranty$@%VROOT', 'punct$@%?$@%warranty']","['x$@%extended$@%warranty', 'x$@%warranty$@%VROOT', 'x$@%?$@%warranty']","['x$@%extended$@%x', 'x$@%warranty$@%x', 'x$@%?$@%x']",0.11752652174666278,0.13362164301407642,0.044925521162774373
I14U-gNSC-p393-r1,The business woman is purchasing a red car.,1,1,1,0,1,"1	the	_	DT	DT	_	3	det	_	_
2	business	_	NN	NN	_	3	nn	_	_
3	woman	_	NN	NN	_	5	nsubj	_	_
4	be	_	VBZ	VBZ	_	5	aux	_	_
5	purchase	_	VBG	VBG	_	0	root	_	_
6	a	_	DT	DT	_	8	det	_	_
7	red	_	JJ	JJ	_	8	amod	_	_
8	car	_	NN	NN	_	5	dobj	_	_
9	.	_	.	.	_	5	punct	_	_","['det$@%the$@%woman', 'nn$@%business$@%woman', 'nsubj$@%woman$@%purchase', 'aux$@%be$@%purchase', 'root$@%purchase$@%VROOT', 'det$@%a$@%car', 'amod$@%red$@%car', 'dobj$@%car$@%purchase', 'punct$@%.$@%purchase']","['x$@%the$@%woman', 'x$@%business$@%woman', 'x$@%woman$@%purchase', 'x$@%be$@%purchase', 'x$@%purchase$@%VROOT', 'x$@%a$@%car', 'x$@%red$@%car', 'x$@%car$@%purchase', 'x$@%.$@%purchase']","['x$@%the$@%x', 'x$@%business$@%x', 'x$@%woman$@%x', 'x$@%be$@%x', 'x$@%purchase$@%x', 'x$@%a$@%x', 'x$@%red$@%x', 'x$@%car$@%x', 'x$@%.$@%x']",0.031199078910241096,0.044250829881638865,0.0063031755222402452
I14U-gNSC-p394-r1,The woman bought a car from the man,1,0,1,1,1,"1	the	_	DT	DT	_	2	det	_	_
2	woman	_	NN	NN	_	3	nsubj	_	_
3	buy	_	VBD	VBD	_	0	root	_	_
4	a	_	DT	DT	_	5	det	_	_
5	car	_	NN	NN	_	3	dobj	_	_
6	from	_	IN	IN	_	0	erased	_	_
7	the	_	DT	DT	_	8	det	_	_
8	man	_	NN	NN	_	3	prep_from	_	_
9	.	_	.	.	_	3	punct	_	_","['det$@%the$@%woman', 'nsubj$@%woman$@%buy', 'root$@%buy$@%VROOT', 'det$@%a$@%car', 'dobj$@%car$@%buy', 'erased$@%from$@%WORDERASED', 'det$@%the$@%man', 'prep_from$@%man$@%buy', 'punct$@%.$@%buy']","['x$@%the$@%woman', 'x$@%woman$@%buy', 'x$@%buy$@%VROOT', 'x$@%a$@%car', 'x$@%car$@%buy', 'x$@%from$@%WORDERASED', 'x$@%the$@%man', 'x$@%man$@%buy', 'x$@%.$@%buy']","['x$@%the$@%x', 'x$@%woman$@%x', 'x$@%buy$@%x', 'x$@%a$@%x', 'x$@%car$@%x', 'x$@%from$@%x', 'x$@%the$@%x', 'x$@%man$@%x', 'x$@%.$@%x']",0.0076242842071949646,0.0099400051750627716,0.0020101536677243903
I14U-gNSC-p396-r1,A man is selling a car,1,1,1,0,1,"1	a	_	DT	DT	_	2	det	_	_
2	man	_	NN	NN	_	4	nsubj	_	_
3	be	_	VBZ	VBZ	_	4	aux	_	_
4	sell	_	VBG	VBG	_	0	root	_	_
5	a	_	DT	DT	_	6	det	_	_
6	car	_	NN	NN	_	4	dobj	_	_
7	.	_	.	.	_	4	punct	_	_","['det$@%a$@%man', 'nsubj$@%man$@%sell', 'aux$@%be$@%sell', 'root$@%sell$@%VROOT', 'det$@%a$@%car', 'dobj$@%car$@%sell', 'punct$@%.$@%sell']","['x$@%a$@%man', 'x$@%man$@%sell', 'x$@%be$@%sell', 'x$@%sell$@%VROOT', 'x$@%a$@%car', 'x$@%car$@%sell', 'x$@%.$@%sell']","['x$@%a$@%x', 'x$@%man$@%x', 'x$@%be$@%x', 'x$@%sell$@%x', 'x$@%a$@%x', 'x$@%car$@%x', 'x$@%.$@%x']",0.05709512024747021,0.064090205954916657,0.0042591918594990785
I14U-gNSC-p401-r1,A woman just bought a new car!,1,0,1,0,1,"1	a	_	DT	DT	_	2	det	_	_
2	woman	_	NN	NN	_	4	nsubj	_	_
3	just	_	RB	RB	_	4	advmod	_	_
4	buy	_	VBD	VBD	_	0	root	_	_
5	a	_	DT	DT	_	7	det	_	_
6	new	_	JJ	JJ	_	7	amod	_	_
7	car	_	NN	NN	_	4	dobj	_	_
8	!	_	.	.	_	4	punct	_	_","['det$@%a$@%woman', 'nsubj$@%woman$@%buy', 'advmod$@%just$@%buy', 'root$@%buy$@%VROOT', 'det$@%a$@%car', 'amod$@%new$@%car', 'dobj$@%car$@%buy', 'punct$@%!$@%buy']","['x$@%a$@%woman', 'x$@%woman$@%buy', 'x$@%just$@%buy', 'x$@%buy$@%VROOT', 'x$@%a$@%car', 'x$@%new$@%car', 'x$@%car$@%buy', 'x$@%!$@%buy']","['x$@%a$@%x', 'x$@%woman$@%x', 'x$@%just$@%x', 'x$@%buy$@%x', 'x$@%a$@%x', 'x$@%new$@%x', 'x$@%car$@%x', 'x$@%!$@%x']",0.016920095483379693,0.012780146633926792,0.0033424875144079103
I14U-gNSC-p405-r1,The girl bought a car. ,1,0,1,0,1,"1	the	_	DT	DT	_	2	det	_	_
2	girl	_	NN	NN	_	3	nsubj	_	_
3	buy	_	VBD	VBD	_	0	root	_	_
4	a	_	DT	DT	_	5	det	_	_
5	car	_	NN	NN	_	3	dobj	_	_
6	.	_	.	.	_	3	punct	_	_","['det$@%the$@%girl', 'nsubj$@%girl$@%buy', 'root$@%buy$@%VROOT', 'det$@%a$@%car', 'dobj$@%car$@%buy', 'punct$@%.$@%buy']","['x$@%the$@%girl', 'x$@%girl$@%buy', 'x$@%buy$@%VROOT', 'x$@%a$@%car', 'x$@%car$@%buy', 'x$@%.$@%buy']","['x$@%the$@%x', 'x$@%girl$@%x', 'x$@%buy$@%x', 'x$@%a$@%x', 'x$@%car$@%x', 'x$@%.$@%x']",0.032559855283969763,0.027575189251729193,0.0056107697256705391
I14U-gNSC-p407-r1,The woman is purchasing a car,1,1,1,0,1,"1	the	_	DT	DT	_	2	det	_	_
2	woman	_	NN	NN	_	4	nsubj	_	_
3	be	_	VBZ	VBZ	_	4	aux	_	_
4	purchase	_	VBG	VBG	_	0	root	_	_
5	a	_	DT	DT	_	6	det	_	_
6	car	_	NN	NN	_	4	dobj	_	_
7	.	_	.	.	_	4	punct	_	_","['det$@%the$@%woman', 'nsubj$@%woman$@%purchase', 'aux$@%be$@%purchase', 'root$@%purchase$@%VROOT', 'det$@%a$@%car', 'dobj$@%car$@%purchase', 'punct$@%.$@%purchase']","['x$@%the$@%woman', 'x$@%woman$@%purchase', 'x$@%be$@%purchase', 'x$@%purchase$@%VROOT', 'x$@%a$@%car', 'x$@%car$@%purchase', 'x$@%.$@%purchase']","['x$@%the$@%x', 'x$@%woman$@%x', 'x$@%be$@%x', 'x$@%purchase$@%x', 'x$@%a$@%x', 'x$@%car$@%x', 'x$@%.$@%x']",0.039428194016625562,0.05245021056735244,0.0027285257605015323
I14U-gNSC-p409-r1,A woman is buying a car.,1,1,1,0,1,"1	a	_	DT	DT	_	2	det	_	_
2	woman	_	NN	NN	_	4	nsubj	_	_
3	be	_	VBZ	VBZ	_	4	aux	_	_
4	buy	_	VBG	VBG	_	0	root	_	_
5	a	_	DT	DT	_	6	det	_	_
6	car	_	NN	NN	_	4	dobj	_	_
7	.	_	.	.	_	4	punct	_	_","['det$@%a$@%woman', 'nsubj$@%woman$@%buy', 'aux$@%be$@%buy', 'root$@%buy$@%VROOT', 'det$@%a$@%car', 'dobj$@%car$@%buy', 'punct$@%.$@%buy']","['x$@%a$@%woman', 'x$@%woman$@%buy', 'x$@%be$@%buy', 'x$@%buy$@%VROOT', 'x$@%a$@%car', 'x$@%car$@%buy', 'x$@%.$@%buy']","['x$@%a$@%x', 'x$@%woman$@%x', 'x$@%be$@%x', 'x$@%buy$@%x', 'x$@%a$@%x', 'x$@%car$@%x', 'x$@%.$@%x']",0.02342406719335266,0.017511564895649756,0.0027045079119795146
I14U-gNSC-p410-r1,The woman is paying money to drive the red car.,1,1,1,0,1,"1	the	_	DT	DT	_	2	det	_	_
2	woman	_	NN	NN	_	4	nsubj	_	_
3	be	_	VBZ	VBZ	_	4	aux	_	_
4	pay	_	VBG	VBG	_	0	root	_	_
5	money	_	NN	NN	_	4	dobj	_	_
6	to	_	TO	TO	_	7	aux	_	_
7	drive	_	VB	VB	_	4	xcomp	_	_
8	the	_	DT	DT	_	10	det	_	_
9	red	_	JJ	JJ	_	10	amod	_	_
10	car	_	NN	NN	_	7	dobj	_	_
11	.	_	.	.	_	4	punct	_	_","['det$@%the$@%woman', 'nsubj$@%woman$@%pay', 'aux$@%be$@%pay', 'root$@%pay$@%VROOT', 'dobj$@%money$@%pay', 'aux$@%to$@%drive', 'xcomp$@%drive$@%pay', 'det$@%the$@%car', 'amod$@%red$@%car', 'dobj$@%car$@%drive', 'punct$@%.$@%pay']","['x$@%the$@%woman', 'x$@%woman$@%pay', 'x$@%be$@%pay', 'x$@%pay$@%VROOT', 'x$@%money$@%pay', 'x$@%to$@%drive', 'x$@%drive$@%pay', 'x$@%the$@%car', 'x$@%red$@%car', 'x$@%car$@%drive', 'x$@%.$@%pay']","['x$@%the$@%x', 'x$@%woman$@%x', 'x$@%be$@%x', 'x$@%pay$@%x', 'x$@%money$@%x', 'x$@%to$@%x', 'x$@%drive$@%x', 'x$@%the$@%x', 'x$@%red$@%x', 'x$@%car$@%x', 'x$@%.$@%x']",0.018391822356897625,0.023535890936681403,0.0050434031225886633
I14U-gNSC-p411-r1,A woman is giving money to the man and he is giving her the keys to a car.,1,1,1,1,1,"1	a	_	DT	DT	_	2	det	_	_
2	woman	_	NN	NN	_	4	nsubj	_	_
3	be	_	VBZ	VBZ	_	4	aux	_	_
4	give	_	VBG	VBG	_	0	root	_	_
5	money	_	NN	NN	_	4	dobj	_	_
6	to	_	TO	TO	_	0	erased	_	_
7	the	_	DT	DT	_	8	det	_	_
8	man	_	NN	NN	_	4	prep_to	_	_
9	and	_	CC	CC	_	0	erased	_	_
10	he	_	PRP	PRP	_	12	nsubj	_	_
11	be	_	VBZ	VBZ	_	12	aux	_	_
12	give	_	VBG	VBG	_	4	conj_and	_	_
13	she	_	PRP	PRP	_	12	iobj	_	_
14	the	_	DT	DT	_	15	det	_	_
15	key	_	NNS	NNS	_	12	dobj	_	_
16	to	_	TO	TO	_	0	erased	_	_
17	a	_	DT	DT	_	18	det	_	_
18	car	_	NN	NN	_	15	prep_to	_	_
19	.	_	.	.	_	4	punct	_	_","['det$@%a$@%woman', 'nsubj$@%woman$@%give', 'aux$@%be$@%give', 'root$@%give$@%VROOT', 'dobj$@%money$@%give', 'erased$@%to$@%WORDERASED', 'det$@%the$@%man', 'prep_to$@%man$@%give', 'erased$@%and$@%WORDERASED', 'nsubj$@%he$@%give', 'aux$@%be$@%give', 'conj_and$@%give$@%give', 'iobj$@%she$@%give', 'det$@%the$@%key', 'dobj$@%key$@%give', 'erased$@%to$@%WORDERASED', 'det$@%a$@%car', 'prep_to$@%car$@%key', 'punct$@%.$@%give']","['x$@%a$@%woman', 'x$@%woman$@%give', 'x$@%be$@%give', 'x$@%give$@%VROOT', 'x$@%money$@%give', 'x$@%to$@%WORDERASED', 'x$@%the$@%man', 'x$@%man$@%give', 'x$@%and$@%WORDERASED', 'x$@%he$@%give', 'x$@%be$@%give', 'x$@%give$@%give', 'x$@%she$@%give', 'x$@%the$@%key', 'x$@%key$@%give', 'x$@%to$@%WORDERASED', 'x$@%a$@%car', 'x$@%car$@%key', 'x$@%.$@%give']","['x$@%a$@%x', 'x$@%woman$@%x', 'x$@%be$@%x', 'x$@%give$@%x', 'x$@%money$@%x', 'x$@%to$@%x', 'x$@%the$@%x', 'x$@%man$@%x', 'x$@%and$@%x', 'x$@%he$@%x', 'x$@%be$@%x', 'x$@%give$@%x', 'x$@%she$@%x', 'x$@%the$@%x', 'x$@%key$@%x', 'x$@%to$@%x', 'x$@%a$@%x', 'x$@%car$@%x', 'x$@%.$@%x']",0.057232484467901967,0.058448523980879297,0.0045107609010403005
I14U-gNSC-p413-r1,A woman buys a car.,1,0,1,0,1,"1	a	_	DT	DT	_	2	det	_	_
2	woman	_	NN	NN	_	3	nsubj	_	_
3	buy	_	VBZ	VBZ	_	0	root	_	_
4	a	_	DT	DT	_	5	det	_	_
5	car	_	NN	NN	_	3	dobj	_	_
6	.	_	.	.	_	3	punct	_	_","['det$@%a$@%woman', 'nsubj$@%woman$@%buy', 'root$@%buy$@%VROOT', 'det$@%a$@%car', 'dobj$@%car$@%buy', 'punct$@%.$@%buy']","['x$@%a$@%woman', 'x$@%woman$@%buy', 'x$@%buy$@%VROOT', 'x$@%a$@%car', 'x$@%car$@%buy', 'x$@%.$@%buy']","['x$@%a$@%x', 'x$@%woman$@%x', 'x$@%buy$@%x', 'x$@%a$@%x', 'x$@%car$@%x', 'x$@%.$@%x']",0.018950405741615883,0.016399263090630445,0.0046702336559387714
I14U-gNSC-p416-r1,Women buying a car from a man,1,1,0,1,0,"1	woman	_	NNP	NNP	_	0	root	_	_
2	buy	_	VBG	VBG	_	1	partmod	_	_
3	a	_	DT	DT	_	4	det	_	_
4	car	_	NN	NN	_	2	dobj	_	_
5	from	_	IN	IN	_	0	erased	_	_
6	a	_	DT	DT	_	7	det	_	_
7	man	_	NN	NN	_	2	prep_from	_	_
8	.	_	.	.	_	1	punct	_	_","['root$@%woman$@%VROOT', 'partmod$@%buy$@%woman', 'det$@%a$@%car', 'dobj$@%car$@%buy', 'erased$@%from$@%WORDERASED', 'det$@%a$@%man', 'prep_from$@%man$@%buy', 'punct$@%.$@%woman']","['x$@%woman$@%VROOT', 'x$@%buy$@%woman', 'x$@%a$@%car', 'x$@%car$@%buy', 'x$@%from$@%WORDERASED', 'x$@%a$@%man', 'x$@%man$@%buy', 'x$@%.$@%woman']","['x$@%woman$@%x', 'x$@%buy$@%x', 'x$@%a$@%x', 'x$@%car$@%x', 'x$@%from$@%x', 'x$@%a$@%x', 'x$@%man$@%x', 'x$@%.$@%x']",0.024060929214870019,0.022247556468409813,0.0056207634875881096
I14U-gNSC-p417-r1,She is buying a car,1,1,1,0,1,"1	she	_	PRP	PRP	_	3	nsubj	_	_
2	be	_	VBZ	VBZ	_	3	aux	_	_
3	buy	_	VBG	VBG	_	0	root	_	_
4	a	_	DT	DT	_	5	det	_	_
5	car	_	NN	NN	_	3	dobj	_	_
6	.	_	.	.	_	3	punct	_	_","['nsubj$@%she$@%buy', 'aux$@%be$@%buy', 'root$@%buy$@%VROOT', 'det$@%a$@%car', 'dobj$@%car$@%buy', 'punct$@%.$@%buy']","['x$@%she$@%buy', 'x$@%be$@%buy', 'x$@%buy$@%VROOT', 'x$@%a$@%car', 'x$@%car$@%buy', 'x$@%.$@%buy']","['x$@%she$@%x', 'x$@%be$@%x', 'x$@%buy$@%x', 'x$@%a$@%x', 'x$@%car$@%x', 'x$@%.$@%x']",0.042144801706700541,0.032107564628337415,0.0047381059494342459
I14U-gNSC-p418-r1,A woman is buying a car.,1,1,1,0,1,"1	a	_	DT	DT	_	2	det	_	_
2	woman	_	NN	NN	_	4	nsubj	_	_
3	be	_	VBZ	VBZ	_	4	aux	_	_
4	buy	_	VBG	VBG	_	0	root	_	_
5	a	_	DT	DT	_	6	det	_	_
6	car	_	NN	NN	_	4	dobj	_	_
7	.	_	.	.	_	4	punct	_	_","['det$@%a$@%woman', 'nsubj$@%woman$@%buy', 'aux$@%be$@%buy', 'root$@%buy$@%VROOT', 'det$@%a$@%car', 'dobj$@%car$@%buy', 'punct$@%.$@%buy']","['x$@%a$@%woman', 'x$@%woman$@%buy', 'x$@%be$@%buy', 'x$@%buy$@%VROOT', 'x$@%a$@%car', 'x$@%car$@%buy', 'x$@%.$@%buy']","['x$@%a$@%x', 'x$@%woman$@%x', 'x$@%be$@%x', 'x$@%buy$@%x', 'x$@%a$@%x', 'x$@%car$@%x', 'x$@%.$@%x']",0.02342406719335266,0.017511564895649756,0.0027045079119795146
I14U-gNSC-p420-r1,A woman is giving money to a salesman who is handing her a set of keys.,0,1,1,1,1,"1	a	_	DT	DT	_	2	det	_	_
2	woman	_	NN	NN	_	4	nsubj	_	_
3	be	_	VBZ	VBZ	_	4	aux	_	_
4	give	_	VBG	VBG	_	0	root	_	_
5	money	_	NN	NN	_	4	dobj	_	_
6	to	_	TO	TO	_	0	erased	_	_
7	a	_	DT	DT	_	8	det	_	_
8	salesman	_	NN	NN	_	11	nsubj	_	_
9	who	_	WP	WP	_	0	erased	_	_
10	be	_	VBZ	VBZ	_	11	aux	_	_
11	hand	_	VBG	VBG	_	8	rcmod	_	_
12	she	_	PRP	PRP	_	14	nsubj	_	_
13	a	_	DT	DT	_	14	det	_	_
14	set	_	NN	NN	_	11	xcomp	_	_
15	of	_	IN	IN	_	0	erased	_	_
16	key	_	NNS	NNS	_	14	prep_of	_	_
17	.	_	.	.	_	4	punct	_	_","['det$@%a$@%woman', 'nsubj$@%woman$@%give', 'aux$@%be$@%give', 'root$@%give$@%VROOT', 'dobj$@%money$@%give', 'erased$@%to$@%WORDERASED', 'det$@%a$@%salesman', 'nsubj$@%salesman$@%hand', 'erased$@%who$@%WORDERASED', 'aux$@%be$@%hand', 'rcmod$@%hand$@%salesman', 'nsubj$@%she$@%set', 'det$@%a$@%set', 'xcomp$@%set$@%hand', 'erased$@%of$@%WORDERASED', 'prep_of$@%key$@%set', 'punct$@%.$@%give']","['x$@%a$@%woman', 'x$@%woman$@%give', 'x$@%be$@%give', 'x$@%give$@%VROOT', 'x$@%money$@%give', 'x$@%to$@%WORDERASED', 'x$@%a$@%salesman', 'x$@%salesman$@%hand', 'x$@%who$@%WORDERASED', 'x$@%be$@%hand', 'x$@%hand$@%salesman', 'x$@%she$@%set', 'x$@%a$@%set', 'x$@%set$@%hand', 'x$@%of$@%WORDERASED', 'x$@%key$@%set', 'x$@%.$@%give']","['x$@%a$@%x', 'x$@%woman$@%x', 'x$@%be$@%x', 'x$@%give$@%x', 'x$@%money$@%x', 'x$@%to$@%x', 'x$@%a$@%x', 'x$@%salesman$@%x', 'x$@%who$@%x', 'x$@%be$@%x', 'x$@%hand$@%x', 'x$@%she$@%x', 'x$@%a$@%x', 'x$@%set$@%x', 'x$@%of$@%x', 'x$@%key$@%x', 'x$@%.$@%x']",0.038429697939944885,0.039337450637472515,0.0040860948072596326
I14U-gNSC-p423-r1,A woman is purchasing a car. ,1,1,1,0,1,"1	a	_	DT	DT	_	2	det	_	_
2	woman	_	NN	NN	_	4	nsubj	_	_
3	be	_	VBZ	VBZ	_	4	aux	_	_
4	purchase	_	VBG	VBG	_	0	root	_	_
5	a	_	DT	DT	_	6	det	_	_
6	car	_	NN	NN	_	4	dobj	_	_
7	.	_	.	.	_	4	punct	_	_","['det$@%a$@%woman', 'nsubj$@%woman$@%purchase', 'aux$@%be$@%purchase', 'root$@%purchase$@%VROOT', 'det$@%a$@%car', 'dobj$@%car$@%purchase', 'punct$@%.$@%purchase']","['x$@%a$@%woman', 'x$@%woman$@%purchase', 'x$@%be$@%purchase', 'x$@%purchase$@%VROOT', 'x$@%a$@%car', 'x$@%car$@%purchase', 'x$@%.$@%purchase']","['x$@%a$@%x', 'x$@%woman$@%x', 'x$@%be$@%x', 'x$@%purchase$@%x', 'x$@%a$@%x', 'x$@%car$@%x', 'x$@%.$@%x']",0.038595242769765892,0.050900214127483356,0.0033871564933427578
I14U-gNSC-p424-r1,She's buying a car. ,1,1,1,0,1,"1	she	_	PRP	PRP	_	3	nsubj	_	_
2	be	_	VBZ	VBZ	_	3	aux	_	_
3	buy	_	VBG	VBG	_	0	root	_	_
4	a	_	DT	DT	_	5	det	_	_
5	car	_	NN	NN	_	3	dobj	_	_
6	.	_	.	.	_	3	punct	_	_","['nsubj$@%she$@%buy', 'aux$@%be$@%buy', 'root$@%buy$@%VROOT', 'det$@%a$@%car', 'dobj$@%car$@%buy', 'punct$@%.$@%buy']","['x$@%she$@%buy', 'x$@%be$@%buy', 'x$@%buy$@%VROOT', 'x$@%a$@%car', 'x$@%car$@%buy', 'x$@%.$@%buy']","['x$@%she$@%x', 'x$@%be$@%x', 'x$@%buy$@%x', 'x$@%a$@%x', 'x$@%car$@%x', 'x$@%.$@%x']",0.042144801706700541,0.032107564628337415,0.0047381059494342459
I14U-gNSC-p429-r1,A woman buys a car,1,0,1,0,1,"1	a	_	DT	DT	_	2	det	_	_
2	woman	_	NN	NN	_	3	nsubj	_	_
3	buy	_	VBZ	VBZ	_	0	root	_	_
4	a	_	DT	DT	_	5	det	_	_
5	car	_	NN	NN	_	3	dobj	_	_
6	.	_	.	.	_	3	punct	_	_","['det$@%a$@%woman', 'nsubj$@%woman$@%buy', 'root$@%buy$@%VROOT', 'det$@%a$@%car', 'dobj$@%car$@%buy', 'punct$@%.$@%buy']","['x$@%a$@%woman', 'x$@%woman$@%buy', 'x$@%buy$@%VROOT', 'x$@%a$@%car', 'x$@%car$@%buy', 'x$@%.$@%buy']","['x$@%a$@%x', 'x$@%woman$@%x', 'x$@%buy$@%x', 'x$@%a$@%x', 'x$@%car$@%x', 'x$@%.$@%x']",0.018950405741615883,0.016399263090630445,0.0046702336559385493
I14U-gNSC-p431-r1,Hey Woman buying a car,1,1,0,0,1,"1	hey	_	NNP	NNP	_	2	nn	_	_
2	woman	_	NNP	NNP	_	0	root	_	_
3	buy	_	VBG	VBG	_	2	partmod	_	_
4	a	_	DT	DT	_	5	det	_	_
5	car	_	NN	NN	_	3	dobj	_	_
6	.	_	.	.	_	2	punct	_	_","['nn$@%hey$@%woman', 'root$@%woman$@%VROOT', 'partmod$@%buy$@%woman', 'det$@%a$@%car', 'dobj$@%car$@%buy', 'punct$@%.$@%woman']","['x$@%hey$@%woman', 'x$@%woman$@%VROOT', 'x$@%buy$@%woman', 'x$@%a$@%car', 'x$@%car$@%buy', 'x$@%.$@%woman']","['x$@%hey$@%x', 'x$@%woman$@%x', 'x$@%buy$@%x', 'x$@%a$@%x', 'x$@%car$@%x', 'x$@%.$@%x']",0.03489055241745409,0.022788020554994293,0.002893816223747625
I14U-gNSC-p433-r1,The woman is buying a car.,1,1,1,0,1,"1	the	_	DT	DT	_	2	det	_	_
2	woman	_	NN	NN	_	4	nsubj	_	_
3	be	_	VBZ	VBZ	_	4	aux	_	_
4	buy	_	VBG	VBG	_	0	root	_	_
5	a	_	DT	DT	_	6	det	_	_
6	car	_	NN	NN	_	4	dobj	_	_
7	.	_	.	.	_	4	punct	_	_","['det$@%the$@%woman', 'nsubj$@%woman$@%buy', 'aux$@%be$@%buy', 'root$@%buy$@%VROOT', 'det$@%a$@%car', 'dobj$@%car$@%buy', 'punct$@%.$@%buy']","['x$@%the$@%woman', 'x$@%woman$@%buy', 'x$@%be$@%buy', 'x$@%buy$@%VROOT', 'x$@%a$@%car', 'x$@%car$@%buy', 'x$@%.$@%buy']","['x$@%the$@%x', 'x$@%woman$@%x', 'x$@%be$@%x', 'x$@%buy$@%x', 'x$@%a$@%x', 'x$@%car$@%x', 'x$@%.$@%x']",0.020791005051667422,0.014702980261477983,0.0010979658566998562
I14U-gNSC-p435-r1,woman paying for car,1,1,0,0,1,"1	woman	_	NN	NN	_	0	root	_	_
2	pay	_	VBG	VBG	_	1	partmod	_	_
3	for	_	IN	IN	_	0	erased	_	_
4	car	_	NN	NN	_	2	prep_for	_	_
5	.	_	.	.	_	1	punct	_	_","['root$@%woman$@%VROOT', 'partmod$@%pay$@%woman', 'erased$@%for$@%WORDERASED', 'prep_for$@%car$@%pay', 'punct$@%.$@%woman']","['x$@%woman$@%VROOT', 'x$@%pay$@%woman', 'x$@%for$@%WORDERASED', 'x$@%car$@%pay', 'x$@%.$@%woman']","['x$@%woman$@%x', 'x$@%pay$@%x', 'x$@%for$@%x', 'x$@%car$@%x', 'x$@%.$@%x']",0.072750524685526896,0.047164490046555207,0.009394921840798931
I14U-gNSC-p436-r1,A woman is buying a car.,1,1,1,0,1,"1	a	_	DT	DT	_	2	det	_	_
2	woman	_	NN	NN	_	4	nsubj	_	_
3	be	_	VBZ	VBZ	_	4	aux	_	_
4	buy	_	VBG	VBG	_	0	root	_	_
5	a	_	DT	DT	_	6	det	_	_
6	car	_	NN	NN	_	4	dobj	_	_
7	.	_	.	.	_	4	punct	_	_","['det$@%a$@%woman', 'nsubj$@%woman$@%buy', 'aux$@%be$@%buy', 'root$@%buy$@%VROOT', 'det$@%a$@%car', 'dobj$@%car$@%buy', 'punct$@%.$@%buy']","['x$@%a$@%woman', 'x$@%woman$@%buy', 'x$@%be$@%buy', 'x$@%buy$@%VROOT', 'x$@%a$@%car', 'x$@%car$@%buy', 'x$@%.$@%buy']","['x$@%a$@%x', 'x$@%woman$@%x', 'x$@%be$@%x', 'x$@%buy$@%x', 'x$@%a$@%x', 'x$@%car$@%x', 'x$@%.$@%x']",0.02342406719335266,0.017511564895649756,0.0027045079119795146
I14U-gNSC-p438-r1,The woman is buying a car.,1,1,1,0,1,"1	the	_	DT	DT	_	2	det	_	_
2	woman	_	NN	NN	_	4	nsubj	_	_
3	be	_	VBZ	VBZ	_	4	aux	_	_
4	buy	_	VBG	VBG	_	0	root	_	_
5	a	_	DT	DT	_	6	det	_	_
6	car	_	NN	NN	_	4	dobj	_	_
7	.	_	.	.	_	4	punct	_	_","['det$@%the$@%woman', 'nsubj$@%woman$@%buy', 'aux$@%be$@%buy', 'root$@%buy$@%VROOT', 'det$@%a$@%car', 'dobj$@%car$@%buy', 'punct$@%.$@%buy']","['x$@%the$@%woman', 'x$@%woman$@%buy', 'x$@%be$@%buy', 'x$@%buy$@%VROOT', 'x$@%a$@%car', 'x$@%car$@%buy', 'x$@%.$@%buy']","['x$@%the$@%x', 'x$@%woman$@%x', 'x$@%be$@%x', 'x$@%buy$@%x', 'x$@%a$@%x', 'x$@%car$@%x', 'x$@%.$@%x']",0.020791005051667422,0.014702980261477983,0.0010979658566997452
I14U-gNSC-p447-r1,A woman is selling her car.,0,1,1,0,1,"1	a	_	DT	DT	_	2	det	_	_
2	woman	_	NN	NN	_	4	nsubj	_	_
3	be	_	VBZ	VBZ	_	4	aux	_	_
4	sell	_	VBG	VBG	_	0	root	_	_
5	she	_	PRP$	PRP$	_	6	poss	_	_
6	car	_	NN	NN	_	4	dobj	_	_
7	.	_	.	.	_	4	punct	_	_","['det$@%a$@%woman', 'nsubj$@%woman$@%sell', 'aux$@%be$@%sell', 'root$@%sell$@%VROOT', 'poss$@%she$@%car', 'dobj$@%car$@%sell', 'punct$@%.$@%sell']","['x$@%a$@%woman', 'x$@%woman$@%sell', 'x$@%be$@%sell', 'x$@%sell$@%VROOT', 'x$@%she$@%car', 'x$@%car$@%sell', 'x$@%.$@%sell']","['x$@%a$@%x', 'x$@%woman$@%x', 'x$@%be$@%x', 'x$@%sell$@%x', 'x$@%she$@%x', 'x$@%car$@%x', 'x$@%.$@%x']",0.065744192374533217,0.066363511545243004,0.0039452986471726348
I14U-gNSC-p448-r1,The lady buys a car from the man. ,1,0,1,1,1,"1	the	_	DT	DT	_	2	det	_	_
2	lady	_	NN	NN	_	3	nsubj	_	_
3	buy	_	VBZ	VBZ	_	0	root	_	_
4	a	_	DT	DT	_	5	det	_	_
5	car	_	NN	NN	_	3	dobj	_	_
6	from	_	IN	IN	_	0	erased	_	_
7	the	_	DT	DT	_	8	det	_	_
8	man	_	NN	NN	_	3	prep_from	_	_
9	.	_	.	.	_	3	punct	_	_","['det$@%the$@%lady', 'nsubj$@%lady$@%buy', 'root$@%buy$@%VROOT', 'det$@%a$@%car', 'dobj$@%car$@%buy', 'erased$@%from$@%WORDERASED', 'det$@%the$@%man', 'prep_from$@%man$@%buy', 'punct$@%.$@%buy']","['x$@%the$@%lady', 'x$@%lady$@%buy', 'x$@%buy$@%VROOT', 'x$@%a$@%car', 'x$@%car$@%buy', 'x$@%from$@%WORDERASED', 'x$@%the$@%man', 'x$@%man$@%buy', 'x$@%.$@%buy']","['x$@%the$@%x', 'x$@%lady$@%x', 'x$@%buy$@%x', 'x$@%a$@%x', 'x$@%car$@%x', 'x$@%from$@%x', 'x$@%the$@%x', 'x$@%man$@%x', 'x$@%.$@%x']",0.011533281951269347,0.013105561853868353,0.0021285812632551027
I14U-gNSC-p450-r1,bought a car,0,0,0,0,0,"1	buy	_	VBD	VBD	_	0	root	_	_
2	a	_	DT	DT	_	3	det	_	_
3	car	_	NN	NN	_	1	dobj	_	_
4	.	_	.	.	_	1	punct	_	_","['root$@%buy$@%VROOT', 'det$@%a$@%car', 'dobj$@%car$@%buy', 'punct$@%.$@%buy']","['x$@%buy$@%VROOT', 'x$@%a$@%car', 'x$@%car$@%buy', 'x$@%.$@%buy']","['x$@%buy$@%x', 'x$@%a$@%x', 'x$@%car$@%x', 'x$@%.$@%x']",0.037129301740208231,0.03182069871146942,0.0090305439240635499
I14U-gNSC-p451-r1,"The woman is a con artists about to put a down payment on a car then abscond with the car, never making a single payment.",0,1,0,0,0,"1	the	_	DT	DT	_	2	det	_	_
2	woman	_	NN	NN	_	6	nsubj	_	_
3	be	_	VBZ	VBZ	_	6	cop	_	_
4	a	_	DT	DT	_	6	det	_	_
5	con	_	JJ	JJ	_	6	amod	_	_
6	artist	_	NNS	NNS	_	9	xsubj	_	_
7	about	_	IN	IN	_	6	dep	_	_
8	to	_	TO	TO	_	9	aux	_	_
9	put	_	VB	VB	_	7	xcomp	_	_
10	a	_	DT	DT	_	12	det	_	_
11	down	_	JJ	JJ	_	12	amod	_	_
12	payment	_	NN	NN	_	9	dobj	_	_
13	on	_	IN	IN	_	0	erased	_	_
14	a	_	DT	DT	_	15	det	_	_
15	car	_	NN	NN	_	9	prep_on	_	_
16	then	_	RB	RB	_	17	advmod	_	_
17	abscond	_	VBN	VBN	_	15	partmod	_	_
18	with	_	IN	IN	_	0	erased	_	_
19	the	_	DT	DT	_	20	det	_	_
20	car	_	NN	NN	_	17	prep_with	_	_
21	,	_	,	,	_	9	punct	_	_
22	never	_	RB	RB	_	23	neg	_	_
23	make	_	VBG	VBG	_	9	xcomp	_	_
24	a	_	DT	DT	_	26	det	_	_
25	single	_	JJ	JJ	_	26	amod	_	_
26	payment	_	NN	NN	_	23	dobj	_	_
27	.	_	.	.	_	6	punct	_	_","['det$@%the$@%woman', 'nsubj$@%woman$@%artist', 'cop$@%be$@%artist', 'det$@%a$@%artist', 'amod$@%con$@%artist', 'xsubj$@%artist$@%put', 'dep$@%about$@%artist', 'aux$@%to$@%put', 'xcomp$@%put$@%about', 'det$@%a$@%payment', 'amod$@%down$@%payment', 'dobj$@%payment$@%put', 'erased$@%on$@%WORDERASED', 'det$@%a$@%car', 'prep_on$@%car$@%put', 'advmod$@%then$@%abscond', 'partmod$@%abscond$@%car', 'erased$@%with$@%WORDERASED', 'det$@%the$@%car', 'prep_with$@%car$@%abscond', 'punct$@%,$@%put', 'neg$@%never$@%make', 'xcomp$@%make$@%put', 'det$@%a$@%payment', 'amod$@%single$@%payment', 'dobj$@%payment$@%make', 'punct$@%.$@%artist']","['x$@%the$@%woman', 'x$@%woman$@%artist', 'x$@%be$@%artist', 'x$@%a$@%artist', 'x$@%con$@%artist', 'x$@%artist$@%put', 'x$@%about$@%artist', 'x$@%to$@%put', 'x$@%put$@%about', 'x$@%a$@%payment', 'x$@%down$@%payment', 'x$@%payment$@%put', 'x$@%on$@%WORDERASED', 'x$@%a$@%car', 'x$@%car$@%put', 'x$@%then$@%abscond', 'x$@%abscond$@%car', 'x$@%with$@%WORDERASED', 'x$@%the$@%car', 'x$@%car$@%abscond', 'x$@%,$@%put', 'x$@%never$@%make', 'x$@%make$@%put', 'x$@%a$@%payment', 'x$@%single$@%payment', 'x$@%payment$@%make', 'x$@%.$@%artist']","['x$@%the$@%x', 'x$@%woman$@%x', 'x$@%be$@%x', 'x$@%a$@%x', 'x$@%con$@%x', 'x$@%artist$@%x', 'x$@%about$@%x', 'x$@%to$@%x', 'x$@%put$@%x', 'x$@%a$@%x', 'x$@%down$@%x', 'x$@%payment$@%x', 'x$@%on$@%x', 'x$@%a$@%x', 'x$@%car$@%x', 'x$@%then$@%x', 'x$@%abscond$@%x', 'x$@%with$@%x', 'x$@%the$@%x', 'x$@%car$@%x', 'x$@%,$@%x', 'x$@%never$@%x', 'x$@%make$@%x', 'x$@%a$@%x', 'x$@%single$@%x', 'x$@%payment$@%x', 'x$@%.$@%x']",0.034152417563199089,0.04014932679442007,0.004248945990809605
I14U-gNSC-p452-r1,I just bought a car!,0,0,1,0,0,"1	i	_	PRP	PRP	_	3	nsubj	_	_
2	just	_	RB	RB	_	3	advmod	_	_
3	buy	_	VBD	VBD	_	0	root	_	_
4	a	_	DT	DT	_	5	det	_	_
5	car	_	NN	NN	_	3	dobj	_	_
6	!	_	.	.	_	3	punct	_	_","['nsubj$@%i$@%buy', 'advmod$@%just$@%buy', 'root$@%buy$@%VROOT', 'det$@%a$@%car', 'dobj$@%car$@%buy', 'punct$@%!$@%buy']","['x$@%i$@%buy', 'x$@%just$@%buy', 'x$@%buy$@%VROOT', 'x$@%a$@%car', 'x$@%car$@%buy', 'x$@%!$@%buy']","['x$@%i$@%x', 'x$@%just$@%x', 'x$@%buy$@%x', 'x$@%a$@%x', 'x$@%car$@%x', 'x$@%!$@%x']",0.042855036255169066,0.038495201012846203,0.0087076885967046769
I14U-gNSC-p453-r1,She just bought a new car.,1,0,1,0,1,"1	she	_	PRP	PRP	_	3	nsubj	_	_
2	just	_	RB	RB	_	3	advmod	_	_
3	buy	_	VBD	VBD	_	0	root	_	_
4	a	_	DT	DT	_	6	det	_	_
5	new	_	JJ	JJ	_	6	amod	_	_
6	car	_	NN	NN	_	3	dobj	_	_
7	.	_	.	.	_	3	punct	_	_","['nsubj$@%she$@%buy', 'advmod$@%just$@%buy', 'root$@%buy$@%VROOT', 'det$@%a$@%car', 'amod$@%new$@%car', 'dobj$@%car$@%buy', 'punct$@%.$@%buy']","['x$@%she$@%buy', 'x$@%just$@%buy', 'x$@%buy$@%VROOT', 'x$@%a$@%car', 'x$@%new$@%car', 'x$@%car$@%buy', 'x$@%.$@%buy']","['x$@%she$@%x', 'x$@%just$@%x', 'x$@%buy$@%x', 'x$@%a$@%x', 'x$@%new$@%x', 'x$@%car$@%x', 'x$@%.$@%x']",0.020014791143737609,0.020244818968085943,0.004236704822066395
I14U-gNSC-p455-r1,A woman buying a car with cash.,1,1,0,0,1,"1	a	_	DT	DT	_	2	det	_	_
2	woman	_	NN	NN	_	0	root	_	_
3	buy	_	VBG	VBG	_	2	partmod	_	_
4	a	_	DT	DT	_	5	det	_	_
5	car	_	NN	NN	_	3	dobj	_	_
6	with	_	IN	IN	_	0	erased	_	_
7	cash	_	NN	NN	_	3	prep_with	_	_
8	.	_	.	.	_	2	punct	_	_","['det$@%a$@%woman', 'root$@%woman$@%VROOT', 'partmod$@%buy$@%woman', 'det$@%a$@%car', 'dobj$@%car$@%buy', 'erased$@%with$@%WORDERASED', 'prep_with$@%cash$@%buy', 'punct$@%.$@%woman']","['x$@%a$@%woman', 'x$@%woman$@%VROOT', 'x$@%buy$@%woman', 'x$@%a$@%car', 'x$@%car$@%buy', 'x$@%with$@%WORDERASED', 'x$@%cash$@%buy', 'x$@%.$@%woman']","['x$@%a$@%x', 'x$@%woman$@%x', 'x$@%buy$@%x', 'x$@%a$@%x', 'x$@%car$@%x', 'x$@%with$@%x', 'x$@%cash$@%x', 'x$@%.$@%x']",0.017285346923535894,0.01760487997855209,0.0040382636757589907
I14U-gNSC-p456-r1,The woman is buying a car.,1,1,1,0,1,"1	the	_	DT	DT	_	2	det	_	_
2	woman	_	NN	NN	_	4	nsubj	_	_
3	be	_	VBZ	VBZ	_	4	aux	_	_
4	buy	_	VBG	VBG	_	0	root	_	_
5	a	_	DT	DT	_	6	det	_	_
6	car	_	NN	NN	_	4	dobj	_	_
7	.	_	.	.	_	4	punct	_	_","['det$@%the$@%woman', 'nsubj$@%woman$@%buy', 'aux$@%be$@%buy', 'root$@%buy$@%VROOT', 'det$@%a$@%car', 'dobj$@%car$@%buy', 'punct$@%.$@%buy']","['x$@%the$@%woman', 'x$@%woman$@%buy', 'x$@%be$@%buy', 'x$@%buy$@%VROOT', 'x$@%a$@%car', 'x$@%car$@%buy', 'x$@%.$@%buy']","['x$@%the$@%x', 'x$@%woman$@%x', 'x$@%be$@%x', 'x$@%buy$@%x', 'x$@%a$@%x', 'x$@%car$@%x', 'x$@%.$@%x']",0.020791005051667422,0.014702980261477983,0.0010979658566997452
I14U-gNSC-p457-r1,The woman just bought a brand new car. ,1,1,1,0,1,"1	the	_	DT	DT	_	2	det	_	_
2	woman	_	NN	NN	_	4	nsubj	_	_
3	just	_	RB	RB	_	4	advmod	_	_
4	buy	_	VBD	VBD	_	0	root	_	_
5	a	_	DT	DT	_	8	det	_	_
6	brand	_	NN	NN	_	8	nn	_	_
7	new	_	JJ	JJ	_	8	amod	_	_
8	car	_	NN	NN	_	4	dobj	_	_
9	.	_	.	.	_	4	punct	_	_","['det$@%the$@%woman', 'nsubj$@%woman$@%buy', 'advmod$@%just$@%buy', 'root$@%buy$@%VROOT', 'det$@%a$@%car', 'nn$@%brand$@%car', 'amod$@%new$@%car', 'dobj$@%car$@%buy', 'punct$@%.$@%buy']","['x$@%the$@%woman', 'x$@%woman$@%buy', 'x$@%just$@%buy', 'x$@%buy$@%VROOT', 'x$@%a$@%car', 'x$@%brand$@%car', 'x$@%new$@%car', 'x$@%car$@%buy', 'x$@%.$@%buy']","['x$@%the$@%x', 'x$@%woman$@%x', 'x$@%just$@%x', 'x$@%buy$@%x', 'x$@%a$@%x', 'x$@%brand$@%x', 'x$@%new$@%x', 'x$@%car$@%x', 'x$@%.$@%x']",0.013206915513039208,0.0088200009787542388,0.0020202628507302034
I14U-gNSC-p460-r1,The woman gives money to the man for the car.,1,0,1,1,1,"1	the	_	DT	DT	_	2	det	_	_
2	woman	_	NN	NN	_	3	nsubj	_	_
3	give	_	VBZ	VBZ	_	0	root	_	_
4	money	_	NN	NN	_	3	dobj	_	_
5	to	_	TO	TO	_	0	erased	_	_
6	the	_	DT	DT	_	7	det	_	_
7	man	_	NN	NN	_	3	prep_to	_	_
8	for	_	IN	IN	_	0	erased	_	_
9	the	_	DT	DT	_	10	det	_	_
10	car	_	NN	NN	_	7	prep_for	_	_
11	.	_	.	.	_	3	punct	_	_","['det$@%the$@%woman', 'nsubj$@%woman$@%give', 'root$@%give$@%VROOT', 'dobj$@%money$@%give', 'erased$@%to$@%WORDERASED', 'det$@%the$@%man', 'prep_to$@%man$@%give', 'erased$@%for$@%WORDERASED', 'det$@%the$@%car', 'prep_for$@%car$@%man', 'punct$@%.$@%give']","['x$@%the$@%woman', 'x$@%woman$@%give', 'x$@%give$@%VROOT', 'x$@%money$@%give', 'x$@%to$@%WORDERASED', 'x$@%the$@%man', 'x$@%man$@%give', 'x$@%for$@%WORDERASED', 'x$@%the$@%car', 'x$@%car$@%man', 'x$@%.$@%give']","['x$@%the$@%x', 'x$@%woman$@%x', 'x$@%give$@%x', 'x$@%money$@%x', 'x$@%to$@%x', 'x$@%the$@%x', 'x$@%man$@%x', 'x$@%for$@%x', 'x$@%the$@%x', 'x$@%car$@%x', 'x$@%.$@%x']",0.04485954287480165,0.040534277502259242,0.0063737413707692925
I14U-gNSC-p461-r1,The car salesman just sold a car to the lady.,1,0,1,1,1,"1	the	_	DT	DT	_	3	det	_	_
2	car	_	NN	NN	_	3	nn	_	_
3	salesman	_	NN	NN	_	5	nsubj	_	_
4	just	_	RB	RB	_	5	advmod	_	_
5	sell	_	VBD	VBD	_	0	root	_	_
6	a	_	DT	DT	_	7	det	_	_
7	car	_	NN	NN	_	5	dobj	_	_
8	to	_	TO	TO	_	0	erased	_	_
9	the	_	DT	DT	_	10	det	_	_
10	lady	_	NN	NN	_	5	prep_to	_	_
11	.	_	.	.	_	5	punct	_	_","['det$@%the$@%salesman', 'nn$@%car$@%salesman', 'nsubj$@%salesman$@%sell', 'advmod$@%just$@%sell', 'root$@%sell$@%VROOT', 'det$@%a$@%car', 'dobj$@%car$@%sell', 'erased$@%to$@%WORDERASED', 'det$@%the$@%lady', 'prep_to$@%lady$@%sell', 'punct$@%.$@%sell']","['x$@%the$@%salesman', 'x$@%car$@%salesman', 'x$@%salesman$@%sell', 'x$@%just$@%sell', 'x$@%sell$@%VROOT', 'x$@%a$@%car', 'x$@%car$@%sell', 'x$@%to$@%WORDERASED', 'x$@%the$@%lady', 'x$@%lady$@%sell', 'x$@%.$@%sell']","['x$@%the$@%x', 'x$@%car$@%x', 'x$@%salesman$@%x', 'x$@%just$@%x', 'x$@%sell$@%x', 'x$@%a$@%x', 'x$@%car$@%x', 'x$@%to$@%x', 'x$@%the$@%x', 'x$@%lady$@%x', 'x$@%.$@%x']",0.075332503287958152,0.078901554608009072,0.0068394082712646131
I14U-gNSC-p462-r1,A woman is buying a car from a man.,1,1,1,1,1,"1	a	_	DT	DT	_	2	det	_	_
2	woman	_	NN	NN	_	4	nsubj	_	_
3	be	_	VBZ	VBZ	_	4	aux	_	_
4	buy	_	VBG	VBG	_	0	root	_	_
5	a	_	DT	DT	_	6	det	_	_
6	car	_	NN	NN	_	4	dobj	_	_
7	from	_	IN	IN	_	0	erased	_	_
8	a	_	DT	DT	_	9	det	_	_
9	man	_	NN	NN	_	4	prep_from	_	_
10	.	_	.	.	_	4	punct	_	_","['det$@%a$@%woman', 'nsubj$@%woman$@%buy', 'aux$@%be$@%buy', 'root$@%buy$@%VROOT', 'det$@%a$@%car', 'dobj$@%car$@%buy', 'erased$@%from$@%WORDERASED', 'det$@%a$@%man', 'prep_from$@%man$@%buy', 'punct$@%.$@%buy']","['x$@%a$@%woman', 'x$@%woman$@%buy', 'x$@%be$@%buy', 'x$@%buy$@%VROOT', 'x$@%a$@%car', 'x$@%car$@%buy', 'x$@%from$@%WORDERASED', 'x$@%a$@%man', 'x$@%man$@%buy', 'x$@%.$@%buy']","['x$@%a$@%x', 'x$@%woman$@%x', 'x$@%be$@%x', 'x$@%buy$@%x', 'x$@%a$@%x', 'x$@%car$@%x', 'x$@%from$@%x', 'x$@%a$@%x', 'x$@%man$@%x', 'x$@%.$@%x']",0.010282403767148507,0.014443389108324878,0.0033904132168444123
I14U-gNSC-p467-r1,A woman is purchasing a car from a salesman.,1,1,1,1,1,"1	a	_	DT	DT	_	2	det	_	_
2	woman	_	NN	NN	_	4	nsubj	_	_
3	be	_	VBZ	VBZ	_	4	aux	_	_
4	purchase	_	VBG	VBG	_	0	root	_	_
5	a	_	DT	DT	_	6	det	_	_
6	car	_	NN	NN	_	4	dobj	_	_
7	from	_	IN	IN	_	0	erased	_	_
8	a	_	DT	DT	_	9	det	_	_
9	salesman	_	NN	NN	_	4	prep_from	_	_
10	.	_	.	.	_	4	punct	_	_","['det$@%a$@%woman', 'nsubj$@%woman$@%purchase', 'aux$@%be$@%purchase', 'root$@%purchase$@%VROOT', 'det$@%a$@%car', 'dobj$@%car$@%purchase', 'erased$@%from$@%WORDERASED', 'det$@%a$@%salesman', 'prep_from$@%salesman$@%purchase', 'punct$@%.$@%purchase']","['x$@%a$@%woman', 'x$@%woman$@%purchase', 'x$@%be$@%purchase', 'x$@%purchase$@%VROOT', 'x$@%a$@%car', 'x$@%car$@%purchase', 'x$@%from$@%WORDERASED', 'x$@%a$@%salesman', 'x$@%salesman$@%purchase', 'x$@%.$@%purchase']","['x$@%a$@%x', 'x$@%woman$@%x', 'x$@%be$@%x', 'x$@%purchase$@%x', 'x$@%a$@%x', 'x$@%car$@%x', 'x$@%from$@%x', 'x$@%a$@%x', 'x$@%salesman$@%x', 'x$@%.$@%x']",0.048138797845985515,0.049934187882341163,0.0054007106667398608
I14U-gNSC-p469-r1,The woman buys a red car from a man.,1,0,1,1,1,"1	the	_	DT	DT	_	2	det	_	_
2	woman	_	NN	NN	_	3	nsubj	_	_
3	buy	_	VBZ	VBZ	_	0	root	_	_
4	a	_	DT	DT	_	6	det	_	_
5	red	_	JJ	JJ	_	6	amod	_	_
6	car	_	NN	NN	_	3	dobj	_	_
7	from	_	IN	IN	_	0	erased	_	_
8	a	_	DT	DT	_	9	det	_	_
9	man	_	NN	NN	_	3	prep_from	_	_
10	.	_	.	.	_	3	punct	_	_","['det$@%the$@%woman', 'nsubj$@%woman$@%buy', 'root$@%buy$@%VROOT', 'det$@%a$@%car', 'amod$@%red$@%car', 'dobj$@%car$@%buy', 'erased$@%from$@%WORDERASED', 'det$@%a$@%man', 'prep_from$@%man$@%buy', 'punct$@%.$@%buy']","['x$@%the$@%woman', 'x$@%woman$@%buy', 'x$@%buy$@%VROOT', 'x$@%a$@%car', 'x$@%red$@%car', 'x$@%car$@%buy', 'x$@%from$@%WORDERASED', 'x$@%a$@%man', 'x$@%man$@%buy', 'x$@%.$@%buy']","['x$@%the$@%x', 'x$@%woman$@%x', 'x$@%buy$@%x', 'x$@%a$@%x', 'x$@%red$@%x', 'x$@%car$@%x', 'x$@%from$@%x', 'x$@%a$@%x', 'x$@%man$@%x', 'x$@%.$@%x']",0.0075867555750284144,0.0076942580729668641,0.0018818364318887726
I14U-gNSC-p479-r1,A woman is buying a car.,1,1,1,0,1,"1	a	_	DT	DT	_	2	det	_	_
2	woman	_	NN	NN	_	4	nsubj	_	_
3	be	_	VBZ	VBZ	_	4	aux	_	_
4	buy	_	VBG	VBG	_	0	root	_	_
5	a	_	DT	DT	_	6	det	_	_
6	car	_	NN	NN	_	4	dobj	_	_
7	.	_	.	.	_	4	punct	_	_","['det$@%a$@%woman', 'nsubj$@%woman$@%buy', 'aux$@%be$@%buy', 'root$@%buy$@%VROOT', 'det$@%a$@%car', 'dobj$@%car$@%buy', 'punct$@%.$@%buy']","['x$@%a$@%woman', 'x$@%woman$@%buy', 'x$@%be$@%buy', 'x$@%buy$@%VROOT', 'x$@%a$@%car', 'x$@%car$@%buy', 'x$@%.$@%buy']","['x$@%a$@%x', 'x$@%woman$@%x', 'x$@%be$@%x', 'x$@%buy$@%x', 'x$@%a$@%x', 'x$@%car$@%x', 'x$@%.$@%x']",0.02342406719335266,0.017511564895649756,0.0027045079119795146
I14U-gNSC-p482-r1,The woman is buying a car. ,1,1,1,0,1,"1	the	_	DT	DT	_	2	det	_	_
2	woman	_	NN	NN	_	4	nsubj	_	_
3	be	_	VBZ	VBZ	_	4	aux	_	_
4	buy	_	VBG	VBG	_	0	root	_	_
5	a	_	DT	DT	_	6	det	_	_
6	car	_	NN	NN	_	4	dobj	_	_
7	.	_	.	.	_	4	punct	_	_","['det$@%the$@%woman', 'nsubj$@%woman$@%buy', 'aux$@%be$@%buy', 'root$@%buy$@%VROOT', 'det$@%a$@%car', 'dobj$@%car$@%buy', 'punct$@%.$@%buy']","['x$@%the$@%woman', 'x$@%woman$@%buy', 'x$@%be$@%buy', 'x$@%buy$@%VROOT', 'x$@%a$@%car', 'x$@%car$@%buy', 'x$@%.$@%buy']","['x$@%the$@%x', 'x$@%woman$@%x', 'x$@%be$@%x', 'x$@%buy$@%x', 'x$@%a$@%x', 'x$@%car$@%x', 'x$@%.$@%x']",0.020791005051667422,0.014702980261477983,0.0010979658566997452
I14U-gNSC-p483-r1,The woman buys a car with cash.,1,0,1,0,1,"1	the	_	DT	DT	_	2	det	_	_
2	woman	_	NN	NN	_	3	nsubj	_	_
3	buy	_	VBZ	VBZ	_	0	root	_	_
4	a	_	DT	DT	_	5	det	_	_
5	car	_	NN	NN	_	3	dobj	_	_
6	with	_	IN	IN	_	0	erased	_	_
7	cash	_	NN	NN	_	5	prep_with	_	_
8	.	_	.	.	_	3	punct	_	_","['det$@%the$@%woman', 'nsubj$@%woman$@%buy', 'root$@%buy$@%VROOT', 'det$@%a$@%car', 'dobj$@%car$@%buy', 'erased$@%with$@%WORDERASED', 'prep_with$@%cash$@%car', 'punct$@%.$@%buy']","['x$@%the$@%woman', 'x$@%woman$@%buy', 'x$@%buy$@%VROOT', 'x$@%a$@%car', 'x$@%car$@%buy', 'x$@%with$@%WORDERASED', 'x$@%cash$@%car', 'x$@%.$@%buy']","['x$@%the$@%x', 'x$@%woman$@%x', 'x$@%buy$@%x', 'x$@%a$@%x', 'x$@%car$@%x', 'x$@%with$@%x', 'x$@%cash$@%x', 'x$@%.$@%x']",0.0096139394382156462,0.0092492944302741131,0.00345812280332225
I14U-gNSC-p485-r1,She bought a car.,1,0,1,0,1,"1	she	_	PRP	PRP	_	2	nsubj	_	_
2	buy	_	VBD	VBD	_	0	root	_	_
3	a	_	DT	DT	_	4	det	_	_
4	car	_	NN	NN	_	2	dobj	_	_
5	.	_	.	.	_	2	punct	_	_","['nsubj$@%she$@%buy', 'root$@%buy$@%VROOT', 'det$@%a$@%car', 'dobj$@%car$@%buy', 'punct$@%.$@%buy']","['x$@%she$@%buy', 'x$@%buy$@%VROOT', 'x$@%a$@%car', 'x$@%car$@%buy', 'x$@%.$@%buy']","['x$@%she$@%x', 'x$@%buy$@%x', 'x$@%a$@%x', 'x$@%car$@%x', 'x$@%.$@%x']",0.036053299739171152,0.027019560356089323,0.0048504521871621797
I14U-gNSC-p491-r1,That lady just bought a car.,1,0,1,0,1,"1	that	_	DT	DT	_	2	det	_	_
2	lady	_	NN	NN	_	4	nsubj	_	_
3	just	_	RB	RB	_	4	advmod	_	_
4	buy	_	VBD	VBD	_	0	root	_	_
5	a	_	DT	DT	_	6	det	_	_
6	car	_	NN	NN	_	4	dobj	_	_
7	.	_	.	.	_	4	punct	_	_","['det$@%that$@%lady', 'nsubj$@%lady$@%buy', 'advmod$@%just$@%buy', 'root$@%buy$@%VROOT', 'det$@%a$@%car', 'dobj$@%car$@%buy', 'punct$@%.$@%buy']","['x$@%that$@%lady', 'x$@%lady$@%buy', 'x$@%just$@%buy', 'x$@%buy$@%VROOT', 'x$@%a$@%car', 'x$@%car$@%buy', 'x$@%.$@%buy']","['x$@%that$@%x', 'x$@%lady$@%x', 'x$@%just$@%x', 'x$@%buy$@%x', 'x$@%a$@%x', 'x$@%car$@%x', 'x$@%.$@%x']",0.036413150031740837,0.032859160578133983,0.0086499224848439749
I14U-gNSC-p493-r1,A woman rents a car,1,0,1,0,1,"1	a	_	DT	DT	_	2	det	_	_
2	woman	_	NN	NN	_	3	nsubj	_	_
3	rent	_	VBZ	VBZ	_	0	root	_	_
4	a	_	DT	DT	_	5	det	_	_
5	car	_	NN	NN	_	3	dobj	_	_
6	.	_	.	.	_	3	punct	_	_","['det$@%a$@%woman', 'nsubj$@%woman$@%rent', 'root$@%rent$@%VROOT', 'det$@%a$@%car', 'dobj$@%car$@%rent', 'punct$@%.$@%rent']","['x$@%a$@%woman', 'x$@%woman$@%rent', 'x$@%rent$@%VROOT', 'x$@%a$@%car', 'x$@%car$@%rent', 'x$@%.$@%rent']","['x$@%a$@%x', 'x$@%woman$@%x', 'x$@%rent$@%x', 'x$@%a$@%x', 'x$@%car$@%x', 'x$@%.$@%x']",0.036842440399108112,0.040095000775849376,0.0044794594752529671
