ResponseID,Response,Core,Answer,Gramm,Interp,Verif,parse,ldh,xdh,xdx,ldh TC weighted,xdh TC weighted,xdx TC weighted,ldh TC unweighted,xdh TC unweighted,xdx TC unweighted,ldh w rank,xdh w rank,xdx w rank,ldh uw rank,xdh uw rank,xdx uw rank,AnnoScore,AnnoRank
I03T-gNNS-p001-r1,The man is delivering the package to the woman.,1,1,1,1,1,"1	the	_	DT	DT	_	2	det	_	_
2	man	_	NN	NN	_	4	nsubj	_	_
3	be	_	VBZ	VBZ	_	4	aux	_	_
4	deliver	_	VBG	VBG	_	0	root	_	_
5	the	_	DT	DT	_	6	det	_	_
6	package	_	NN	NN	_	4	dobj	_	_
7	to	_	TO	TO	_	0	erased	_	_
8	the	_	DT	DT	_	9	det	_	_
9	woman	_	NN	NN	_	4	prep_to	_	_
10	.	_	.	.	_	4	punct	_	_","['det$@%the$@%man', 'nsubj$@%man$@%deliver', 'aux$@%be$@%deliver', 'root$@%deliver$@%VROOT', 'det$@%the$@%package', 'dobj$@%package$@%deliver', 'erased$@%to$@%WORDERASED', 'det$@%the$@%woman', 'prep_to$@%woman$@%deliver', 'punct$@%.$@%deliver']","['x$@%the$@%man', 'x$@%man$@%deliver', 'x$@%be$@%deliver', 'x$@%deliver$@%VROOT', 'x$@%the$@%package', 'x$@%package$@%deliver', 'x$@%to$@%WORDERASED', 'x$@%the$@%woman', 'x$@%woman$@%deliver', 'x$@%.$@%deliver']","['x$@%the$@%x', 'x$@%man$@%x', 'x$@%be$@%x', 'x$@%deliver$@%x', 'x$@%the$@%x', 'x$@%package$@%x', 'x$@%to$@%x', 'x$@%the$@%x', 'x$@%woman$@%x', 'x$@%.$@%x']",0.29272099501063853,0.31210979456942101,0.045983475071038615,0.28796906360971608,0.30690820770558513,0.053320178597273116,1.0,13.5,15.5,15.5,13.5,15.5,4.5,53.5
I03T-gNNS-p002-r1,The man is handing package to the woman.,1,1,0,1,1,"1	the	_	DT	DT	_	2	det	_	_
2	man	_	NN	NN	_	4	nsubj	_	_
3	be	_	VBZ	VBZ	_	4	aux	_	_
4	hand	_	VBG	VBG	_	0	root	_	_
5	package	_	NN	NN	_	4	dobj	_	_
6	to	_	TO	TO	_	0	erased	_	_
7	the	_	DT	DT	_	8	det	_	_
8	woman	_	NN	NN	_	4	prep_to	_	_
9	.	_	.	.	_	4	punct	_	_","['det$@%the$@%man', 'nsubj$@%man$@%hand', 'aux$@%be$@%hand', 'root$@%hand$@%VROOT', 'dobj$@%package$@%hand', 'erased$@%to$@%WORDERASED', 'det$@%the$@%woman', 'prep_to$@%woman$@%hand', 'punct$@%.$@%hand']","['x$@%the$@%man', 'x$@%man$@%hand', 'x$@%be$@%hand', 'x$@%hand$@%VROOT', 'x$@%package$@%hand', 'x$@%to$@%WORDERASED', 'x$@%the$@%woman', 'x$@%woman$@%hand', 'x$@%.$@%hand']","['x$@%the$@%x', 'x$@%man$@%x', 'x$@%be$@%x', 'x$@%hand$@%x', 'x$@%package$@%x', 'x$@%to$@%x', 'x$@%the$@%x', 'x$@%woman$@%x', 'x$@%.$@%x']",0.80295587200780494,0.77199659214375826,0.1806228070447522,0.76117541993190074,0.72765594793331145,0.16715888134707735,0.944,35.0,32.0,27.0,29.0,28.0,25.0,34.0
I03T-gNNS-p003-r1,he is passing the box to the girl,1,1,1,1,1,"1	he	_	PRP	PRP	_	3	nsubj	_	_
2	be	_	VBZ	VBZ	_	3	aux	_	_
3	pass	_	VBG	VBG	_	0	root	_	_
4	the	_	DT	DT	_	5	det	_	_
5	box	_	NN	NN	_	3	dobj	_	_
6	to	_	TO	TO	_	0	erased	_	_
7	the	_	DT	DT	_	8	det	_	_
8	girl	_	NN	NN	_	3	prep_to	_	_
9	.	_	.	.	_	3	punct	_	_","['nsubj$@%he$@%pass', 'aux$@%be$@%pass', 'root$@%pass$@%VROOT', 'det$@%the$@%box', 'dobj$@%box$@%pass', 'erased$@%to$@%WORDERASED', 'det$@%the$@%girl', 'prep_to$@%girl$@%pass', 'punct$@%.$@%pass']","['x$@%he$@%pass', 'x$@%be$@%pass', 'x$@%pass$@%VROOT', 'x$@%the$@%box', 'x$@%box$@%pass', 'x$@%to$@%WORDERASED', 'x$@%the$@%girl', 'x$@%girl$@%pass', 'x$@%.$@%pass']","['x$@%he$@%x', 'x$@%be$@%x', 'x$@%pass$@%x', 'x$@%the$@%x', 'x$@%box$@%x', 'x$@%to$@%x', 'x$@%the$@%x', 'x$@%girl$@%x', 'x$@%.$@%x']",0.99999092561586234,0.99998993149755355,0.93131115761758132,0.99998839727335287,0.99998718272289255,0.93183565714884731,1.0,70.0,70.0,68.0,70.0,70.0,68.0,53.5
I03T-gNNS-p008-r1,He is handing a package.,1,1,0,0,1,"1	he	_	PRP	PRP	_	3	nsubj	_	_
2	be	_	VBZ	VBZ	_	3	aux	_	_
3	hand	_	VBG	VBG	_	0	root	_	_
4	a	_	DT	DT	_	5	det	_	_
5	package	_	NN	NN	_	3	dobj	_	_
6	.	_	.	.	_	3	punct	_	_","['nsubj$@%he$@%hand', 'aux$@%be$@%hand', 'root$@%hand$@%VROOT', 'det$@%a$@%package', 'dobj$@%package$@%hand', 'punct$@%.$@%hand']","['x$@%he$@%hand', 'x$@%be$@%hand', 'x$@%hand$@%VROOT', 'x$@%a$@%package', 'x$@%package$@%hand', 'x$@%.$@%hand']","['x$@%he$@%x', 'x$@%be$@%x', 'x$@%hand$@%x', 'x$@%a$@%x', 'x$@%package$@%x', 'x$@%.$@%x']",0.61397854928882578,0.60063472072051338,0.17622256436423001,0.59588034291987202,0.58118757248196229,0.17517885423603963,0.72,21.0,21.0,25.0,20.0,21.0,28.0,23.0
I03T-gNNS-p010-r1,the woman get a package,0,0,0,1,1,"1	the	_	DT	DT	_	2	det	_	_
2	woman	_	NN	NN	_	3	nsubj	_	_
3	get	_	VBP	VBP	_	0	root	_	_
4	a	_	DT	DT	_	5	det	_	_
5	package	_	NN	NN	_	3	dobj	_	_
6	.	_	.	.	_	3	punct	_	_","['det$@%the$@%woman', 'nsubj$@%woman$@%get', 'root$@%get$@%VROOT', 'det$@%a$@%package', 'dobj$@%package$@%get', 'punct$@%.$@%get']","['x$@%the$@%woman', 'x$@%woman$@%get', 'x$@%get$@%VROOT', 'x$@%a$@%package', 'x$@%package$@%get', 'x$@%.$@%get']","['x$@%the$@%x', 'x$@%woman$@%x', 'x$@%get$@%x', 'x$@%a$@%x', 'x$@%package$@%x', 'x$@%.$@%x']",0.75103874231767631,0.73159272724838642,0.18599871289782166,0.74819264933854157,0.72971689037980059,0.17539208186056587,0.486,28.0,28.0,29.0,28.0,29.0,29.0,14.5
I03T-gNNS-p011-r1,The man is handing a package to his client,1,1,1,1,1,"1	the	_	DT	DT	_	2	det	_	_
2	man	_	NN	NN	_	4	nsubj	_	_
3	be	_	VBZ	VBZ	_	4	aux	_	_
4	hand	_	VBG	VBG	_	0	root	_	_
5	a	_	DT	DT	_	6	det	_	_
6	package	_	NN	NN	_	4	dobj	_	_
7	to	_	TO	TO	_	0	erased	_	_
8	he	_	PRP$	PRP$	_	9	poss	_	_
9	client	_	NN	NN	_	4	prep_to	_	_
10	.	_	.	.	_	4	punct	_	_","['det$@%the$@%man', 'nsubj$@%man$@%hand', 'aux$@%be$@%hand', 'root$@%hand$@%VROOT', 'det$@%a$@%package', 'dobj$@%package$@%hand', 'erased$@%to$@%WORDERASED', 'poss$@%he$@%client', 'prep_to$@%client$@%hand', 'punct$@%.$@%hand']","['x$@%the$@%man', 'x$@%man$@%hand', 'x$@%be$@%hand', 'x$@%hand$@%VROOT', 'x$@%a$@%package', 'x$@%package$@%hand', 'x$@%to$@%WORDERASED', 'x$@%he$@%client', 'x$@%client$@%hand', 'x$@%.$@%hand']","['x$@%the$@%x', 'x$@%man$@%x', 'x$@%be$@%x', 'x$@%hand$@%x', 'x$@%a$@%x', 'x$@%package$@%x', 'x$@%to$@%x', 'x$@%he$@%x', 'x$@%client$@%x', 'x$@%.$@%x']",0.69417163366441181,0.68142289695680858,0.44171402318522068,0.66890816366822525,0.65508216899769256,0.44025652003526972,1.0,24.0,24.0,48.0,24.0,24.0,48.0,53.5
I03T-gNNS-p015-r1,The woman is receiving a package.,0,0,1,1,1,"1	the	_	DT	DT	_	2	det	_	_
2	woman	_	NN	NN	_	4	nsubj	_	_
3	be	_	VBZ	VBZ	_	4	aux	_	_
4	receive	_	VBG	VBG	_	0	root	_	_
5	a	_	DT	DT	_	6	det	_	_
6	package	_	NN	NN	_	4	dobj	_	_
7	.	_	.	.	_	4	punct	_	_","['det$@%the$@%woman', 'nsubj$@%woman$@%receive', 'aux$@%be$@%receive', 'root$@%receive$@%VROOT', 'det$@%a$@%package', 'dobj$@%package$@%receive', 'punct$@%.$@%receive']","['x$@%the$@%woman', 'x$@%woman$@%receive', 'x$@%be$@%receive', 'x$@%receive$@%VROOT', 'x$@%a$@%package', 'x$@%package$@%receive', 'x$@%.$@%receive']","['x$@%the$@%x', 'x$@%woman$@%x', 'x$@%be$@%x', 'x$@%receive$@%x', 'x$@%a$@%x', 'x$@%package$@%x', 'x$@%.$@%x']",0.7799274439592605,0.76134797610513105,0.23153361289674612,0.77741160289033817,0.75968009184627605,0.22152033631755741,0.542,29.0,30.0,33.0,30.0,31.0,33.0,18.0
I03T-gNNS-p016-r1,He is sending a box to a woman.,0,1,1,0,0,"1	he	_	PRP	PRP	_	3	nsubj	_	_
2	be	_	VBZ	VBZ	_	3	aux	_	_
3	send	_	VBG	VBG	_	0	root	_	_
4	a	_	DT	DT	_	5	det	_	_
5	box	_	NN	NN	_	3	dobj	_	_
6	to	_	TO	TO	_	0	erased	_	_
7	a	_	DT	DT	_	8	det	_	_
8	woman	_	NN	NN	_	3	prep_to	_	_
9	.	_	.	.	_	3	punct	_	_","['nsubj$@%he$@%send', 'aux$@%be$@%send', 'root$@%send$@%VROOT', 'det$@%a$@%box', 'dobj$@%box$@%send', 'erased$@%to$@%WORDERASED', 'det$@%a$@%woman', 'prep_to$@%woman$@%send', 'punct$@%.$@%send']","['x$@%he$@%send', 'x$@%be$@%send', 'x$@%send$@%VROOT', 'x$@%a$@%box', 'x$@%box$@%send', 'x$@%to$@%WORDERASED', 'x$@%a$@%woman', 'x$@%woman$@%send', 'x$@%.$@%send']","['x$@%he$@%x', 'x$@%be$@%x', 'x$@%send$@%x', 'x$@%a$@%x', 'x$@%box$@%x', 'x$@%to$@%x', 'x$@%a$@%x', 'x$@%woman$@%x', 'x$@%.$@%x']",0.97799975787762206,0.97371375988113473,0.87828427799216968,0.97657187288202185,0.97215013710073694,0.86667514947790247,0.149,61.0,59.0,61.0,64.0,60.0,60.0,4.5
I03T-gNNS-p018-r1,The deliver is handing the package to the woman. ,1,0,0,1,1,"1	the	_	DT	DT	_	2	det	_	_
2	deliver	_	NN	NN	_	4	nsubj	_	_
3	be	_	VBZ	VBZ	_	4	aux	_	_
4	hand	_	VBG	VBG	_	0	root	_	_
5	the	_	DT	DT	_	6	det	_	_
6	package	_	NN	NN	_	4	dobj	_	_
7	to	_	TO	TO	_	0	erased	_	_
8	the	_	DT	DT	_	9	det	_	_
9	woman	_	NN	NN	_	4	prep_to	_	_
10	.	_	.	.	_	4	punct	_	_","['det$@%the$@%deliver', 'nsubj$@%deliver$@%hand', 'aux$@%be$@%hand', 'root$@%hand$@%VROOT', 'det$@%the$@%package', 'dobj$@%package$@%hand', 'erased$@%to$@%WORDERASED', 'det$@%the$@%woman', 'prep_to$@%woman$@%hand', 'punct$@%.$@%hand']","['x$@%the$@%deliver', 'x$@%deliver$@%hand', 'x$@%be$@%hand', 'x$@%hand$@%VROOT', 'x$@%the$@%package', 'x$@%package$@%hand', 'x$@%to$@%WORDERASED', 'x$@%the$@%woman', 'x$@%woman$@%hand', 'x$@%.$@%hand']","['x$@%the$@%x', 'x$@%deliver$@%x', 'x$@%be$@%x', 'x$@%hand$@%x', 'x$@%the$@%x', 'x$@%package$@%x', 'x$@%to$@%x', 'x$@%the$@%x', 'x$@%woman$@%x', 'x$@%.$@%x']",0.8562961350385323,0.83331667658692976,0.056087101636744463,0.82717108007926865,0.80269142273560812,0.062468973665935068,0.851,42.0,41.0,18.0,40.0,40.0,15.0,26.5
I03T-gNNS-p019-r1,The boy give the girl a brown box.,0,0,0,1,1,"1	the	_	DT	DT	_	2	det	_	_
2	boy	_	NN	NN	_	3	nsubj	_	_
3	give	_	VBP	VBP	_	0	root	_	_
4	the	_	DT	DT	_	5	det	_	_
5	girl	_	NN	NN	_	3	iobj	_	_
6	a	_	DT	DT	_	8	det	_	_
7	brown	_	JJ	JJ	_	8	amod	_	_
8	box	_	NN	NN	_	3	dobj	_	_
9	.	_	.	.	_	3	punct	_	_","['det$@%the$@%boy', 'nsubj$@%boy$@%give', 'root$@%give$@%VROOT', 'det$@%the$@%girl', 'iobj$@%girl$@%give', 'det$@%a$@%box', 'amod$@%brown$@%box', 'dobj$@%box$@%give', 'punct$@%.$@%give']","['x$@%the$@%boy', 'x$@%boy$@%give', 'x$@%give$@%VROOT', 'x$@%the$@%girl', 'x$@%girl$@%give', 'x$@%a$@%box', 'x$@%brown$@%box', 'x$@%box$@%give', 'x$@%.$@%give']","['x$@%the$@%x', 'x$@%boy$@%x', 'x$@%give$@%x', 'x$@%the$@%x', 'x$@%girl$@%x', 'x$@%a$@%x', 'x$@%brown$@%x', 'x$@%box$@%x', 'x$@%.$@%x']",0.98032581407495989,0.97798668714761094,0.94380534375608782,0.97966151620789721,0.97734337578954544,0.94400888964436303,0.486,64.0,64.0,69.0,66.0,66.0,69.0,14.5
I03T-gNNS-p020-r1,He is giving the package to the young lady.,1,1,1,1,1,"1	he	_	PRP	PRP	_	3	nsubj	_	_
2	be	_	VBZ	VBZ	_	3	aux	_	_
3	give	_	VBG	VBG	_	0	root	_	_
4	the	_	DT	DT	_	5	det	_	_
5	package	_	NN	NN	_	3	dobj	_	_
6	to	_	TO	TO	_	0	erased	_	_
7	the	_	DT	DT	_	9	det	_	_
8	young	_	JJ	JJ	_	9	amod	_	_
9	lady	_	NN	NN	_	3	prep_to	_	_
10	.	_	.	.	_	3	punct	_	_","['nsubj$@%he$@%give', 'aux$@%be$@%give', 'root$@%give$@%VROOT', 'det$@%the$@%package', 'dobj$@%package$@%give', 'erased$@%to$@%WORDERASED', 'det$@%the$@%lady', 'amod$@%young$@%lady', 'prep_to$@%lady$@%give', 'punct$@%.$@%give']","['x$@%he$@%give', 'x$@%be$@%give', 'x$@%give$@%VROOT', 'x$@%the$@%package', 'x$@%package$@%give', 'x$@%to$@%WORDERASED', 'x$@%the$@%lady', 'x$@%young$@%lady', 'x$@%lady$@%give', 'x$@%.$@%give']","['x$@%he$@%x', 'x$@%be$@%x', 'x$@%give$@%x', 'x$@%the$@%x', 'x$@%package$@%x', 'x$@%to$@%x', 'x$@%the$@%x', 'x$@%young$@%x', 'x$@%lady$@%x', 'x$@%.$@%x']",0.94145901313638836,0.94518608869812182,0.31972415083734518,0.92657400166122961,0.93086137718735495,0.31511207695491894,1.0,53.0,53.0,41.0,53.0,52.0,41.0,53.5
I03T-gNNS-p024-r1,the poster officer is giving a package to a woman.,1,0,0,1,1,"1	the	_	DT	DT	_	3	det	_	_
2	poster	_	NN	NN	_	3	nn	_	_
3	officer	_	NN	NN	_	5	nsubj	_	_
4	be	_	VBZ	VBZ	_	5	aux	_	_
5	give	_	VBG	VBG	_	0	root	_	_
6	a	_	DT	DT	_	7	det	_	_
7	package	_	NN	NN	_	5	dobj	_	_
8	to	_	TO	TO	_	0	erased	_	_
9	a	_	DT	DT	_	10	det	_	_
10	woman	_	NN	NN	_	5	prep_to	_	_
11	.	_	.	.	_	5	punct	_	_","['det$@%the$@%officer', 'nn$@%poster$@%officer', 'nsubj$@%officer$@%give', 'aux$@%be$@%give', 'root$@%give$@%VROOT', 'det$@%a$@%package', 'dobj$@%package$@%give', 'erased$@%to$@%WORDERASED', 'det$@%a$@%woman', 'prep_to$@%woman$@%give', 'punct$@%.$@%give']","['x$@%the$@%officer', 'x$@%poster$@%officer', 'x$@%officer$@%give', 'x$@%be$@%give', 'x$@%give$@%VROOT', 'x$@%a$@%package', 'x$@%package$@%give', 'x$@%to$@%WORDERASED', 'x$@%a$@%woman', 'x$@%woman$@%give', 'x$@%.$@%give']","['x$@%the$@%x', 'x$@%poster$@%x', 'x$@%officer$@%x', 'x$@%be$@%x', 'x$@%give$@%x', 'x$@%a$@%x', 'x$@%package$@%x', 'x$@%to$@%x', 'x$@%a$@%x', 'x$@%woman$@%x', 'x$@%.$@%x']",0.79735327285444935,0.77769366219512648,0.50753242461877979,0.79068246455208757,0.77244064194896223,0.50100456624140621,0.851,32.0,33.0,49.0,35.0,34.0,49.0,26.5
I03T-gNNS-p025-r1,He is passing a box to a woman.,1,1,1,1,1,"1	he	_	PRP	PRP	_	3	nsubj	_	_
2	be	_	VBZ	VBZ	_	3	aux	_	_
3	pass	_	VBG	VBG	_	0	root	_	_
4	a	_	DT	DT	_	5	det	_	_
5	box	_	NN	NN	_	3	dobj	_	_
6	to	_	TO	TO	_	0	erased	_	_
7	a	_	DT	DT	_	8	det	_	_
8	woman	_	NN	NN	_	3	prep_to	_	_
9	.	_	.	.	_	3	punct	_	_","['nsubj$@%he$@%pass', 'aux$@%be$@%pass', 'root$@%pass$@%VROOT', 'det$@%a$@%box', 'dobj$@%box$@%pass', 'erased$@%to$@%WORDERASED', 'det$@%a$@%woman', 'prep_to$@%woman$@%pass', 'punct$@%.$@%pass']","['x$@%he$@%pass', 'x$@%be$@%pass', 'x$@%pass$@%VROOT', 'x$@%a$@%box', 'x$@%box$@%pass', 'x$@%to$@%WORDERASED', 'x$@%a$@%woman', 'x$@%woman$@%pass', 'x$@%.$@%pass']","['x$@%he$@%x', 'x$@%be$@%x', 'x$@%pass$@%x', 'x$@%a$@%x', 'x$@%box$@%x', 'x$@%to$@%x', 'x$@%a$@%x', 'x$@%woman$@%x', 'x$@%.$@%x']",0.97756572302294087,0.9751732693231373,0.87585906549689319,0.97610966779843511,0.97369646467273452,0.8640184527655016,1.0,59.5,60.5,58.5,62.5,63.5,58.5,53.5
I03T-gNNS-p029-r1,The man is delivering package.,1,1,0,1,1,"1	the	_	DT	DT	_	2	det	_	_
2	man	_	NN	NN	_	4	nsubj	_	_
3	be	_	VBZ	VBZ	_	4	aux	_	_
4	deliver	_	VBG	VBG	_	0	root	_	_
5	package	_	NN	NN	_	4	dobj	_	_
6	.	_	.	.	_	4	punct	_	_","['det$@%the$@%man', 'nsubj$@%man$@%deliver', 'aux$@%be$@%deliver', 'root$@%deliver$@%VROOT', 'dobj$@%package$@%deliver', 'punct$@%.$@%deliver']","['x$@%the$@%man', 'x$@%man$@%deliver', 'x$@%be$@%deliver', 'x$@%deliver$@%VROOT', 'x$@%package$@%deliver', 'x$@%.$@%deliver']","['x$@%the$@%x', 'x$@%man$@%x', 'x$@%be$@%x', 'x$@%deliver$@%x', 'x$@%package$@%x', 'x$@%.$@%x']",0.20392379635203317,0.2187433280973522,0.041103525602618984,0.22384610381703163,0.24056348015751672,0.05880047088343765,0.944,10.5,11.5,6.5,10.5,11.5,13.5,34.0
I03T-gNNS-p031-r1,the man is passing a package to a sitting office lady. ,1,1,1,1,1,"1	the	_	DT	DT	_	2	det	_	_
2	man	_	NN	NN	_	4	nsubj	_	_
3	be	_	VBZ	VBZ	_	4	aux	_	_
4	pass	_	VBG	VBG	_	0	root	_	_
5	a	_	DT	DT	_	6	det	_	_
6	package	_	NN	NN	_	4	dobj	_	_
7	to	_	TO	TO	_	0	erased	_	_
8	a	_	DT	DT	_	11	det	_	_
9	sit	_	VBG	VBG	_	11	amod	_	_
10	office	_	NN	NN	_	11	nn	_	_
11	lady	_	NN	NN	_	4	prep_to	_	_
12	.	_	.	.	_	4	punct	_	_","['det$@%the$@%man', 'nsubj$@%man$@%pass', 'aux$@%be$@%pass', 'root$@%pass$@%VROOT', 'det$@%a$@%package', 'dobj$@%package$@%pass', 'erased$@%to$@%WORDERASED', 'det$@%a$@%lady', 'amod$@%sit$@%lady', 'nn$@%office$@%lady', 'prep_to$@%lady$@%pass', 'punct$@%.$@%pass']","['x$@%the$@%man', 'x$@%man$@%pass', 'x$@%be$@%pass', 'x$@%pass$@%VROOT', 'x$@%a$@%package', 'x$@%package$@%pass', 'x$@%to$@%WORDERASED', 'x$@%a$@%lady', 'x$@%sit$@%lady', 'x$@%office$@%lady', 'x$@%lady$@%pass', 'x$@%.$@%pass']","['x$@%the$@%x', 'x$@%man$@%x', 'x$@%be$@%x', 'x$@%pass$@%x', 'x$@%a$@%x', 'x$@%package$@%x', 'x$@%to$@%x', 'x$@%a$@%x', 'x$@%sit$@%x', 'x$@%office$@%x', 'x$@%lady$@%x', 'x$@%.$@%x']",0.84526533142869686,0.83336029739126749,0.3820572853748504,0.84518339562320832,0.83401492302732672,0.37380855158600834,1.0,41.0,42.0,43.0,42.0,42.0,43.0,53.5
I03T-gNNS-p033-r1,A woman is taking a package from a man.,0,0,1,1,1,"1	a	_	DT	DT	_	2	det	_	_
2	woman	_	NN	NN	_	4	nsubj	_	_
3	be	_	VBZ	VBZ	_	4	aux	_	_
4	take	_	VBG	VBG	_	0	root	_	_
5	a	_	DT	DT	_	6	det	_	_
6	package	_	NN	NN	_	4	dobj	_	_
7	from	_	IN	IN	_	0	erased	_	_
8	a	_	DT	DT	_	9	det	_	_
9	man	_	NN	NN	_	4	prep_from	_	_
10	.	_	.	.	_	4	punct	_	_","['det$@%a$@%woman', 'nsubj$@%woman$@%take', 'aux$@%be$@%take', 'root$@%take$@%VROOT', 'det$@%a$@%package', 'dobj$@%package$@%take', 'erased$@%from$@%WORDERASED', 'det$@%a$@%man', 'prep_from$@%man$@%take', 'punct$@%.$@%take']","['x$@%a$@%woman', 'x$@%woman$@%take', 'x$@%be$@%take', 'x$@%take$@%VROOT', 'x$@%a$@%package', 'x$@%package$@%take', 'x$@%from$@%WORDERASED', 'x$@%a$@%man', 'x$@%man$@%take', 'x$@%.$@%take']","['x$@%a$@%x', 'x$@%woman$@%x', 'x$@%be$@%x', 'x$@%take$@%x', 'x$@%a$@%x', 'x$@%package$@%x', 'x$@%from$@%x', 'x$@%a$@%x', 'x$@%man$@%x', 'x$@%.$@%x']",0.80171102624104273,0.76826076076293193,0.17515561160506299,0.80261172132498471,0.77035169418636817,0.16336996904647416,0.542,34.0,31.0,19.0,38.0,33.0,19.0,18.0
I03T-gNNS-p035-r1,The man is putting the package to the woman.,0,1,0,0,0,"1	the	_	DT	DT	_	2	det	_	_
2	man	_	NN	NN	_	4	nsubj	_	_
3	be	_	VBZ	VBZ	_	4	aux	_	_
4	put	_	VBG	VBG	_	0	root	_	_
5	the	_	DT	DT	_	6	det	_	_
6	package	_	NN	NN	_	4	dobj	_	_
7	to	_	TO	TO	_	0	erased	_	_
8	the	_	DT	DT	_	9	det	_	_
9	woman	_	NN	NN	_	4	prep_to	_	_
10	.	_	.	.	_	4	punct	_	_","['det$@%the$@%man', 'nsubj$@%man$@%put', 'aux$@%be$@%put', 'root$@%put$@%VROOT', 'det$@%the$@%package', 'dobj$@%package$@%put', 'erased$@%to$@%WORDERASED', 'det$@%the$@%woman', 'prep_to$@%woman$@%put', 'punct$@%.$@%put']","['x$@%the$@%man', 'x$@%man$@%put', 'x$@%be$@%put', 'x$@%put$@%VROOT', 'x$@%the$@%package', 'x$@%package$@%put', 'x$@%to$@%WORDERASED', 'x$@%the$@%woman', 'x$@%woman$@%put', 'x$@%.$@%put']","['x$@%the$@%x', 'x$@%man$@%x', 'x$@%be$@%x', 'x$@%put$@%x', 'x$@%the$@%x', 'x$@%package$@%x', 'x$@%to$@%x', 'x$@%the$@%x', 'x$@%woman$@%x', 'x$@%.$@%x']",0.97153284927963035,0.96814132318870227,0.1961199050866308,0.9614618568816562,0.95703691986770401,0.18464276805795754,0.093,57.0,56.0,30.0,57.0,56.0,30.0,2.5
I03T-gNNS-p045-r1,The man is delivered the package.,1,0,0,1,1,"1	the	_	DT	DT	_	2	det	_	_
2	man	_	NN	NN	_	4	nsubjpass	_	_
3	be	_	VBZ	VBZ	_	4	auxpass	_	_
4	deliver	_	VBN	VBN	_	0	root	_	_
5	the	_	DT	DT	_	6	det	_	_
6	package	_	NN	NN	_	4	dobj	_	_
7	.	_	.	.	_	4	punct	_	_","['det$@%the$@%man', 'nsubjpass$@%man$@%deliver', 'auxpass$@%be$@%deliver', 'root$@%deliver$@%VROOT', 'det$@%the$@%package', 'dobj$@%package$@%deliver', 'punct$@%.$@%deliver']","['x$@%the$@%man', 'x$@%man$@%deliver', 'x$@%be$@%deliver', 'x$@%deliver$@%VROOT', 'x$@%the$@%package', 'x$@%package$@%deliver', 'x$@%.$@%deliver']","['x$@%the$@%x', 'x$@%man$@%x', 'x$@%be$@%x', 'x$@%deliver$@%x', 'x$@%the$@%x', 'x$@%package$@%x', 'x$@%.$@%x']",0.59450214517717181,0.28801078842469507,0.041106639014828916,0.60551288458530972,0.30226640132920546,0.058799845567690356,0.851,20.0,14.0,8.0,21.0,14.0,12.0,26.5
I03T-gNNS-p046-r1,He is passing a package to the woman.,1,1,1,1,1,"1	he	_	PRP	PRP	_	3	nsubj	_	_
2	be	_	VBZ	VBZ	_	3	aux	_	_
3	pass	_	VBG	VBG	_	0	root	_	_
4	a	_	DT	DT	_	5	det	_	_
5	package	_	NN	NN	_	3	dobj	_	_
6	to	_	TO	TO	_	0	erased	_	_
7	the	_	DT	DT	_	8	det	_	_
8	woman	_	NN	NN	_	3	prep_to	_	_
9	.	_	.	.	_	3	punct	_	_","['nsubj$@%he$@%pass', 'aux$@%be$@%pass', 'root$@%pass$@%VROOT', 'det$@%a$@%package', 'dobj$@%package$@%pass', 'erased$@%to$@%WORDERASED', 'det$@%the$@%woman', 'prep_to$@%woman$@%pass', 'punct$@%.$@%pass']","['x$@%he$@%pass', 'x$@%be$@%pass', 'x$@%pass$@%VROOT', 'x$@%a$@%package', 'x$@%package$@%pass', 'x$@%to$@%WORDERASED', 'x$@%the$@%woman', 'x$@%woman$@%pass', 'x$@%.$@%pass']","['x$@%he$@%x', 'x$@%be$@%x', 'x$@%pass$@%x', 'x$@%a$@%x', 'x$@%package$@%x', 'x$@%to$@%x', 'x$@%the$@%x', 'x$@%woman$@%x', 'x$@%.$@%x']",0.8007839482036081,0.77942396450186568,0.22960336772259993,0.79850416010525793,0.77787979009699204,0.21963017953464259,1.0,33.0,34.0,32.0,36.0,36.0,32.0,53.5
I03T-gNNS-p047-r1,The woman is receiving a box from a man,0,0,1,1,1,"1	the	_	DT	DT	_	2	det	_	_
2	woman	_	NN	NN	_	4	nsubj	_	_
3	be	_	VBZ	VBZ	_	4	aux	_	_
4	receive	_	VBG	VBG	_	0	root	_	_
5	a	_	DT	DT	_	6	det	_	_
6	box	_	NN	NN	_	4	dobj	_	_
7	from	_	IN	IN	_	0	erased	_	_
8	a	_	DT	DT	_	9	det	_	_
9	man	_	NN	NN	_	4	prep_from	_	_
10	.	_	.	.	_	4	punct	_	_","['det$@%the$@%woman', 'nsubj$@%woman$@%receive', 'aux$@%be$@%receive', 'root$@%receive$@%VROOT', 'det$@%a$@%box', 'dobj$@%box$@%receive', 'erased$@%from$@%WORDERASED', 'det$@%a$@%man', 'prep_from$@%man$@%receive', 'punct$@%.$@%receive']","['x$@%the$@%woman', 'x$@%woman$@%receive', 'x$@%be$@%receive', 'x$@%receive$@%VROOT', 'x$@%a$@%box', 'x$@%box$@%receive', 'x$@%from$@%WORDERASED', 'x$@%a$@%man', 'x$@%man$@%receive', 'x$@%.$@%receive']","['x$@%the$@%x', 'x$@%woman$@%x', 'x$@%be$@%x', 'x$@%receive$@%x', 'x$@%a$@%x', 'x$@%box$@%x', 'x$@%from$@%x', 'x$@%a$@%x', 'x$@%man$@%x', 'x$@%.$@%x']",0.96448161997693205,0.96069660077134056,0.86699622576308877,0.96003187080767094,0.9559669491481898,0.8540893557703324,0.542,56.0,55.0,57.0,56.0,55.0,57.0,18.0
I03T-gNNS-p048-r1,He is delivering packages.,1,1,1,1,1,"1	he	_	PRP	PRP	_	3	nsubj	_	_
2	be	_	VBZ	VBZ	_	3	aux	_	_
3	deliver	_	VBG	VBG	_	0	root	_	_
4	package	_	NNS	NNS	_	3	dobj	_	_
5	.	_	.	.	_	3	punct	_	_","['nsubj$@%he$@%deliver', 'aux$@%be$@%deliver', 'root$@%deliver$@%VROOT', 'dobj$@%package$@%deliver', 'punct$@%.$@%deliver']","['x$@%he$@%deliver', 'x$@%be$@%deliver', 'x$@%deliver$@%VROOT', 'x$@%package$@%deliver', 'x$@%.$@%deliver']","['x$@%he$@%x', 'x$@%be$@%x', 'x$@%deliver$@%x', 'x$@%package$@%x', 'x$@%.$@%x']",0.31489861275038911,0.33922689682300855,0.044702528963172283,0.35150508806833736,0.37805335074717394,0.063459102282854563,1.0,16.0,17.0,10.0,16.0,18.0,18.0,53.5
I03T-gNNS-p049-r1,A woman is receiving a package from a mail person ,0,0,1,1,1,"1	a	_	DT	DT	_	2	det	_	_
2	woman	_	NN	NN	_	4	nsubj	_	_
3	be	_	VBZ	VBZ	_	4	aux	_	_
4	receive	_	VBG	VBG	_	0	root	_	_
5	a	_	DT	DT	_	6	det	_	_
6	package	_	NN	NN	_	4	dobj	_	_
7	from	_	IN	IN	_	0	erased	_	_
8	a	_	DT	DT	_	10	det	_	_
9	mail	_	NN	NN	_	10	nn	_	_
10	person	_	NN	NN	_	4	prep_from	_	_
11	.	_	.	.	_	4	punct	_	_","['det$@%a$@%woman', 'nsubj$@%woman$@%receive', 'aux$@%be$@%receive', 'root$@%receive$@%VROOT', 'det$@%a$@%package', 'dobj$@%package$@%receive', 'erased$@%from$@%WORDERASED', 'det$@%a$@%person', 'nn$@%mail$@%person', 'prep_from$@%person$@%receive', 'punct$@%.$@%receive']","['x$@%a$@%woman', 'x$@%woman$@%receive', 'x$@%be$@%receive', 'x$@%receive$@%VROOT', 'x$@%a$@%package', 'x$@%package$@%receive', 'x$@%from$@%WORDERASED', 'x$@%a$@%person', 'x$@%mail$@%person', 'x$@%person$@%receive', 'x$@%.$@%receive']","['x$@%a$@%x', 'x$@%woman$@%x', 'x$@%be$@%x', 'x$@%receive$@%x', 'x$@%a$@%x', 'x$@%package$@%x', 'x$@%from$@%x', 'x$@%a$@%x', 'x$@%mail$@%x', 'x$@%person$@%x', 'x$@%.$@%x']",0.83721224713419795,0.8220192941708514,0.41086198598997248,0.83795168375516915,0.82362517588415174,0.40316878579747051,0.542,40.0,40.0,45.0,41.0,41.0,45.0,18.0
I03T-gNNS-p050-r1,The man is giving a woman a gift.,0,1,1,1,0,"1	the	_	DT	DT	_	2	det	_	_
2	man	_	NN	NN	_	4	nsubj	_	_
3	be	_	VBZ	VBZ	_	4	aux	_	_
4	give	_	VBG	VBG	_	0	root	_	_
5	a	_	DT	DT	_	6	det	_	_
6	woman	_	NN	NN	_	4	iobj	_	_
7	a	_	DT	DT	_	8	det	_	_
8	gift	_	NN	NN	_	4	dobj	_	_
9	.	_	.	.	_	4	punct	_	_","['det$@%the$@%man', 'nsubj$@%man$@%give', 'aux$@%be$@%give', 'root$@%give$@%VROOT', 'det$@%a$@%woman', 'iobj$@%woman$@%give', 'det$@%a$@%gift', 'dobj$@%gift$@%give', 'punct$@%.$@%give']","['x$@%the$@%man', 'x$@%man$@%give', 'x$@%be$@%give', 'x$@%give$@%VROOT', 'x$@%a$@%woman', 'x$@%woman$@%give', 'x$@%a$@%gift', 'x$@%gift$@%give', 'x$@%.$@%give']","['x$@%the$@%x', 'x$@%man$@%x', 'x$@%be$@%x', 'x$@%give$@%x', 'x$@%a$@%x', 'x$@%woman$@%x', 'x$@%a$@%x', 'x$@%gift$@%x', 'x$@%.$@%x']",0.9278498727166653,0.92763706544579694,0.89555941885209345,0.91913654677794332,0.91931414278465662,0.89110029795308332,0.373,50.0,49.0,62.0,50.0,49.0,63.0,11.0
I03T-gNNS-p052-r1,A delivery man is delivering a red package to center desk.,1,0,0,1,0,"1	a	_	DT	DT	_	3	det	_	_
2	delivery	_	NN	NN	_	3	nn	_	_
3	man	_	NN	NN	_	5	nsubj	_	_
4	be	_	VBZ	VBZ	_	5	aux	_	_
5	deliver	_	VBG	VBG	_	0	root	_	_
6	a	_	DT	DT	_	8	det	_	_
7	red	_	JJ	JJ	_	8	amod	_	_
8	package	_	NN	NN	_	5	dobj	_	_
9	to	_	TO	TO	_	0	erased	_	_
10	center	_	NN	NN	_	11	nn	_	_
11	desk	_	NN	NN	_	5	prep_to	_	_
12	.	_	.	.	_	5	punct	_	_","['det$@%a$@%man', 'nn$@%delivery$@%man', 'nsubj$@%man$@%deliver', 'aux$@%be$@%deliver', 'root$@%deliver$@%VROOT', 'det$@%a$@%package', 'amod$@%red$@%package', 'dobj$@%package$@%deliver', 'erased$@%to$@%WORDERASED', 'nn$@%center$@%desk', 'prep_to$@%desk$@%deliver', 'punct$@%.$@%deliver']","['x$@%a$@%man', 'x$@%delivery$@%man', 'x$@%man$@%deliver', 'x$@%be$@%deliver', 'x$@%deliver$@%VROOT', 'x$@%a$@%package', 'x$@%red$@%package', 'x$@%package$@%deliver', 'x$@%to$@%WORDERASED', 'x$@%center$@%desk', 'x$@%desk$@%deliver', 'x$@%.$@%deliver']","['x$@%a$@%x', 'x$@%delivery$@%x', 'x$@%man$@%x', 'x$@%be$@%x', 'x$@%deliver$@%x', 'x$@%a$@%x', 'x$@%red$@%x', 'x$@%package$@%x', 'x$@%to$@%x', 'x$@%center$@%x', 'x$@%desk$@%x', 'x$@%.$@%x']",0.34423178723936509,0.36115481815263006,0.39643385623971883,0.35968688246494507,0.37814351827586945,0.40195389896092493,0.589,17.0,19.0,44.0,17.0,19.0,44.0,22.0
I03T-gNNS-p053-r1,The man is handing over a package to the lady,1,1,1,1,1,"1	the	_	DT	DT	_	2	det	_	_
2	man	_	NN	NN	_	4	nsubj	_	_
3	be	_	VBZ	VBZ	_	4	aux	_	_
4	hand	_	VBG	VBG	_	0	root	_	_
5	over	_	IN	IN	_	0	erased	_	_
6	a	_	DT	DT	_	7	det	_	_
7	package	_	NN	NN	_	4	prep_over	_	_
8	to	_	TO	TO	_	0	erased	_	_
9	the	_	DT	DT	_	10	det	_	_
10	lady	_	NN	NN	_	4	prep_to	_	_
11	.	_	.	.	_	4	punct	_	_","['det$@%the$@%man', 'nsubj$@%man$@%hand', 'aux$@%be$@%hand', 'root$@%hand$@%VROOT', 'erased$@%over$@%WORDERASED', 'det$@%a$@%package', 'prep_over$@%package$@%hand', 'erased$@%to$@%WORDERASED', 'det$@%the$@%lady', 'prep_to$@%lady$@%hand', 'punct$@%.$@%hand']","['x$@%the$@%man', 'x$@%man$@%hand', 'x$@%be$@%hand', 'x$@%hand$@%VROOT', 'x$@%over$@%WORDERASED', 'x$@%a$@%package', 'x$@%package$@%hand', 'x$@%to$@%WORDERASED', 'x$@%the$@%lady', 'x$@%lady$@%hand', 'x$@%.$@%hand']","['x$@%the$@%x', 'x$@%man$@%x', 'x$@%be$@%x', 'x$@%hand$@%x', 'x$@%over$@%x', 'x$@%a$@%x', 'x$@%package$@%x', 'x$@%to$@%x', 'x$@%the$@%x', 'x$@%lady$@%x', 'x$@%.$@%x']",0.66847850078696225,0.63454603800487375,0.28356675870241987,0.64394292805873665,0.60351293020668428,0.27621947643407341,1.0,23.0,23.0,39.0,23.0,23.0,37.0,53.5
I03T-gNNS-p054-r1,A man is sending a package to a woman. ,0,0,1,0,0,"1	a	_	DT	DT	_	2	det	_	_
2	man	_	NN	NN	_	4	nsubj	_	_
3	be	_	VBZ	VBZ	_	4	aux	_	_
4	send	_	VBG	VBG	_	0	root	_	_
5	a	_	DT	DT	_	6	det	_	_
6	package	_	NN	NN	_	4	dobj	_	_
7	to	_	TO	TO	_	0	erased	_	_
8	a	_	DT	DT	_	9	det	_	_
9	woman	_	NN	NN	_	4	prep_to	_	_
10	.	_	.	.	_	4	punct	_	_","['det$@%a$@%man', 'nsubj$@%man$@%send', 'aux$@%be$@%send', 'root$@%send$@%VROOT', 'det$@%a$@%package', 'dobj$@%package$@%send', 'erased$@%to$@%WORDERASED', 'det$@%a$@%woman', 'prep_to$@%woman$@%send', 'punct$@%.$@%send']","['x$@%a$@%man', 'x$@%man$@%send', 'x$@%be$@%send', 'x$@%send$@%VROOT', 'x$@%a$@%package', 'x$@%package$@%send', 'x$@%to$@%WORDERASED', 'x$@%a$@%woman', 'x$@%woman$@%send', 'x$@%.$@%send']","['x$@%a$@%x', 'x$@%man$@%x', 'x$@%be$@%x', 'x$@%send$@%x', 'x$@%a$@%x', 'x$@%package$@%x', 'x$@%to$@%x', 'x$@%a$@%x', 'x$@%woman$@%x', 'x$@%.$@%x']",0.82579724135858268,0.79838150327123758,0.23713300011319138,0.82658615785665168,0.80019792991492711,0.22625127754005625,0.056,39.0,38.0,34.0,39.0,39.0,34.0,1.0
I03T-gNNS-p055-r1,The man is giving a box to a woman.,1,1,1,1,1,"1	the	_	DT	DT	_	2	det	_	_
2	man	_	NN	NN	_	4	nsubj	_	_
3	be	_	VBZ	VBZ	_	4	aux	_	_
4	give	_	VBG	VBG	_	0	root	_	_
5	a	_	DT	DT	_	6	det	_	_
6	box	_	NN	NN	_	4	dobj	_	_
7	to	_	TO	TO	_	0	erased	_	_
8	a	_	DT	DT	_	9	det	_	_
9	woman	_	NN	NN	_	4	prep_to	_	_
10	.	_	.	.	_	4	punct	_	_","['det$@%the$@%man', 'nsubj$@%man$@%give', 'aux$@%be$@%give', 'root$@%give$@%VROOT', 'det$@%a$@%box', 'dobj$@%box$@%give', 'erased$@%to$@%WORDERASED', 'det$@%a$@%woman', 'prep_to$@%woman$@%give', 'punct$@%.$@%give']","['x$@%the$@%man', 'x$@%man$@%give', 'x$@%be$@%give', 'x$@%give$@%VROOT', 'x$@%a$@%box', 'x$@%box$@%give', 'x$@%to$@%WORDERASED', 'x$@%a$@%woman', 'x$@%woman$@%give', 'x$@%.$@%give']","['x$@%the$@%x', 'x$@%man$@%x', 'x$@%be$@%x', 'x$@%give$@%x', 'x$@%a$@%x', 'x$@%box$@%x', 'x$@%to$@%x', 'x$@%a$@%x', 'x$@%woman$@%x', 'x$@%.$@%x']",0.91944660267931577,0.91658333839683714,0.85439619014552437,0.90742959396414791,0.90593013767238928,0.84017743925565558,1.0,46.0,46.0,56.0,47.0,47.0,54.0,53.5
I03T-gNNS-p056-r1,The man is delivering a package to the woman.,1,1,1,1,1,"1	the	_	DT	DT	_	2	det	_	_
2	man	_	NN	NN	_	4	nsubj	_	_
3	be	_	VBZ	VBZ	_	4	aux	_	_
4	deliver	_	VBG	VBG	_	0	root	_	_
5	a	_	DT	DT	_	6	det	_	_
6	package	_	NN	NN	_	4	dobj	_	_
7	to	_	TO	TO	_	0	erased	_	_
8	the	_	DT	DT	_	9	det	_	_
9	woman	_	NN	NN	_	4	prep_to	_	_
10	.	_	.	.	_	4	punct	_	_","['det$@%the$@%man', 'nsubj$@%man$@%deliver', 'aux$@%be$@%deliver', 'root$@%deliver$@%VROOT', 'det$@%a$@%package', 'dobj$@%package$@%deliver', 'erased$@%to$@%WORDERASED', 'det$@%the$@%woman', 'prep_to$@%woman$@%deliver', 'punct$@%.$@%deliver']","['x$@%the$@%man', 'x$@%man$@%deliver', 'x$@%be$@%deliver', 'x$@%deliver$@%VROOT', 'x$@%a$@%package', 'x$@%package$@%deliver', 'x$@%to$@%WORDERASED', 'x$@%the$@%woman', 'x$@%woman$@%deliver', 'x$@%.$@%deliver']","['x$@%the$@%x', 'x$@%man$@%x', 'x$@%be$@%x', 'x$@%deliver$@%x', 'x$@%a$@%x', 'x$@%package$@%x', 'x$@%to$@%x', 'x$@%the$@%x', 'x$@%woman$@%x', 'x$@%.$@%x']",0.12939119520535636,0.13315454364621193,0.045915403751896622,0.13076336996194748,0.13540203461975564,0.053314085343056594,1.0,7.0,7.0,13.0,7.0,7.0,2.0,53.5
I03T-gNNS-p059-r1,The man is delivering a package.,1,1,1,1,1,"1	the	_	DT	DT	_	2	det	_	_
2	man	_	NN	NN	_	4	nsubj	_	_
3	be	_	VBZ	VBZ	_	4	aux	_	_
4	deliver	_	VBG	VBG	_	0	root	_	_
5	a	_	DT	DT	_	6	det	_	_
6	package	_	NN	NN	_	4	dobj	_	_
7	.	_	.	.	_	4	punct	_	_","['det$@%the$@%man', 'nsubj$@%man$@%deliver', 'aux$@%be$@%deliver', 'root$@%deliver$@%VROOT', 'det$@%a$@%package', 'dobj$@%package$@%deliver', 'punct$@%.$@%deliver']","['x$@%the$@%man', 'x$@%man$@%deliver', 'x$@%be$@%deliver', 'x$@%deliver$@%VROOT', 'x$@%a$@%package', 'x$@%package$@%deliver', 'x$@%.$@%deliver']","['x$@%the$@%x', 'x$@%man$@%x', 'x$@%be$@%x', 'x$@%deliver$@%x', 'x$@%a$@%x', 'x$@%package$@%x', 'x$@%.$@%x']",0.081525272952836514,0.081737269998485518,0.041098157222905662,0.10184700360933419,0.10472084134434545,0.058796440673443029,1.0,3.0,3.0,3.0,3.0,3.0,9.0,53.5
I03T-gNNS-p060-r1,He is passing a box to a woman.,1,1,1,1,1,"1	he	_	PRP	PRP	_	3	nsubj	_	_
2	be	_	VBZ	VBZ	_	3	aux	_	_
3	pass	_	VBG	VBG	_	0	root	_	_
4	a	_	DT	DT	_	5	det	_	_
5	box	_	NN	NN	_	3	dobj	_	_
6	to	_	TO	TO	_	0	erased	_	_
7	a	_	DT	DT	_	8	det	_	_
8	woman	_	NN	NN	_	3	prep_to	_	_
9	.	_	.	.	_	3	punct	_	_","['nsubj$@%he$@%pass', 'aux$@%be$@%pass', 'root$@%pass$@%VROOT', 'det$@%a$@%box', 'dobj$@%box$@%pass', 'erased$@%to$@%WORDERASED', 'det$@%a$@%woman', 'prep_to$@%woman$@%pass', 'punct$@%.$@%pass']","['x$@%he$@%pass', 'x$@%be$@%pass', 'x$@%pass$@%VROOT', 'x$@%a$@%box', 'x$@%box$@%pass', 'x$@%to$@%WORDERASED', 'x$@%a$@%woman', 'x$@%woman$@%pass', 'x$@%.$@%pass']","['x$@%he$@%x', 'x$@%be$@%x', 'x$@%pass$@%x', 'x$@%a$@%x', 'x$@%box$@%x', 'x$@%to$@%x', 'x$@%a$@%x', 'x$@%woman$@%x', 'x$@%.$@%x']",0.97756572302294087,0.9751732693231373,0.87585906549689319,0.97610966779843511,0.97369646467273452,0.8640184527655016,1.0,59.5,60.5,58.5,62.5,63.5,58.5,53.5
I03T-gNNS-p061-r1,He is delivering a package to a woman.,1,1,1,1,1,"1	he	_	PRP	PRP	_	3	nsubj	_	_
2	be	_	VBZ	VBZ	_	3	aux	_	_
3	deliver	_	VBG	VBG	_	0	root	_	_
4	a	_	DT	DT	_	5	det	_	_
5	package	_	NN	NN	_	3	dobj	_	_
6	to	_	TO	TO	_	0	erased	_	_
7	a	_	DT	DT	_	8	det	_	_
8	woman	_	NN	NN	_	3	prep_to	_	_
9	.	_	.	.	_	3	punct	_	_","['nsubj$@%he$@%deliver', 'aux$@%be$@%deliver', 'root$@%deliver$@%VROOT', 'det$@%a$@%package', 'dobj$@%package$@%deliver', 'erased$@%to$@%WORDERASED', 'det$@%a$@%woman', 'prep_to$@%woman$@%deliver', 'punct$@%.$@%deliver']","['x$@%he$@%deliver', 'x$@%be$@%deliver', 'x$@%deliver$@%VROOT', 'x$@%a$@%package', 'x$@%package$@%deliver', 'x$@%to$@%WORDERASED', 'x$@%a$@%woman', 'x$@%woman$@%deliver', 'x$@%.$@%deliver']","['x$@%he$@%x', 'x$@%be$@%x', 'x$@%deliver$@%x', 'x$@%a$@%x', 'x$@%package$@%x', 'x$@%to$@%x', 'x$@%a$@%x', 'x$@%woman$@%x', 'x$@%.$@%x']",0.23489140829893218,0.24675183062311745,0.049577463824421408,0.2514378445609039,0.26376255194584952,0.057935122072935719,1.0,12.0,13.0,17.0,12.0,13.0,6.0,53.5
I03T-gNNS-p062-r1,The man is looking the young lady.,0,1,0,1,1,"1	the	_	DT	DT	_	2	det	_	_
2	man	_	NN	NN	_	4	nsubj	_	_
3	be	_	VBZ	VBZ	_	4	aux	_	_
4	look	_	VBG	VBG	_	0	root	_	_
5	the	_	DT	DT	_	7	det	_	_
6	young	_	JJ	JJ	_	7	amod	_	_
7	lady	_	NN	NN	_	4	dobj	_	_
8	.	_	.	.	_	4	punct	_	_","['det$@%the$@%man', 'nsubj$@%man$@%look', 'aux$@%be$@%look', 'root$@%look$@%VROOT', 'det$@%the$@%lady', 'amod$@%young$@%lady', 'dobj$@%lady$@%look', 'punct$@%.$@%look']","['x$@%the$@%man', 'x$@%man$@%look', 'x$@%be$@%look', 'x$@%look$@%VROOT', 'x$@%the$@%lady', 'x$@%young$@%lady', 'x$@%lady$@%look', 'x$@%.$@%look']","['x$@%the$@%x', 'x$@%man$@%x', 'x$@%be$@%x', 'x$@%look$@%x', 'x$@%the$@%x', 'x$@%young$@%x', 'x$@%lady$@%x', 'x$@%.$@%x']",0.9788272698837257,0.97650506050220043,0.90648842834403598,0.97571966590382364,0.97317303731825822,0.89736357176007209,0.579,63.0,63.0,63.0,61.0,62.0,64.0,21.0
I03T-gNNS-p063-r1,The young man is giving a box to a young lady.,1,0,1,1,1,"1	the	_	DT	DT	_	3	det	_	_
2	young	_	JJ	JJ	_	3	amod	_	_
3	man	_	NN	NN	_	5	nsubj	_	_
4	be	_	VBZ	VBZ	_	5	aux	_	_
5	give	_	VBG	VBG	_	0	root	_	_
6	a	_	DT	DT	_	7	det	_	_
7	box	_	NN	NN	_	5	dobj	_	_
8	to	_	TO	TO	_	0	erased	_	_
9	a	_	DT	DT	_	11	det	_	_
10	young	_	JJ	JJ	_	11	amod	_	_
11	lady	_	NN	NN	_	5	prep_to	_	_
12	.	_	.	.	_	5	punct	_	_","['det$@%the$@%man', 'amod$@%young$@%man', 'nsubj$@%man$@%give', 'aux$@%be$@%give', 'root$@%give$@%VROOT', 'det$@%a$@%box', 'dobj$@%box$@%give', 'erased$@%to$@%WORDERASED', 'det$@%a$@%lady', 'amod$@%young$@%lady', 'prep_to$@%lady$@%give', 'punct$@%.$@%give']","['x$@%the$@%man', 'x$@%young$@%man', 'x$@%man$@%give', 'x$@%be$@%give', 'x$@%give$@%VROOT', 'x$@%a$@%box', 'x$@%box$@%give', 'x$@%to$@%WORDERASED', 'x$@%a$@%lady', 'x$@%young$@%lady', 'x$@%lady$@%give', 'x$@%.$@%give']","['x$@%the$@%x', 'x$@%young$@%x', 'x$@%man$@%x', 'x$@%be$@%x', 'x$@%give$@%x', 'x$@%a$@%x', 'x$@%box$@%x', 'x$@%to$@%x', 'x$@%a$@%x', 'x$@%young$@%x', 'x$@%lady$@%x', 'x$@%.$@%x']",0.92122521565265081,0.92869645113378008,0.92099463361158806,0.91064103075963376,0.92024747081836833,0.88248316896242396,0.907,47.0,50.0,66.0,49.0,50.0,62.0,30.5
I03T-gNNS-p064-r1,The man is handing a box to a woman.,1,1,1,1,1,"1	the	_	DT	DT	_	2	det	_	_
2	man	_	NN	NN	_	4	nsubj	_	_
3	be	_	VBZ	VBZ	_	4	aux	_	_
4	hand	_	VBG	VBG	_	0	root	_	_
5	a	_	DT	DT	_	6	det	_	_
6	box	_	NN	NN	_	4	dobj	_	_
7	to	_	TO	TO	_	0	erased	_	_
8	a	_	DT	DT	_	9	det	_	_
9	woman	_	NN	NN	_	4	prep_to	_	_
10	.	_	.	.	_	4	punct	_	_","['det$@%the$@%man', 'nsubj$@%man$@%hand', 'aux$@%be$@%hand', 'root$@%hand$@%VROOT', 'det$@%a$@%box', 'dobj$@%box$@%hand', 'erased$@%to$@%WORDERASED', 'det$@%a$@%woman', 'prep_to$@%woman$@%hand', 'punct$@%.$@%hand']","['x$@%the$@%man', 'x$@%man$@%hand', 'x$@%be$@%hand', 'x$@%hand$@%VROOT', 'x$@%a$@%box', 'x$@%box$@%hand', 'x$@%to$@%WORDERASED', 'x$@%a$@%woman', 'x$@%woman$@%hand', 'x$@%.$@%hand']","['x$@%the$@%x', 'x$@%man$@%x', 'x$@%be$@%x', 'x$@%hand$@%x', 'x$@%a$@%x', 'x$@%box$@%x', 'x$@%to$@%x', 'x$@%a$@%x', 'x$@%woman$@%x', 'x$@%.$@%x']",0.81132277894725613,0.79249362194873474,0.84179977551114815,0.78033887337147978,0.76223235132452771,0.82591109455163747,1.0,38.0,37.0,53.0,32.0,32.0,53.0,53.5
I03T-gNNS-p067-r1,He is delivering a package.,1,1,1,1,1,"1	he	_	PRP	PRP	_	3	nsubj	_	_
2	be	_	VBZ	VBZ	_	3	aux	_	_
3	deliver	_	VBG	VBG	_	0	root	_	_
4	a	_	DT	DT	_	5	det	_	_
5	package	_	NN	NN	_	3	dobj	_	_
6	.	_	.	.	_	3	punct	_	_","['nsubj$@%he$@%deliver', 'aux$@%be$@%deliver', 'root$@%deliver$@%VROOT', 'det$@%a$@%package', 'dobj$@%package$@%deliver', 'punct$@%.$@%deliver']","['x$@%he$@%deliver', 'x$@%be$@%deliver', 'x$@%deliver$@%VROOT', 'x$@%a$@%package', 'x$@%package$@%deliver', 'x$@%.$@%deliver']","['x$@%he$@%x', 'x$@%be$@%x', 'x$@%deliver$@%x', 'x$@%a$@%x', 'x$@%package$@%x', 'x$@%.$@%x']",0.1799654026459665,0.18553586997124305,0.044697136120082304,0.21546048942945273,0.22374138876436445,0.063455052178641225,1.0,9.0,10.0,9.0,9.0,10.0,16.0,53.5
I03T-gNNS-p068-r1,The Girl gets her package.,0,0,1,1,1,"1	the	_	DT	DT	_	2	det	_	_
2	girl	_	NNP	NNP	_	3	nsubj	_	_
3	get	_	VBZ	VBZ	_	0	root	_	_
4	she	_	PRP$	PRP$	_	5	poss	_	_
5	package	_	NN	NN	_	3	dobj	_	_
6	.	_	.	.	_	3	punct	_	_","['det$@%the$@%girl', 'nsubj$@%girl$@%get', 'root$@%get$@%VROOT', 'poss$@%she$@%package', 'dobj$@%package$@%get', 'punct$@%.$@%get']","['x$@%the$@%girl', 'x$@%girl$@%get', 'x$@%get$@%VROOT', 'x$@%she$@%package', 'x$@%package$@%get', 'x$@%.$@%get']","['x$@%the$@%x', 'x$@%girl$@%x', 'x$@%get$@%x', 'x$@%she$@%x', 'x$@%package$@%x', 'x$@%.$@%x']",1.0,1.0,0.27834693826303081,1.0,1.0,0.27936561950603378,0.542,71.0,71.0,38.0,71.0,71.0,38.0,18.0
I03T-gNNS-p071-r1,The man is delivering a package.,1,1,1,1,1,"1	the	_	DT	DT	_	2	det	_	_
2	man	_	NN	NN	_	4	nsubj	_	_
3	be	_	VBZ	VBZ	_	4	aux	_	_
4	deliver	_	VBG	VBG	_	0	root	_	_
5	a	_	DT	DT	_	6	det	_	_
6	package	_	NN	NN	_	4	dobj	_	_
7	.	_	.	.	_	4	punct	_	_","['det$@%the$@%man', 'nsubj$@%man$@%deliver', 'aux$@%be$@%deliver', 'root$@%deliver$@%VROOT', 'det$@%a$@%package', 'dobj$@%package$@%deliver', 'punct$@%.$@%deliver']","['x$@%the$@%man', 'x$@%man$@%deliver', 'x$@%be$@%deliver', 'x$@%deliver$@%VROOT', 'x$@%a$@%package', 'x$@%package$@%deliver', 'x$@%.$@%deliver']","['x$@%the$@%x', 'x$@%man$@%x', 'x$@%be$@%x', 'x$@%deliver$@%x', 'x$@%a$@%x', 'x$@%package$@%x', 'x$@%.$@%x']",0.081525272952836514,0.081737269998485518,0.041098157222905662,0.10184700360933419,0.10472084134434545,0.058796440673443029,1.0,3.0,3.0,3.0,3.0,3.0,9.0,53.5
I03T-gNNS-p073-r1,The man is giving the package to the woman.,1,1,1,1,1,"1	the	_	DT	DT	_	2	det	_	_
2	man	_	NN	NN	_	4	nsubj	_	_
3	be	_	VBZ	VBZ	_	4	aux	_	_
4	give	_	VBG	VBG	_	0	root	_	_
5	the	_	DT	DT	_	6	det	_	_
6	package	_	NN	NN	_	4	dobj	_	_
7	to	_	TO	TO	_	0	erased	_	_
8	the	_	DT	DT	_	9	det	_	_
9	woman	_	NN	NN	_	4	prep_to	_	_
10	.	_	.	.	_	4	punct	_	_","['det$@%the$@%man', 'nsubj$@%man$@%give', 'aux$@%be$@%give', 'root$@%give$@%VROOT', 'det$@%the$@%package', 'dobj$@%package$@%give', 'erased$@%to$@%WORDERASED', 'det$@%the$@%woman', 'prep_to$@%woman$@%give', 'punct$@%.$@%give']","['x$@%the$@%man', 'x$@%man$@%give', 'x$@%be$@%give', 'x$@%give$@%VROOT', 'x$@%the$@%package', 'x$@%package$@%give', 'x$@%to$@%WORDERASED', 'x$@%the$@%woman', 'x$@%woman$@%give', 'x$@%.$@%give']","['x$@%the$@%x', 'x$@%man$@%x', 'x$@%be$@%x', 'x$@%give$@%x', 'x$@%the$@%x', 'x$@%package$@%x', 'x$@%to$@%x', 'x$@%the$@%x', 'x$@%woman$@%x', 'x$@%.$@%x']",0.89980277712191459,0.89395699948676866,0.17577943764136317,0.87639430946304775,0.87021740117258828,0.16381475792479783,1.0,44.0,44.0,23.0,44.0,44.0,23.0,53.5
I03T-gNNS-p076-r1,He is giving a box to the girl.,1,1,1,1,1,"1	he	_	PRP	PRP	_	3	nsubj	_	_
2	be	_	VBZ	VBZ	_	3	aux	_	_
3	give	_	VBG	VBG	_	0	root	_	_
4	a	_	DT	DT	_	5	det	_	_
5	box	_	NN	NN	_	3	dobj	_	_
6	to	_	TO	TO	_	0	erased	_	_
7	the	_	DT	DT	_	8	det	_	_
8	girl	_	NN	NN	_	3	prep_to	_	_
9	.	_	.	.	_	3	punct	_	_","['nsubj$@%he$@%give', 'aux$@%be$@%give', 'root$@%give$@%VROOT', 'det$@%a$@%box', 'dobj$@%box$@%give', 'erased$@%to$@%WORDERASED', 'det$@%the$@%girl', 'prep_to$@%girl$@%give', 'punct$@%.$@%give']","['x$@%he$@%give', 'x$@%be$@%give', 'x$@%give$@%VROOT', 'x$@%a$@%box', 'x$@%box$@%give', 'x$@%to$@%WORDERASED', 'x$@%the$@%girl', 'x$@%girl$@%give', 'x$@%.$@%give']","['x$@%he$@%x', 'x$@%be$@%x', 'x$@%give$@%x', 'x$@%a$@%x', 'x$@%box$@%x', 'x$@%to$@%x', 'x$@%the$@%x', 'x$@%girl$@%x', 'x$@%.$@%x']",0.96314107138933225,0.96872720996350192,0.9247995298800753,0.95999319526810589,0.9673047340608304,0.92511665747392158,1.0,55.0,57.0,67.0,55.0,57.0,67.0,53.5
I03T-gNNS-p080-r1,The man is delivering a package.,1,1,1,1,1,"1	the	_	DT	DT	_	2	det	_	_
2	man	_	NN	NN	_	4	nsubj	_	_
3	be	_	VBZ	VBZ	_	4	aux	_	_
4	deliver	_	VBG	VBG	_	0	root	_	_
5	a	_	DT	DT	_	6	det	_	_
6	package	_	NN	NN	_	4	dobj	_	_
7	.	_	.	.	_	4	punct	_	_","['det$@%the$@%man', 'nsubj$@%man$@%deliver', 'aux$@%be$@%deliver', 'root$@%deliver$@%VROOT', 'det$@%a$@%package', 'dobj$@%package$@%deliver', 'punct$@%.$@%deliver']","['x$@%the$@%man', 'x$@%man$@%deliver', 'x$@%be$@%deliver', 'x$@%deliver$@%VROOT', 'x$@%a$@%package', 'x$@%package$@%deliver', 'x$@%.$@%deliver']","['x$@%the$@%x', 'x$@%man$@%x', 'x$@%be$@%x', 'x$@%deliver$@%x', 'x$@%a$@%x', 'x$@%package$@%x', 'x$@%.$@%x']",0.081525272952836514,0.081737269998485518,0.041098157222905662,0.10184700360933419,0.10472084134434545,0.058796440673443029,1.0,3.0,3.0,3.0,3.0,3.0,9.0,53.5
I03T-gNNS-p084-r1,he is sending a package,0,1,1,1,0,"1	he	_	PRP	PRP	_	3	nsubj	_	_
2	be	_	VBZ	VBZ	_	3	aux	_	_
3	send	_	VBG	VBG	_	0	root	_	_
4	a	_	DT	DT	_	5	det	_	_
5	package	_	NN	NN	_	3	dobj	_	_
6	.	_	.	.	_	3	punct	_	_","['nsubj$@%he$@%send', 'aux$@%be$@%send', 'root$@%send$@%VROOT', 'det$@%a$@%package', 'dobj$@%package$@%send', 'punct$@%.$@%send']","['x$@%he$@%send', 'x$@%be$@%send', 'x$@%send$@%VROOT', 'x$@%a$@%package', 'x$@%package$@%send', 'x$@%.$@%send']","['x$@%he$@%x', 'x$@%be$@%x', 'x$@%send$@%x', 'x$@%a$@%x', 'x$@%package$@%x', 'x$@%.$@%x']",0.78323729242071227,0.73642863260830227,0.2403842762914723,0.78551066881362896,0.74033862609955348,0.24151693125231011,0.373,30.0,29.0,35.0,34.0,30.0,36.0,11.0
I03T-gNNS-p085-r1,The man is handing a box to the lady.,1,1,1,1,1,"1	the	_	DT	DT	_	2	det	_	_
2	man	_	NN	NN	_	4	nsubj	_	_
3	be	_	VBZ	VBZ	_	4	aux	_	_
4	hand	_	VBG	VBG	_	0	root	_	_
5	a	_	DT	DT	_	6	det	_	_
6	box	_	NN	NN	_	4	dobj	_	_
7	to	_	TO	TO	_	0	erased	_	_
8	the	_	DT	DT	_	9	det	_	_
9	lady	_	NN	NN	_	4	prep_to	_	_
10	.	_	.	.	_	4	punct	_	_","['det$@%the$@%man', 'nsubj$@%man$@%hand', 'aux$@%be$@%hand', 'root$@%hand$@%VROOT', 'det$@%a$@%box', 'dobj$@%box$@%hand', 'erased$@%to$@%WORDERASED', 'det$@%the$@%lady', 'prep_to$@%lady$@%hand', 'punct$@%.$@%hand']","['x$@%the$@%man', 'x$@%man$@%hand', 'x$@%be$@%hand', 'x$@%hand$@%VROOT', 'x$@%a$@%box', 'x$@%box$@%hand', 'x$@%to$@%WORDERASED', 'x$@%the$@%lady', 'x$@%lady$@%hand', 'x$@%.$@%hand']","['x$@%the$@%x', 'x$@%man$@%x', 'x$@%be$@%x', 'x$@%hand$@%x', 'x$@%a$@%x', 'x$@%box$@%x', 'x$@%to$@%x', 'x$@%the$@%x', 'x$@%lady$@%x', 'x$@%.$@%x']",0.8059901902941935,0.79999324196403054,0.85153510369472718,0.77997173857702062,0.77480126432623275,0.84299328581537303,1.0,37.0,39.0,54.0,31.0,35.0,56.0,53.5
I03T-gNNS-p088-r1,The man is passing a package to the woman.,1,1,1,1,1,"1	the	_	DT	DT	_	2	det	_	_
2	man	_	NN	NN	_	4	nsubj	_	_
3	be	_	VBZ	VBZ	_	4	aux	_	_
4	pass	_	VBG	VBG	_	0	root	_	_
5	a	_	DT	DT	_	6	det	_	_
6	package	_	NN	NN	_	4	dobj	_	_
7	to	_	TO	TO	_	0	erased	_	_
8	the	_	DT	DT	_	9	det	_	_
9	woman	_	NN	NN	_	4	prep_to	_	_
10	.	_	.	.	_	4	punct	_	_","['det$@%the$@%man', 'nsubj$@%man$@%pass', 'aux$@%be$@%pass', 'root$@%pass$@%VROOT', 'det$@%a$@%package', 'dobj$@%package$@%pass', 'erased$@%to$@%WORDERASED', 'det$@%the$@%woman', 'prep_to$@%woman$@%pass', 'punct$@%.$@%pass']","['x$@%the$@%man', 'x$@%man$@%pass', 'x$@%be$@%pass', 'x$@%pass$@%VROOT', 'x$@%a$@%package', 'x$@%package$@%pass', 'x$@%to$@%WORDERASED', 'x$@%the$@%woman', 'x$@%woman$@%pass', 'x$@%.$@%pass']","['x$@%the$@%x', 'x$@%man$@%x', 'x$@%be$@%x', 'x$@%pass$@%x', 'x$@%a$@%x', 'x$@%package$@%x', 'x$@%to$@%x', 'x$@%the$@%x', 'x$@%woman$@%x', 'x$@%.$@%x']",0.80521231408600002,0.78803150784006437,0.22507436192811447,0.80202250857536594,0.78551805288188903,0.21408655558195522,1.0,36.0,36.0,31.0,37.0,38.0,31.0,53.5
I03T-gNNS-p089-r1,The man is delivering a package to the woman.,1,1,1,1,1,"1	the	_	DT	DT	_	2	det	_	_
2	man	_	NN	NN	_	4	nsubj	_	_
3	be	_	VBZ	VBZ	_	4	aux	_	_
4	deliver	_	VBG	VBG	_	0	root	_	_
5	a	_	DT	DT	_	6	det	_	_
6	package	_	NN	NN	_	4	dobj	_	_
7	to	_	TO	TO	_	0	erased	_	_
8	the	_	DT	DT	_	9	det	_	_
9	woman	_	NN	NN	_	4	prep_to	_	_
10	.	_	.	.	_	4	punct	_	_","['det$@%the$@%man', 'nsubj$@%man$@%deliver', 'aux$@%be$@%deliver', 'root$@%deliver$@%VROOT', 'det$@%a$@%package', 'dobj$@%package$@%deliver', 'erased$@%to$@%WORDERASED', 'det$@%the$@%woman', 'prep_to$@%woman$@%deliver', 'punct$@%.$@%deliver']","['x$@%the$@%man', 'x$@%man$@%deliver', 'x$@%be$@%deliver', 'x$@%deliver$@%VROOT', 'x$@%a$@%package', 'x$@%package$@%deliver', 'x$@%to$@%WORDERASED', 'x$@%the$@%woman', 'x$@%woman$@%deliver', 'x$@%.$@%deliver']","['x$@%the$@%x', 'x$@%man$@%x', 'x$@%be$@%x', 'x$@%deliver$@%x', 'x$@%a$@%x', 'x$@%package$@%x', 'x$@%to$@%x', 'x$@%the$@%x', 'x$@%woman$@%x', 'x$@%.$@%x']",0.12939119520535636,0.13315454364621193,0.045915403751896622,0.13076336996194748,0.13540203461975564,0.053314085343056594,1.0,7.0,7.0,13.0,7.0,7.0,2.0,53.5
I03T-gNNS-p090-r1,The man is giving a package to a woman.,1,1,1,1,1,"1	the	_	DT	DT	_	2	det	_	_
2	man	_	NN	NN	_	4	nsubj	_	_
3	be	_	VBZ	VBZ	_	4	aux	_	_
4	give	_	VBG	VBG	_	0	root	_	_
5	a	_	DT	DT	_	6	det	_	_
6	package	_	NN	NN	_	4	dobj	_	_
7	to	_	TO	TO	_	0	erased	_	_
8	a	_	DT	DT	_	9	det	_	_
9	woman	_	NN	NN	_	4	prep_to	_	_
10	.	_	.	.	_	4	punct	_	_","['det$@%the$@%man', 'nsubj$@%man$@%give', 'aux$@%be$@%give', 'root$@%give$@%VROOT', 'det$@%a$@%package', 'dobj$@%package$@%give', 'erased$@%to$@%WORDERASED', 'det$@%a$@%woman', 'prep_to$@%woman$@%give', 'punct$@%.$@%give']","['x$@%the$@%man', 'x$@%man$@%give', 'x$@%be$@%give', 'x$@%give$@%VROOT', 'x$@%a$@%package', 'x$@%package$@%give', 'x$@%to$@%WORDERASED', 'x$@%a$@%woman', 'x$@%woman$@%give', 'x$@%.$@%give']","['x$@%the$@%x', 'x$@%man$@%x', 'x$@%be$@%x', 'x$@%give$@%x', 'x$@%a$@%x', 'x$@%package$@%x', 'x$@%to$@%x', 'x$@%a$@%x', 'x$@%woman$@%x', 'x$@%.$@%x']",0.72862296825964301,0.69471998556152892,0.17568871659680185,0.71535681393357153,0.68358840684463129,0.16380642530481548,1.0,26.5,26.5,20.5,26.5,26.5,20.5,53.5
I03T-gNNS-p091-r1,The man is delivering.,0,1,1,0,1,"1	the	_	DT	DT	_	2	det	_	_
2	man	_	NN	NN	_	4	nsubj	_	_
3	be	_	VBZ	VBZ	_	4	aux	_	_
4	deliver	_	VBG	VBG	_	0	root	_	_
5	.	_	.	.	_	4	punct	_	_","['det$@%the$@%man', 'nsubj$@%man$@%deliver', 'aux$@%be$@%deliver', 'root$@%deliver$@%VROOT', 'punct$@%.$@%deliver']","['x$@%the$@%man', 'x$@%man$@%deliver', 'x$@%be$@%deliver', 'x$@%deliver$@%VROOT', 'x$@%.$@%deliver']","['x$@%the$@%x', 'x$@%man$@%x', 'x$@%be$@%x', 'x$@%deliver$@%x', 'x$@%.$@%x']",0.31051283707380584,0.34087538550985497,0.50939462237630084,0.32124964530329259,0.35153643682387892,0.53602862489360104,0.411,15.0,18.0,50.0,15.0,17.0,51.0,13.0
I03T-gNNS-p092-r1,The man is giving the package to the woman.,1,1,1,1,1,"1	the	_	DT	DT	_	2	det	_	_
2	man	_	NN	NN	_	4	nsubj	_	_
3	be	_	VBZ	VBZ	_	4	aux	_	_
4	give	_	VBG	VBG	_	0	root	_	_
5	the	_	DT	DT	_	6	det	_	_
6	package	_	NN	NN	_	4	dobj	_	_
7	to	_	TO	TO	_	0	erased	_	_
8	the	_	DT	DT	_	9	det	_	_
9	woman	_	NN	NN	_	4	prep_to	_	_
10	.	_	.	.	_	4	punct	_	_","['det$@%the$@%man', 'nsubj$@%man$@%give', 'aux$@%be$@%give', 'root$@%give$@%VROOT', 'det$@%the$@%package', 'dobj$@%package$@%give', 'erased$@%to$@%WORDERASED', 'det$@%the$@%woman', 'prep_to$@%woman$@%give', 'punct$@%.$@%give']","['x$@%the$@%man', 'x$@%man$@%give', 'x$@%be$@%give', 'x$@%give$@%VROOT', 'x$@%the$@%package', 'x$@%package$@%give', 'x$@%to$@%WORDERASED', 'x$@%the$@%woman', 'x$@%woman$@%give', 'x$@%.$@%give']","['x$@%the$@%x', 'x$@%man$@%x', 'x$@%be$@%x', 'x$@%give$@%x', 'x$@%the$@%x', 'x$@%package$@%x', 'x$@%to$@%x', 'x$@%the$@%x', 'x$@%woman$@%x', 'x$@%.$@%x']",0.89980277712191459,0.89395699948676866,0.17577943764136317,0.87639430946304775,0.87021740117258828,0.16381475792479783,1.0,44.0,44.0,23.0,44.0,44.0,23.0,53.5
I03T-gNNS-p093-r1,The man is giving the package to the female officer.,1,1,1,1,0,"1	the	_	DT	DT	_	2	det	_	_
2	man	_	NN	NN	_	4	nsubj	_	_
3	be	_	VBZ	VBZ	_	4	aux	_	_
4	give	_	VBG	VBG	_	0	root	_	_
5	the	_	DT	DT	_	6	det	_	_
6	package	_	NN	NN	_	4	dobj	_	_
7	to	_	TO	TO	_	0	erased	_	_
8	the	_	DT	DT	_	10	det	_	_
9	female	_	JJ	JJ	_	10	amod	_	_
10	officer	_	NN	NN	_	4	prep_to	_	_
11	.	_	.	.	_	4	punct	_	_","['det$@%the$@%man', 'nsubj$@%man$@%give', 'aux$@%be$@%give', 'root$@%give$@%VROOT', 'det$@%the$@%package', 'dobj$@%package$@%give', 'erased$@%to$@%WORDERASED', 'det$@%the$@%officer', 'amod$@%female$@%officer', 'prep_to$@%officer$@%give', 'punct$@%.$@%give']","['x$@%the$@%man', 'x$@%man$@%give', 'x$@%be$@%give', 'x$@%give$@%VROOT', 'x$@%the$@%package', 'x$@%package$@%give', 'x$@%to$@%WORDERASED', 'x$@%the$@%officer', 'x$@%female$@%officer', 'x$@%officer$@%give', 'x$@%.$@%give']","['x$@%the$@%x', 'x$@%man$@%x', 'x$@%be$@%x', 'x$@%give$@%x', 'x$@%the$@%x', 'x$@%package$@%x', 'x$@%to$@%x', 'x$@%the$@%x', 'x$@%female$@%x', 'x$@%officer$@%x', 'x$@%.$@%x']",0.93624886791882733,0.94506270233764234,0.42051257410397047,0.92148459255844617,0.93186424376290677,0.42034067300341282,0.738,52.0,52.0,47.0,52.0,53.0,47.0,24.0
I03T-gNNS-p094-r1,The officer is receiving the package from the postman.,0,0,1,1,0,"1	the	_	DT	DT	_	2	det	_	_
2	officer	_	NN	NN	_	4	nsubj	_	_
3	be	_	VBZ	VBZ	_	4	aux	_	_
4	receive	_	VBG	VBG	_	0	root	_	_
5	the	_	DT	DT	_	6	det	_	_
6	package	_	NN	NN	_	4	dobj	_	_
7	from	_	IN	IN	_	0	erased	_	_
8	the	_	DT	DT	_	9	det	_	_
9	postman	_	NN	NN	_	4	prep_from	_	_
10	.	_	.	.	_	4	punct	_	_","['det$@%the$@%officer', 'nsubj$@%officer$@%receive', 'aux$@%be$@%receive', 'root$@%receive$@%VROOT', 'det$@%the$@%package', 'dobj$@%package$@%receive', 'erased$@%from$@%WORDERASED', 'det$@%the$@%postman', 'prep_from$@%postman$@%receive', 'punct$@%.$@%receive']","['x$@%the$@%officer', 'x$@%officer$@%receive', 'x$@%be$@%receive', 'x$@%receive$@%VROOT', 'x$@%the$@%package', 'x$@%package$@%receive', 'x$@%from$@%WORDERASED', 'x$@%the$@%postman', 'x$@%postman$@%receive', 'x$@%.$@%receive']","['x$@%the$@%x', 'x$@%officer$@%x', 'x$@%be$@%x', 'x$@%receive$@%x', 'x$@%the$@%x', 'x$@%package$@%x', 'x$@%from$@%x', 'x$@%the$@%x', 'x$@%postman$@%x', 'x$@%.$@%x']",0.99673395933197351,0.99649646203576137,0.56417859414334925,0.99239035310849377,0.9918728600653296,0.56480090280965267,0.28,69.0,69.0,52.0,68.0,68.0,52.0,7.0
I03T-gNNS-p095-r1,He is sending the gift for the women.,0,1,1,0,0,"1	he	_	PRP	PRP	_	3	nsubj	_	_
2	be	_	VBZ	VBZ	_	3	aux	_	_
3	send	_	VBG	VBG	_	0	root	_	_
4	the	_	DT	DT	_	5	det	_	_
5	gift	_	NN	NN	_	3	dobj	_	_
6	for	_	IN	IN	_	0	erased	_	_
7	the	_	DT	DT	_	8	det	_	_
8	woman	_	NNS	NNS	_	5	prep_for	_	_
9	.	_	.	.	_	3	punct	_	_","['nsubj$@%he$@%send', 'aux$@%be$@%send', 'root$@%send$@%VROOT', 'det$@%the$@%gift', 'dobj$@%gift$@%send', 'erased$@%for$@%WORDERASED', 'det$@%the$@%woman', 'prep_for$@%woman$@%gift', 'punct$@%.$@%send']","['x$@%he$@%send', 'x$@%be$@%send', 'x$@%send$@%VROOT', 'x$@%the$@%gift', 'x$@%gift$@%send', 'x$@%for$@%WORDERASED', 'x$@%the$@%woman', 'x$@%woman$@%gift', 'x$@%.$@%send']","['x$@%he$@%x', 'x$@%be$@%x', 'x$@%send$@%x', 'x$@%the$@%x', 'x$@%gift$@%x', 'x$@%for$@%x', 'x$@%the$@%x', 'x$@%woman$@%x', 'x$@%.$@%x']",0.9827946827866737,0.97996330458628045,0.91568851757420322,0.97855076954191911,0.97513072522251099,0.91298972065908801,0.149,66.0,65.0,64.0,65.0,65.0,66.0,4.5
I03T-gNNS-p096-r1,The man give a gift to female ,0,0,0,1,0,"1	the	_	DT	DT	_	2	det	_	_
2	man	_	NN	NN	_	3	nsubj	_	_
3	give	_	VBP	VBP	_	0	root	_	_
4	a	_	DT	DT	_	5	det	_	_
5	gift	_	NN	NN	_	3	dobj	_	_
6	to	_	TO	TO	_	0	erased	_	_
7	female	_	NN	NN	_	3	prep_to	_	_
8	.	_	.	.	_	3	punct	_	_","['det$@%the$@%man', 'nsubj$@%man$@%give', 'root$@%give$@%VROOT', 'det$@%a$@%gift', 'dobj$@%gift$@%give', 'erased$@%to$@%WORDERASED', 'prep_to$@%female$@%give', 'punct$@%.$@%give']","['x$@%the$@%man', 'x$@%man$@%give', 'x$@%give$@%VROOT', 'x$@%a$@%gift', 'x$@%gift$@%give', 'x$@%to$@%WORDERASED', 'x$@%female$@%give', 'x$@%.$@%give']","['x$@%the$@%x', 'x$@%man$@%x', 'x$@%give$@%x', 'x$@%a$@%x', 'x$@%gift$@%x', 'x$@%to$@%x', 'x$@%female$@%x', 'x$@%.$@%x']",0.95266911439682023,0.95716812149129971,0.96147967833817116,0.94840492900469753,0.95433047706905405,0.9682935730688329,0.224,54.0,54.0,70.0,54.0,54.0,71.0,6.0
I03T-gNNS-p097-r1,His is handing the woman a package.,1,0,0,1,1,"1	he	_	PRP$	PRP$	_	3	nsubj	_	_
2	be	_	VBZ	VBZ	_	3	aux	_	_
3	hand	_	VBG	VBG	_	0	root	_	_
4	the	_	DT	DT	_	5	det	_	_
5	woman	_	NN	NN	_	3	iobj	_	_
6	a	_	DT	DT	_	7	det	_	_
7	package	_	NN	NN	_	5	dep	_	_
8	.	_	.	.	_	3	punct	_	_","['nsubj$@%he$@%hand', 'aux$@%be$@%hand', 'root$@%hand$@%VROOT', 'det$@%the$@%woman', 'iobj$@%woman$@%hand', 'det$@%a$@%package', 'dep$@%package$@%woman', 'punct$@%.$@%hand']","['x$@%he$@%hand', 'x$@%be$@%hand', 'x$@%hand$@%VROOT', 'x$@%the$@%woman', 'x$@%woman$@%hand', 'x$@%a$@%package', 'x$@%package$@%woman', 'x$@%.$@%hand']","['x$@%he$@%x', 'x$@%be$@%x', 'x$@%hand$@%x', 'x$@%the$@%x', 'x$@%woman$@%x', 'x$@%a$@%x', 'x$@%package$@%x', 'x$@%.$@%x']",0.62604644979233059,0.61359145444880392,0.18484605901128248,0.6149630403616726,0.59630108205863963,0.17241987798987202,0.851,22.0,22.0,28.0,22.0,22.0,27.0,26.5
I03T-gNNS-p098-r1,The postman is giving a package to the lady.,1,0,1,1,1,"1	the	_	DT	DT	_	2	det	_	_
2	postman	_	NN	NN	_	4	nsubj	_	_
3	be	_	VBZ	VBZ	_	4	aux	_	_
4	give	_	VBG	VBG	_	0	root	_	_
5	a	_	DT	DT	_	6	det	_	_
6	package	_	NN	NN	_	4	dobj	_	_
7	to	_	TO	TO	_	0	erased	_	_
8	the	_	DT	DT	_	9	det	_	_
9	lady	_	NN	NN	_	4	prep_to	_	_
10	.	_	.	.	_	4	punct	_	_","['det$@%the$@%postman', 'nsubj$@%postman$@%give', 'aux$@%be$@%give', 'root$@%give$@%VROOT', 'det$@%a$@%package', 'dobj$@%package$@%give', 'erased$@%to$@%WORDERASED', 'det$@%the$@%lady', 'prep_to$@%lady$@%give', 'punct$@%.$@%give']","['x$@%the$@%postman', 'x$@%postman$@%give', 'x$@%be$@%give', 'x$@%give$@%VROOT', 'x$@%a$@%package', 'x$@%package$@%give', 'x$@%to$@%WORDERASED', 'x$@%the$@%lady', 'x$@%lady$@%give', 'x$@%.$@%give']","['x$@%the$@%x', 'x$@%postman$@%x', 'x$@%be$@%x', 'x$@%give$@%x', 'x$@%a$@%x', 'x$@%package$@%x', 'x$@%to$@%x', 'x$@%the$@%x', 'x$@%lady$@%x', 'x$@%.$@%x']",0.79212633651180875,0.78336539124483318,0.52990869842606492,0.78523648154223857,0.77839791747357667,0.52668994429515681,0.907,31.0,35.0,51.0,33.0,37.0,50.0,30.5
I03T-gNNS-p100-r1,The man is delivering a package to the woman.,1,1,1,1,1,"1	the	_	DT	DT	_	2	det	_	_
2	man	_	NN	NN	_	4	nsubj	_	_
3	be	_	VBZ	VBZ	_	4	aux	_	_
4	deliver	_	VBG	VBG	_	0	root	_	_
5	a	_	DT	DT	_	6	det	_	_
6	package	_	NN	NN	_	4	dobj	_	_
7	to	_	TO	TO	_	0	erased	_	_
8	the	_	DT	DT	_	9	det	_	_
9	woman	_	NN	NN	_	4	prep_to	_	_
10	.	_	.	.	_	4	punct	_	_","['det$@%the$@%man', 'nsubj$@%man$@%deliver', 'aux$@%be$@%deliver', 'root$@%deliver$@%VROOT', 'det$@%a$@%package', 'dobj$@%package$@%deliver', 'erased$@%to$@%WORDERASED', 'det$@%the$@%woman', 'prep_to$@%woman$@%deliver', 'punct$@%.$@%deliver']","['x$@%the$@%man', 'x$@%man$@%deliver', 'x$@%be$@%deliver', 'x$@%deliver$@%VROOT', 'x$@%a$@%package', 'x$@%package$@%deliver', 'x$@%to$@%WORDERASED', 'x$@%the$@%woman', 'x$@%woman$@%deliver', 'x$@%.$@%deliver']","['x$@%the$@%x', 'x$@%man$@%x', 'x$@%be$@%x', 'x$@%deliver$@%x', 'x$@%a$@%x', 'x$@%package$@%x', 'x$@%to$@%x', 'x$@%the$@%x', 'x$@%woman$@%x', 'x$@%.$@%x']",0.12939119520535636,0.13315454364621193,0.045915403751896622,0.13076336996194748,0.13540203461975564,0.053314085343056594,1.0,7.0,7.0,13.0,7.0,7.0,2.0,53.5
I03T-gNNS-p102-r1,The man is helping the girl to pick up her package.,0,1,1,1,0,"1	the	_	DT	DT	_	2	det	_	_
2	man	_	NN	NN	_	4	nsubj	_	_
3	be	_	VBZ	VBZ	_	4	aux	_	_
4	help	_	VBG	VBG	_	0	root	_	_
5	the	_	DT	DT	_	6	det	_	_
6	girl	_	NN	NN	_	4	dobj	_	_
7	to	_	TO	TO	_	8	aux	_	_
8	pick	_	VB	VB	_	6	infmod	_	_
9	up	_	RP	RP	_	8	prt	_	_
10	she	_	PRP$	PRP$	_	11	poss	_	_
11	package	_	NN	NN	_	8	dobj	_	_
12	.	_	.	.	_	4	punct	_	_","['det$@%the$@%man', 'nsubj$@%man$@%help', 'aux$@%be$@%help', 'root$@%help$@%VROOT', 'det$@%the$@%girl', 'dobj$@%girl$@%help', 'aux$@%to$@%pick', 'infmod$@%pick$@%girl', 'prt$@%up$@%pick', 'poss$@%she$@%package', 'dobj$@%package$@%pick', 'punct$@%.$@%help']","['x$@%the$@%man', 'x$@%man$@%help', 'x$@%be$@%help', 'x$@%help$@%VROOT', 'x$@%the$@%girl', 'x$@%girl$@%help', 'x$@%to$@%pick', 'x$@%pick$@%girl', 'x$@%up$@%pick', 'x$@%she$@%package', 'x$@%package$@%pick', 'x$@%.$@%help']","['x$@%the$@%x', 'x$@%man$@%x', 'x$@%be$@%x', 'x$@%help$@%x', 'x$@%the$@%x', 'x$@%girl$@%x', 'x$@%to$@%x', 'x$@%pick$@%x', 'x$@%up$@%x', 'x$@%she$@%x', 'x$@%package$@%x', 'x$@%.$@%x']",0.99298961511250627,0.99251404139692057,0.3631159862238672,0.99206016911534067,0.99155878807042497,0.36311874719445536,0.373,67.0,67.0,42.0,67.0,67.0,42.0,11.0
I03T-gNNS-p103-r1,A man is passing a box to a young lady.,1,0,1,1,1,"1	a	_	DT	DT	_	2	det	_	_
2	man	_	NN	NN	_	4	nsubj	_	_
3	be	_	VBZ	VBZ	_	4	aux	_	_
4	pass	_	VBG	VBG	_	0	root	_	_
5	a	_	DT	DT	_	6	det	_	_
6	box	_	NN	NN	_	4	dobj	_	_
7	to	_	TO	TO	_	0	erased	_	_
8	a	_	DT	DT	_	10	det	_	_
9	young	_	JJ	JJ	_	10	amod	_	_
10	lady	_	NN	NN	_	4	prep_to	_	_
11	.	_	.	.	_	4	punct	_	_","['det$@%a$@%man', 'nsubj$@%man$@%pass', 'aux$@%be$@%pass', 'root$@%pass$@%VROOT', 'det$@%a$@%box', 'dobj$@%box$@%pass', 'erased$@%to$@%WORDERASED', 'det$@%a$@%lady', 'amod$@%young$@%lady', 'prep_to$@%lady$@%pass', 'punct$@%.$@%pass']","['x$@%a$@%man', 'x$@%man$@%pass', 'x$@%be$@%pass', 'x$@%pass$@%VROOT', 'x$@%a$@%box', 'x$@%box$@%pass', 'x$@%to$@%WORDERASED', 'x$@%a$@%lady', 'x$@%young$@%lady', 'x$@%lady$@%pass', 'x$@%.$@%pass']","['x$@%a$@%x', 'x$@%man$@%x', 'x$@%be$@%x', 'x$@%pass$@%x', 'x$@%a$@%x', 'x$@%box$@%x', 'x$@%to$@%x', 'x$@%a$@%x', 'x$@%young$@%x', 'x$@%lady$@%x', 'x$@%.$@%x']",0.97419475913856624,0.97201088169113736,0.87784562898453822,0.973085143230354,0.97093559966088749,0.87180390695529641,0.907,58.0,58.0,60.0,58.0,59.0,61.0,30.5
I03T-gNNS-p110-r1,He is giving the package to the woman.,1,1,1,1,1,"1	he	_	PRP	PRP	_	3	nsubj	_	_
2	be	_	VBZ	VBZ	_	3	aux	_	_
3	give	_	VBG	VBG	_	0	root	_	_
4	the	_	DT	DT	_	5	det	_	_
5	package	_	NN	NN	_	3	dobj	_	_
6	to	_	TO	TO	_	0	erased	_	_
7	the	_	DT	DT	_	8	det	_	_
8	woman	_	NN	NN	_	3	prep_to	_	_
9	.	_	.	.	_	3	punct	_	_","['nsubj$@%he$@%give', 'aux$@%be$@%give', 'root$@%give$@%VROOT', 'det$@%the$@%package', 'dobj$@%package$@%give', 'erased$@%to$@%WORDERASED', 'det$@%the$@%woman', 'prep_to$@%woman$@%give', 'punct$@%.$@%give']","['x$@%he$@%give', 'x$@%be$@%give', 'x$@%give$@%VROOT', 'x$@%the$@%package', 'x$@%package$@%give', 'x$@%to$@%WORDERASED', 'x$@%the$@%woman', 'x$@%woman$@%give', 'x$@%.$@%give']","['x$@%he$@%x', 'x$@%be$@%x', 'x$@%give$@%x', 'x$@%the$@%x', 'x$@%package$@%x', 'x$@%to$@%x', 'x$@%the$@%x', 'x$@%woman$@%x', 'x$@%.$@%x']",0.926153215758443,0.91708066165600877,0.17986372709640341,0.90670255357211405,0.8965825729332586,0.16904685196446323,1.0,49.0,47.0,26.0,46.0,46.0,26.0,53.5
I03T-gNNS-p113-r1,The man is handling a mailbox to the woman,0,1,0,1,0,"1	the	_	DT	DT	_	2	det	_	_
2	man	_	NN	NN	_	4	nsubj	_	_
3	be	_	VBZ	VBZ	_	4	aux	_	_
4	handle	_	VBG	VBG	_	0	root	_	_
5	a	_	DT	DT	_	6	det	_	_
6	mailbox	_	NN	NN	_	4	dobj	_	_
7	to	_	TO	TO	_	0	erased	_	_
8	the	_	DT	DT	_	9	det	_	_
9	woman	_	NN	NN	_	4	prep_to	_	_
10	.	_	.	.	_	4	punct	_	_","['det$@%the$@%man', 'nsubj$@%man$@%handle', 'aux$@%be$@%handle', 'root$@%handle$@%VROOT', 'det$@%a$@%mailbox', 'dobj$@%mailbox$@%handle', 'erased$@%to$@%WORDERASED', 'det$@%the$@%woman', 'prep_to$@%woman$@%handle', 'punct$@%.$@%handle']","['x$@%the$@%man', 'x$@%man$@%handle', 'x$@%be$@%handle', 'x$@%handle$@%VROOT', 'x$@%a$@%mailbox', 'x$@%mailbox$@%handle', 'x$@%to$@%WORDERASED', 'x$@%the$@%woman', 'x$@%woman$@%handle', 'x$@%.$@%handle']","['x$@%the$@%x', 'x$@%man$@%x', 'x$@%be$@%x', 'x$@%handle$@%x', 'x$@%a$@%x', 'x$@%mailbox$@%x', 'x$@%to$@%x', 'x$@%the$@%x', 'x$@%woman$@%x', 'x$@%.$@%x']",0.97807109358642186,0.97528678184036544,0.96322553986031523,0.97349354525722354,0.97025217680143261,0.95538772637032099,0.317,62.0,62.0,71.0,59.0,58.0,70.0,8.0
I03T-gNNS-p115-r1,Sending package to a woman,0,1,0,0,0,"1	send	_	VBG	VBG	_	0	root	_	_
2	package	_	NN	NN	_	1	dobj	_	_
3	to	_	TO	TO	_	0	erased	_	_
4	a	_	DT	DT	_	5	det	_	_
5	woman	_	NN	NN	_	1	prep_to	_	_
6	.	_	.	.	_	1	punct	_	_","['root$@%send$@%VROOT', 'dobj$@%package$@%send', 'erased$@%to$@%WORDERASED', 'det$@%a$@%woman', 'prep_to$@%woman$@%send', 'punct$@%.$@%send']","['x$@%send$@%VROOT', 'x$@%package$@%send', 'x$@%to$@%WORDERASED', 'x$@%a$@%woman', 'x$@%woman$@%send', 'x$@%.$@%send']","['x$@%send$@%x', 'x$@%package$@%x', 'x$@%to$@%x', 'x$@%a$@%x', 'x$@%woman$@%x', 'x$@%.$@%x']",0.99622117919003816,0.99588472199583478,0.241789873974952,0.99476299079142638,0.99432178028668627,0.23190722979212186,0.093,68.0,68.0,36.0,69.0,69.0,35.0,2.5
I03T-gNNS-p117-r1,A package is delivered,0,0,1,0,1,"1	a	_	DT	DT	_	2	det	_	_
2	package	_	NN	NN	_	4	nsubjpass	_	_
3	be	_	VBZ	VBZ	_	4	auxpass	_	_
4	deliver	_	VBN	VBN	_	0	root	_	_
5	.	_	.	.	_	4	punct	_	_","['det$@%a$@%package', 'nsubjpass$@%package$@%deliver', 'auxpass$@%be$@%deliver', 'root$@%deliver$@%VROOT', 'punct$@%.$@%deliver']","['x$@%a$@%package', 'x$@%package$@%deliver', 'x$@%be$@%deliver', 'x$@%deliver$@%VROOT', 'x$@%.$@%deliver']","['x$@%a$@%x', 'x$@%package$@%x', 'x$@%be$@%x', 'x$@%deliver$@%x', 'x$@%.$@%x']",0.54066220962523215,0.14702657194455504,0.044743681298888838,0.55139763168684575,0.17926950453751467,0.063457778002980358,0.318,18.0,9.0,11.0,18.0,9.0,17.0,9.0
I03T-gNNS-p120-r1,The man is passing the package to the lady.,1,1,1,1,1,"1	the	_	DT	DT	_	2	det	_	_
2	man	_	NN	NN	_	4	nsubj	_	_
3	be	_	VBZ	VBZ	_	4	aux	_	_
4	pass	_	VBG	VBG	_	0	root	_	_
5	the	_	DT	DT	_	6	det	_	_
6	package	_	NN	NN	_	4	dobj	_	_
7	to	_	TO	TO	_	0	erased	_	_
8	the	_	DT	DT	_	9	det	_	_
9	lady	_	NN	NN	_	4	prep_to	_	_
10	.	_	.	.	_	4	punct	_	_","['det$@%the$@%man', 'nsubj$@%man$@%pass', 'aux$@%be$@%pass', 'root$@%pass$@%VROOT', 'det$@%the$@%package', 'dobj$@%package$@%pass', 'erased$@%to$@%WORDERASED', 'det$@%the$@%lady', 'prep_to$@%lady$@%pass', 'punct$@%.$@%pass']","['x$@%the$@%man', 'x$@%man$@%pass', 'x$@%be$@%pass', 'x$@%pass$@%VROOT', 'x$@%the$@%package', 'x$@%package$@%pass', 'x$@%to$@%WORDERASED', 'x$@%the$@%lady', 'x$@%lady$@%pass', 'x$@%.$@%pass']","['x$@%the$@%x', 'x$@%man$@%x', 'x$@%be$@%x', 'x$@%pass$@%x', 'x$@%the$@%x', 'x$@%package$@%x', 'x$@%to$@%x', 'x$@%the$@%x', 'x$@%lady$@%x', 'x$@%.$@%x']",0.98151505688902685,0.98000542720250994,0.31234663580361521,0.9747203773117038,0.97275377515932671,0.30693485056700842,1.0,65.0,66.0,40.0,60.0,61.0,40.0,53.5
I03T-gNNS-p121-r1,The man is giving a delivery to a woman.,1,1,1,1,1,"1	the	_	DT	DT	_	2	det	_	_
2	man	_	NN	NN	_	4	nsubj	_	_
3	be	_	VBZ	VBZ	_	4	aux	_	_
4	give	_	VBG	VBG	_	0	root	_	_
5	a	_	DT	DT	_	6	det	_	_
6	delivery	_	NN	NN	_	4	dobj	_	_
7	to	_	TO	TO	_	0	erased	_	_
8	a	_	DT	DT	_	9	det	_	_
9	woman	_	NN	NN	_	4	prep_to	_	_
10	.	_	.	.	_	4	punct	_	_","['det$@%the$@%man', 'nsubj$@%man$@%give', 'aux$@%be$@%give', 'root$@%give$@%VROOT', 'det$@%a$@%delivery', 'dobj$@%delivery$@%give', 'erased$@%to$@%WORDERASED', 'det$@%a$@%woman', 'prep_to$@%woman$@%give', 'punct$@%.$@%give']","['x$@%the$@%man', 'x$@%man$@%give', 'x$@%be$@%give', 'x$@%give$@%VROOT', 'x$@%a$@%delivery', 'x$@%delivery$@%give', 'x$@%to$@%WORDERASED', 'x$@%a$@%woman', 'x$@%woman$@%give', 'x$@%.$@%give']","['x$@%the$@%x', 'x$@%man$@%x', 'x$@%be$@%x', 'x$@%give$@%x', 'x$@%a$@%x', 'x$@%delivery$@%x', 'x$@%to$@%x', 'x$@%a$@%x', 'x$@%woman$@%x', 'x$@%.$@%x']",0.93418668241263536,0.93391365495906475,0.91897112572422124,0.92027961806634484,0.92098718684416836,0.89890040124054238,1.0,51.0,51.0,65.0,51.0,51.0,65.0,53.5
I03T-gNNS-p126-r1,The man delivered one package to one female staff. ,1,0,1,1,1,"1	the	_	DT	DT	_	2	det	_	_
2	man	_	NN	NN	_	3	nsubj	_	_
3	deliver	_	VBD	VBD	_	0	root	_	_
4	one	_	CD	CD	_	5	num	_	_
5	package	_	NN	NN	_	3	dobj	_	_
6	to	_	TO	TO	_	0	erased	_	_
7	one	_	CD	CD	_	9	num	_	_
8	female	_	JJ	JJ	_	9	amod	_	_
9	staff	_	NN	NN	_	3	prep_to	_	_
10	.	_	.	.	_	3	punct	_	_","['det$@%the$@%man', 'nsubj$@%man$@%deliver', 'root$@%deliver$@%VROOT', 'num$@%one$@%package', 'dobj$@%package$@%deliver', 'erased$@%to$@%WORDERASED', 'num$@%one$@%staff', 'amod$@%female$@%staff', 'prep_to$@%staff$@%deliver', 'punct$@%.$@%deliver']","['x$@%the$@%man', 'x$@%man$@%deliver', 'x$@%deliver$@%VROOT', 'x$@%one$@%package', 'x$@%package$@%deliver', 'x$@%to$@%WORDERASED', 'x$@%one$@%staff', 'x$@%female$@%staff', 'x$@%staff$@%deliver', 'x$@%.$@%deliver']","['x$@%the$@%x', 'x$@%man$@%x', 'x$@%deliver$@%x', 'x$@%one$@%x', 'x$@%package$@%x', 'x$@%to$@%x', 'x$@%one$@%x', 'x$@%female$@%x', 'x$@%staff$@%x', 'x$@%.$@%x']",0.56760229631926129,0.54386989625139626,0.27535400788492681,0.57700496474555785,0.5557609714599272,0.28672333703957198,0.907,19.0,20.0,37.0,19.0,20.0,39.0,30.5
I03T-gNNS-p129-r1,The man is delivering the package to the woman.,1,1,1,1,1,"1	the	_	DT	DT	_	2	det	_	_
2	man	_	NN	NN	_	4	nsubj	_	_
3	be	_	VBZ	VBZ	_	4	aux	_	_
4	deliver	_	VBG	VBG	_	0	root	_	_
5	the	_	DT	DT	_	6	det	_	_
6	package	_	NN	NN	_	4	dobj	_	_
7	to	_	TO	TO	_	0	erased	_	_
8	the	_	DT	DT	_	9	det	_	_
9	woman	_	NN	NN	_	4	prep_to	_	_
10	.	_	.	.	_	4	punct	_	_","['det$@%the$@%man', 'nsubj$@%man$@%deliver', 'aux$@%be$@%deliver', 'root$@%deliver$@%VROOT', 'det$@%the$@%package', 'dobj$@%package$@%deliver', 'erased$@%to$@%WORDERASED', 'det$@%the$@%woman', 'prep_to$@%woman$@%deliver', 'punct$@%.$@%deliver']","['x$@%the$@%man', 'x$@%man$@%deliver', 'x$@%be$@%deliver', 'x$@%deliver$@%VROOT', 'x$@%the$@%package', 'x$@%package$@%deliver', 'x$@%to$@%WORDERASED', 'x$@%the$@%woman', 'x$@%woman$@%deliver', 'x$@%.$@%deliver']","['x$@%the$@%x', 'x$@%man$@%x', 'x$@%be$@%x', 'x$@%deliver$@%x', 'x$@%the$@%x', 'x$@%package$@%x', 'x$@%to$@%x', 'x$@%the$@%x', 'x$@%woman$@%x', 'x$@%.$@%x']",0.29272099501063853,0.31210979456942101,0.045983475071038615,0.28796906360971608,0.30690820770558513,0.053320178597273116,1.0,13.5,15.5,15.5,13.5,15.5,4.5,53.5
I03T-gNNS-p130-r1,The man is handing a package to a front desk lady,1,1,1,1,1,"1	the	_	DT	DT	_	2	det	_	_
2	man	_	NN	NN	_	4	nsubj	_	_
3	be	_	VBZ	VBZ	_	4	aux	_	_
4	hand	_	VBG	VBG	_	0	root	_	_
5	a	_	DT	DT	_	6	det	_	_
6	package	_	NN	NN	_	4	dobj	_	_
7	to	_	TO	TO	_	0	erased	_	_
8	a	_	DT	DT	_	11	det	_	_
9	front	_	JJ	JJ	_	11	amod	_	_
10	desk	_	NN	NN	_	11	nn	_	_
11	lady	_	NN	NN	_	4	prep_to	_	_
12	.	_	.	.	_	4	punct	_	_","['det$@%the$@%man', 'nsubj$@%man$@%hand', 'aux$@%be$@%hand', 'root$@%hand$@%VROOT', 'det$@%a$@%package', 'dobj$@%package$@%hand', 'erased$@%to$@%WORDERASED', 'det$@%a$@%lady', 'amod$@%front$@%lady', 'nn$@%desk$@%lady', 'prep_to$@%lady$@%hand', 'punct$@%.$@%hand']","['x$@%the$@%man', 'x$@%man$@%hand', 'x$@%be$@%hand', 'x$@%hand$@%VROOT', 'x$@%a$@%package', 'x$@%package$@%hand', 'x$@%to$@%WORDERASED', 'x$@%a$@%lady', 'x$@%front$@%lady', 'x$@%desk$@%lady', 'x$@%lady$@%hand', 'x$@%.$@%hand']","['x$@%the$@%x', 'x$@%man$@%x', 'x$@%be$@%x', 'x$@%hand$@%x', 'x$@%a$@%x', 'x$@%package$@%x', 'x$@%to$@%x', 'x$@%a$@%x', 'x$@%front$@%x', 'x$@%desk$@%x', 'x$@%lady$@%x', 'x$@%.$@%x']",0.71101647021252479,0.68934733360473954,0.41320321190393006,0.68576973853770062,0.66344042258239289,0.40467672647533037,1.0,25.0,25.0,46.0,25.0,25.0,46.0,53.5
I03T-gNNS-p131-r1,The man is giving the box to the woman.,1,1,1,1,1,"1	the	_	DT	DT	_	2	det	_	_
2	man	_	NN	NN	_	4	nsubj	_	_
3	be	_	VBZ	VBZ	_	4	aux	_	_
4	give	_	VBG	VBG	_	0	root	_	_
5	the	_	DT	DT	_	6	det	_	_
6	box	_	NN	NN	_	4	dobj	_	_
7	to	_	TO	TO	_	0	erased	_	_
8	the	_	DT	DT	_	9	det	_	_
9	woman	_	NN	NN	_	4	prep_to	_	_
10	.	_	.	.	_	4	punct	_	_","['det$@%the$@%man', 'nsubj$@%man$@%give', 'aux$@%be$@%give', 'root$@%give$@%VROOT', 'det$@%the$@%box', 'dobj$@%box$@%give', 'erased$@%to$@%WORDERASED', 'det$@%the$@%woman', 'prep_to$@%woman$@%give', 'punct$@%.$@%give']","['x$@%the$@%man', 'x$@%man$@%give', 'x$@%be$@%give', 'x$@%give$@%VROOT', 'x$@%the$@%box', 'x$@%box$@%give', 'x$@%to$@%WORDERASED', 'x$@%the$@%woman', 'x$@%woman$@%give', 'x$@%.$@%give']","['x$@%the$@%x', 'x$@%man$@%x', 'x$@%be$@%x', 'x$@%give$@%x', 'x$@%the$@%x', 'x$@%box$@%x', 'x$@%to$@%x', 'x$@%the$@%x', 'x$@%woman$@%x', 'x$@%.$@%x']",0.92433820993091298,0.92221625770239157,0.85438496680788578,0.90933467375392041,0.90805031350522381,0.84017981043560952,1.0,48.0,48.0,55.0,48.0,48.0,55.0,53.5
I03T-gNNS-p132-r1,The man is delivering a package,1,1,1,1,1,"1	the	_	DT	DT	_	2	det	_	_
2	man	_	NN	NN	_	4	nsubj	_	_
3	be	_	VBZ	VBZ	_	4	aux	_	_
4	deliver	_	VBG	VBG	_	0	root	_	_
5	a	_	DT	DT	_	6	det	_	_
6	package	_	NN	NN	_	4	dobj	_	_
7	.	_	.	.	_	4	punct	_	_","['det$@%the$@%man', 'nsubj$@%man$@%deliver', 'aux$@%be$@%deliver', 'root$@%deliver$@%VROOT', 'det$@%a$@%package', 'dobj$@%package$@%deliver', 'punct$@%.$@%deliver']","['x$@%the$@%man', 'x$@%man$@%deliver', 'x$@%be$@%deliver', 'x$@%deliver$@%VROOT', 'x$@%a$@%package', 'x$@%package$@%deliver', 'x$@%.$@%deliver']","['x$@%the$@%x', 'x$@%man$@%x', 'x$@%be$@%x', 'x$@%deliver$@%x', 'x$@%a$@%x', 'x$@%package$@%x', 'x$@%.$@%x']",0.081525272952836514,0.081737269998485518,0.041098157222905662,0.10184700360933419,0.10472084134434545,0.058796440673443029,1.0,3.0,3.0,3.0,3.0,3.0,9.0,53.5
I03T-gNNS-p134-r1,The man is giving a package to a woman.,1,1,1,1,1,"1	the	_	DT	DT	_	2	det	_	_
2	man	_	NN	NN	_	4	nsubj	_	_
3	be	_	VBZ	VBZ	_	4	aux	_	_
4	give	_	VBG	VBG	_	0	root	_	_
5	a	_	DT	DT	_	6	det	_	_
6	package	_	NN	NN	_	4	dobj	_	_
7	to	_	TO	TO	_	0	erased	_	_
8	a	_	DT	DT	_	9	det	_	_
9	woman	_	NN	NN	_	4	prep_to	_	_
10	.	_	.	.	_	4	punct	_	_","['det$@%the$@%man', 'nsubj$@%man$@%give', 'aux$@%be$@%give', 'root$@%give$@%VROOT', 'det$@%a$@%package', 'dobj$@%package$@%give', 'erased$@%to$@%WORDERASED', 'det$@%a$@%woman', 'prep_to$@%woman$@%give', 'punct$@%.$@%give']","['x$@%the$@%man', 'x$@%man$@%give', 'x$@%be$@%give', 'x$@%give$@%VROOT', 'x$@%a$@%package', 'x$@%package$@%give', 'x$@%to$@%WORDERASED', 'x$@%a$@%woman', 'x$@%woman$@%give', 'x$@%.$@%give']","['x$@%the$@%x', 'x$@%man$@%x', 'x$@%be$@%x', 'x$@%give$@%x', 'x$@%a$@%x', 'x$@%package$@%x', 'x$@%to$@%x', 'x$@%a$@%x', 'x$@%woman$@%x', 'x$@%.$@%x']",0.72862296825964301,0.69471998556152892,0.17568871659680185,0.71535681393357153,0.68358840684463129,0.16380642530481548,1.0,26.5,26.5,20.5,26.5,26.5,20.5,53.5
I03T-gNNS-p137-r1,The man is delivering a package.,1,1,1,1,1,"1	the	_	DT	DT	_	2	det	_	_
2	man	_	NN	NN	_	4	nsubj	_	_
3	be	_	VBZ	VBZ	_	4	aux	_	_
4	deliver	_	VBG	VBG	_	0	root	_	_
5	a	_	DT	DT	_	6	det	_	_
6	package	_	NN	NN	_	4	dobj	_	_
7	.	_	.	.	_	4	punct	_	_","['det$@%the$@%man', 'nsubj$@%man$@%deliver', 'aux$@%be$@%deliver', 'root$@%deliver$@%VROOT', 'det$@%a$@%package', 'dobj$@%package$@%deliver', 'punct$@%.$@%deliver']","['x$@%the$@%man', 'x$@%man$@%deliver', 'x$@%be$@%deliver', 'x$@%deliver$@%VROOT', 'x$@%a$@%package', 'x$@%package$@%deliver', 'x$@%.$@%deliver']","['x$@%the$@%x', 'x$@%man$@%x', 'x$@%be$@%x', 'x$@%deliver$@%x', 'x$@%a$@%x', 'x$@%package$@%x', 'x$@%.$@%x']",0.081525272952836514,0.081737269998485518,0.041098157222905662,0.10184700360933419,0.10472084134434545,0.058796440673443029,1.0,3.0,3.0,3.0,3.0,3.0,9.0,53.5
I03T-gNNS-p138-r1,The man is giving the package to the woman.,1,1,1,1,1,"1	the	_	DT	DT	_	2	det	_	_
2	man	_	NN	NN	_	4	nsubj	_	_
3	be	_	VBZ	VBZ	_	4	aux	_	_
4	give	_	VBG	VBG	_	0	root	_	_
5	the	_	DT	DT	_	6	det	_	_
6	package	_	NN	NN	_	4	dobj	_	_
7	to	_	TO	TO	_	0	erased	_	_
8	the	_	DT	DT	_	9	det	_	_
9	woman	_	NN	NN	_	4	prep_to	_	_
10	.	_	.	.	_	4	punct	_	_","['det$@%the$@%man', 'nsubj$@%man$@%give', 'aux$@%be$@%give', 'root$@%give$@%VROOT', 'det$@%the$@%package', 'dobj$@%package$@%give', 'erased$@%to$@%WORDERASED', 'det$@%the$@%woman', 'prep_to$@%woman$@%give', 'punct$@%.$@%give']","['x$@%the$@%man', 'x$@%man$@%give', 'x$@%be$@%give', 'x$@%give$@%VROOT', 'x$@%the$@%package', 'x$@%package$@%give', 'x$@%to$@%WORDERASED', 'x$@%the$@%woman', 'x$@%woman$@%give', 'x$@%.$@%give']","['x$@%the$@%x', 'x$@%man$@%x', 'x$@%be$@%x', 'x$@%give$@%x', 'x$@%the$@%x', 'x$@%package$@%x', 'x$@%to$@%x', 'x$@%the$@%x', 'x$@%woman$@%x', 'x$@%.$@%x']",0.89980277712191459,0.89395699948676866,0.17577943764136317,0.87639430946304775,0.87021740117258828,0.16381475792479783,1.0,44.0,44.0,23.0,44.0,44.0,23.0,53.5
I03T-gNNS-p139-r1,The man is delivering package.,1,1,0,1,1,"1	the	_	DT	DT	_	2	det	_	_
2	man	_	NN	NN	_	4	nsubj	_	_
3	be	_	VBZ	VBZ	_	4	aux	_	_
4	deliver	_	VBG	VBG	_	0	root	_	_
5	package	_	NN	NN	_	4	dobj	_	_
6	.	_	.	.	_	4	punct	_	_","['det$@%the$@%man', 'nsubj$@%man$@%deliver', 'aux$@%be$@%deliver', 'root$@%deliver$@%VROOT', 'dobj$@%package$@%deliver', 'punct$@%.$@%deliver']","['x$@%the$@%man', 'x$@%man$@%deliver', 'x$@%be$@%deliver', 'x$@%deliver$@%VROOT', 'x$@%package$@%deliver', 'x$@%.$@%deliver']","['x$@%the$@%x', 'x$@%man$@%x', 'x$@%be$@%x', 'x$@%deliver$@%x', 'x$@%package$@%x', 'x$@%.$@%x']",0.20392379635203317,0.2187433280973522,0.041103525602618984,0.22384610381703163,0.24056348015751672,0.05880047088343765,0.944,10.5,11.5,6.5,10.5,11.5,13.5,34.0
