ResponseID,Response,Core,Answer,Gramm,Interp,Verif,parse,ldh,xdh,xdx,ldh TC weighted,xdh TC weighted,xdx TC weighted,ldh TC unweighted,xdh TC unweighted,xdx TC unweighted,ldh uw rank,xdh uw rank,xdx uw rank,AnnoScore,AnnoRank
I01T-gNNS-p001-r1,The boy is dancing.,1,1,1,1,1,"1	the	_	DT	DT	_	2	det	_	_
2	boy	_	NN	NN	_	4	nsubj	_	_
3	be	_	VBZ	VBZ	_	4	aux	_	_
4	dance	_	VBG	VBG	_	0	root	_	_
5	.	_	.	.	_	4	punct	_	_","['det$@%the$@%boy', 'nsubj$@%boy$@%dance', 'aux$@%be$@%dance', 'root$@%dance$@%VROOT', 'punct$@%.$@%dance']","['x$@%the$@%boy', 'x$@%boy$@%dance', 'x$@%be$@%dance', 'x$@%dance$@%VROOT', 'x$@%.$@%dance']","['x$@%the$@%x', 'x$@%boy$@%x', 'x$@%be$@%x', 'x$@%dance$@%x', 'x$@%.$@%x']",0.059862500930829676,0.063706015021522844,0.077377407011282928,0.070955285258280987,0.075320975926758127,0.128471020389607,1.0,12.0,12.0,27.0,12.0
I01T-gNNS-p002-r1,The boy is dancing.,1,1,1,1,1,"1	the	_	DT	DT	_	2	det	_	_
2	boy	_	NN	NN	_	4	nsubj	_	_
3	be	_	VBZ	VBZ	_	4	aux	_	_
4	dance	_	VBG	VBG	_	0	root	_	_
5	.	_	.	.	_	4	punct	_	_","['det$@%the$@%boy', 'nsubj$@%boy$@%dance', 'aux$@%be$@%dance', 'root$@%dance$@%VROOT', 'punct$@%.$@%dance']","['x$@%the$@%boy', 'x$@%boy$@%dance', 'x$@%be$@%dance', 'x$@%dance$@%VROOT', 'x$@%.$@%dance']","['x$@%the$@%x', 'x$@%boy$@%x', 'x$@%be$@%x', 'x$@%dance$@%x', 'x$@%.$@%x']",0.059862500930829676,0.063706015021522844,0.077377407011282928,0.070955285258280987,0.075320975926758127,0.128471020389607,1.0,12.0,12.0,27.0,12.0
I01T-gNNS-p003-r1,he is singing and dancing,1,1,1,1,0,"1	he	_	PRP	PRP	_	5	nsubj	_	_
2	be	_	VBZ	VBZ	_	3	aux	_	_
3	singing	_	VBG	VBG	_	0	root	_	_
4	and	_	CC	CC	_	0	erased	_	_
5	dancing	_	VBG	VBG	_	3	conj_and	_	_
6	.	_	.	.	_	3	punct	_	_","['nsubj$@%he$@%dancing', 'aux$@%be$@%singing', 'root$@%singing$@%VROOT', 'erased$@%and$@%WORDERASED', 'conj_and$@%dancing$@%singing', 'punct$@%.$@%singing']","['x$@%he$@%dancing', 'x$@%be$@%singing', 'x$@%singing$@%VROOT', 'x$@%and$@%WORDERASED', 'x$@%dancing$@%singing', 'x$@%.$@%singing']","['x$@%he$@%x', 'x$@%be$@%x', 'x$@%singing$@%x', 'x$@%and$@%x', 'x$@%dancing$@%x', 'x$@%.$@%x']",0.99999994828052241,0.99999994473388709,0.99935384845521813,0.99999982799239662,0.9999998164102607,0.99934255275284001,0.738,66.5,66.5,69.5,66.5
I01T-gNNS-p008-r1,The boy is dancing.,1,1,1,1,1,"1	the	_	DT	DT	_	2	det	_	_
2	boy	_	NN	NN	_	4	nsubj	_	_
3	be	_	VBZ	VBZ	_	4	aux	_	_
4	dance	_	VBG	VBG	_	0	root	_	_
5	.	_	.	.	_	4	punct	_	_","['det$@%the$@%boy', 'nsubj$@%boy$@%dance', 'aux$@%be$@%dance', 'root$@%dance$@%VROOT', 'punct$@%.$@%dance']","['x$@%the$@%boy', 'x$@%boy$@%dance', 'x$@%be$@%dance', 'x$@%dance$@%VROOT', 'x$@%.$@%dance']","['x$@%the$@%x', 'x$@%boy$@%x', 'x$@%be$@%x', 'x$@%dance$@%x', 'x$@%.$@%x']",0.059862500930829676,0.063706015021522844,0.077377407011282928,0.070955285258280987,0.075320975926758127,0.128471020389607,1.0,12.0,12.0,27.0,12.0
I01T-gNNS-p010-r1,The boy is dancing,1,1,1,1,1,"1	the	_	DT	DT	_	2	det	_	_
2	boy	_	NN	NN	_	4	nsubj	_	_
3	be	_	VBZ	VBZ	_	4	aux	_	_
4	dance	_	VBG	VBG	_	0	root	_	_
5	.	_	.	.	_	4	punct	_	_","['det$@%the$@%boy', 'nsubj$@%boy$@%dance', 'aux$@%be$@%dance', 'root$@%dance$@%VROOT', 'punct$@%.$@%dance']","['x$@%the$@%boy', 'x$@%boy$@%dance', 'x$@%be$@%dance', 'x$@%dance$@%VROOT', 'x$@%.$@%dance']","['x$@%the$@%x', 'x$@%boy$@%x', 'x$@%be$@%x', 'x$@%dance$@%x', 'x$@%.$@%x']",0.059862500930829676,0.063706015021522844,0.077377407011282928,0.070955285258280987,0.075320975926758127,0.128471020389607,1.0,12.0,12.0,27.0,12.0
I01T-gNNS-p011-r1,A boy is dancing along with music ,1,0,1,1,1,"1	a	_	DT	DT	_	2	det	_	_
2	boy	_	NN	NN	_	4	nsubj	_	_
3	be	_	VBZ	VBZ	_	4	aux	_	_
4	dance	_	VBG	VBG	_	0	root	_	_
5	along	_	RP	RP	_	0	erased	_	_
6	with	_	IN	IN	_	0	erased	_	_
7	music	_	NN	NN	_	4	prep_along_with	_	_
8	.	_	.	.	_	4	punct	_	_","['det$@%a$@%boy', 'nsubj$@%boy$@%dance', 'aux$@%be$@%dance', 'root$@%dance$@%VROOT', 'erased$@%along$@%WORDERASED', 'erased$@%with$@%WORDERASED', 'prep_along_with$@%music$@%dance', 'punct$@%.$@%dance']","['x$@%a$@%boy', 'x$@%boy$@%dance', 'x$@%be$@%dance', 'x$@%dance$@%VROOT', 'x$@%along$@%WORDERASED', 'x$@%with$@%WORDERASED', 'x$@%music$@%dance', 'x$@%.$@%dance']","['x$@%a$@%x', 'x$@%boy$@%x', 'x$@%be$@%x', 'x$@%dance$@%x', 'x$@%along$@%x', 'x$@%with$@%x', 'x$@%music$@%x', 'x$@%.$@%x']",0.21844626846104354,0.1425431487493497,0.098405238526048988,0.2286565482269447,0.13401431147242859,0.079935443473758583,0.907,47.0,39.0,43.0,47.0
I01T-gNNS-p015-r1,The boy is dancing.,1,1,1,1,1,"1	the	_	DT	DT	_	2	det	_	_
2	boy	_	NN	NN	_	4	nsubj	_	_
3	be	_	VBZ	VBZ	_	4	aux	_	_
4	dance	_	VBG	VBG	_	0	root	_	_
5	.	_	.	.	_	4	punct	_	_","['det$@%the$@%boy', 'nsubj$@%boy$@%dance', 'aux$@%be$@%dance', 'root$@%dance$@%VROOT', 'punct$@%.$@%dance']","['x$@%the$@%boy', 'x$@%boy$@%dance', 'x$@%be$@%dance', 'x$@%dance$@%VROOT', 'x$@%.$@%dance']","['x$@%the$@%x', 'x$@%boy$@%x', 'x$@%be$@%x', 'x$@%dance$@%x', 'x$@%.$@%x']",0.059862500930829676,0.063706015021522844,0.077377407011282928,0.070955285258280987,0.075320975926758127,0.128471020389607,1.0,12.0,12.0,27.0,12.0
I01T-gNNS-p016-r1,He is dancing.,1,1,1,1,1,"1	he	_	PRP	PRP	_	3	nsubj	_	_
2	be	_	VBZ	VBZ	_	3	aux	_	_
3	dance	_	VBG	VBG	_	0	root	_	_
4	.	_	.	.	_	3	punct	_	_","['nsubj$@%he$@%dance', 'aux$@%be$@%dance', 'root$@%dance$@%VROOT', 'punct$@%.$@%dance']","['x$@%he$@%dance', 'x$@%be$@%dance', 'x$@%dance$@%VROOT', 'x$@%.$@%dance']","['x$@%he$@%x', 'x$@%be$@%x', 'x$@%dance$@%x', 'x$@%.$@%x']",0.1857009091819587,0.1996825716787346,0.16727821502523454,0.20691311074133278,0.22201537589569376,0.22828132197695505,1.0,34.0,46.0,51.0,40.0
I01T-gNNS-p018-r1,The boy is singing and dancing.,1,1,1,1,0,"1	the	_	DT	DT	_	2	det	_	_
2	boy	_	NN	NN	_	6	nsubj	_	_
3	be	_	VBZ	VBZ	_	4	aux	_	_
4	singing	_	VBG	VBG	_	0	root	_	_
5	and	_	CC	CC	_	0	erased	_	_
6	dancing	_	VBG	VBG	_	4	conj_and	_	_
7	.	_	.	.	_	4	punct	_	_","['det$@%the$@%boy', 'nsubj$@%boy$@%dancing', 'aux$@%be$@%singing', 'root$@%singing$@%VROOT', 'erased$@%and$@%WORDERASED', 'conj_and$@%dancing$@%singing', 'punct$@%.$@%singing']","['x$@%the$@%boy', 'x$@%boy$@%dancing', 'x$@%be$@%singing', 'x$@%singing$@%VROOT', 'x$@%and$@%WORDERASED', 'x$@%dancing$@%singing', 'x$@%.$@%singing']","['x$@%the$@%x', 'x$@%boy$@%x', 'x$@%be$@%x', 'x$@%singing$@%x', 'x$@%and$@%x', 'x$@%dancing$@%x', 'x$@%.$@%x']",0.97187930191150229,0.97117572987971512,0.87576419495693703,0.97036301763034616,0.96965674254886447,0.87462787276943921,0.738,63.0,63.0,63.0,63.0
I01T-gNNS-p019-r1,He is dancing.,1,1,1,1,1,"1	he	_	PRP	PRP	_	3	nsubj	_	_
2	be	_	VBZ	VBZ	_	3	aux	_	_
3	dance	_	VBG	VBG	_	0	root	_	_
4	.	_	.	.	_	3	punct	_	_","['nsubj$@%he$@%dance', 'aux$@%be$@%dance', 'root$@%dance$@%VROOT', 'punct$@%.$@%dance']","['x$@%he$@%dance', 'x$@%be$@%dance', 'x$@%dance$@%VROOT', 'x$@%.$@%dance']","['x$@%he$@%x', 'x$@%be$@%x', 'x$@%dance$@%x', 'x$@%.$@%x']",0.1857009091819587,0.1996825716787346,0.16727821502523454,0.20691311074133278,0.22201537589569376,0.22828132197695505,1.0,34.0,46.0,51.0,40.0
I01T-gNNS-p020-r1,He is dancing and singing.,1,1,1,1,0,"1	he	_	PRP	PRP	_	5	nsubj	_	_
2	be	_	VBZ	VBZ	_	3	aux	_	_
3	dance	_	VBG	VBG	_	0	root	_	_
4	and	_	CC	CC	_	0	erased	_	_
5	singing	_	VBG	VBG	_	3	conj_and	_	_
6	.	_	.	.	_	3	punct	_	_","['nsubj$@%he$@%singing', 'aux$@%be$@%dance', 'root$@%dance$@%VROOT', 'erased$@%and$@%WORDERASED', 'conj_and$@%singing$@%dance', 'punct$@%.$@%dance']","['x$@%he$@%singing', 'x$@%be$@%dance', 'x$@%dance$@%VROOT', 'x$@%and$@%WORDERASED', 'x$@%singing$@%dance', 'x$@%.$@%dance']","['x$@%he$@%x', 'x$@%be$@%x', 'x$@%dance$@%x', 'x$@%and$@%x', 'x$@%singing$@%x', 'x$@%.$@%x']",0.39192236483447762,0.41740550961435474,0.48910269751097335,0.40334324739622063,0.42901081385376882,0.5265296675658433,0.738,56.0,58.0,59.0,56.0
I01T-gNNS-p024-r1,the boy dances with music on.,1,0,1,1,1,"1	the	_	DT	DT	_	2	det	_	_
2	boy	_	NN	NN	_	3	nsubj	_	_
3	dance	_	VBZ	VBZ	_	0	root	_	_
4	with	_	IN	IN	_	0	erased	_	_
5	music	_	NN	NN	_	3	prep_with	_	_
6	on	_	IN	IN	_	3	prep	_	_
7	.	_	.	.	_	3	punct	_	_","['det$@%the$@%boy', 'nsubj$@%boy$@%dance', 'root$@%dance$@%VROOT', 'erased$@%with$@%WORDERASED', 'prep_with$@%music$@%dance', 'prep$@%on$@%dance', 'punct$@%.$@%dance']","['x$@%the$@%boy', 'x$@%boy$@%dance', 'x$@%dance$@%VROOT', 'x$@%with$@%WORDERASED', 'x$@%music$@%dance', 'x$@%on$@%dance', 'x$@%.$@%dance']","['x$@%the$@%x', 'x$@%boy$@%x', 'x$@%dance$@%x', 'x$@%with$@%x', 'x$@%music$@%x', 'x$@%on$@%x', 'x$@%.$@%x']",0.47941917934054035,0.37063031565281601,0.052597168058180821,0.48347799600987218,0.35670657871420641,0.033189437526267351,0.907,58.0,55.0,14.0,58.0
I01T-gNNS-p025-r1,He is singing.,0,1,1,1,0,"1	he	_	PRP	PRP	_	3	nsubj	_	_
2	be	_	VBZ	VBZ	_	3	aux	_	_
3	singing	_	VBG	VBG	_	0	root	_	_
4	.	_	.	.	_	3	punct	_	_","['nsubj$@%he$@%singing', 'aux$@%be$@%singing', 'root$@%singing$@%VROOT', 'punct$@%.$@%singing']","['x$@%he$@%singing', 'x$@%be$@%singing', 'x$@%singing$@%VROOT', 'x$@%.$@%singing']","['x$@%he$@%x', 'x$@%be$@%x', 'x$@%singing$@%x', 'x$@%.$@%x']",1.0,1.0,0.99910853064535232,1.0,1.0,0.99909304765228302,0.373,70.0,70.0,66.0,70.0
I01T-gNNS-p029-r1,The boy is dancing.,1,1,1,1,1,"1	the	_	DT	DT	_	2	det	_	_
2	boy	_	NN	NN	_	4	nsubj	_	_
3	be	_	VBZ	VBZ	_	4	aux	_	_
4	dance	_	VBG	VBG	_	0	root	_	_
5	.	_	.	.	_	4	punct	_	_","['det$@%the$@%boy', 'nsubj$@%boy$@%dance', 'aux$@%be$@%dance', 'root$@%dance$@%VROOT', 'punct$@%.$@%dance']","['x$@%the$@%boy', 'x$@%boy$@%dance', 'x$@%be$@%dance', 'x$@%dance$@%VROOT', 'x$@%.$@%dance']","['x$@%the$@%x', 'x$@%boy$@%x', 'x$@%be$@%x', 'x$@%dance$@%x', 'x$@%.$@%x']",0.059862500930829676,0.063706015021522844,0.077377407011282928,0.070955285258280987,0.075320975926758127,0.128471020389607,1.0,12.0,12.0,27.0,12.0
I01T-gNNS-p031-r1,The smiling boy is dancing with music. ,1,0,1,1,1,"1	the	_	DT	DT	_	3	det	_	_
2	smile	_	VBG	VBG	_	3	amod	_	_
3	boy	_	NN	NN	_	5	nsubj	_	_
4	be	_	VBZ	VBZ	_	5	aux	_	_
5	dance	_	VBG	VBG	_	0	root	_	_
6	with	_	IN	IN	_	0	erased	_	_
7	music	_	NN	NN	_	5	prep_with	_	_
8	.	_	.	.	_	5	punct	_	_","['det$@%the$@%boy', 'amod$@%smile$@%boy', 'nsubj$@%boy$@%dance', 'aux$@%be$@%dance', 'root$@%dance$@%VROOT', 'erased$@%with$@%WORDERASED', 'prep_with$@%music$@%dance', 'punct$@%.$@%dance']","['x$@%the$@%boy', 'x$@%smile$@%boy', 'x$@%boy$@%dance', 'x$@%be$@%dance', 'x$@%dance$@%VROOT', 'x$@%with$@%WORDERASED', 'x$@%music$@%dance', 'x$@%.$@%dance']","['x$@%the$@%x', 'x$@%smile$@%x', 'x$@%boy$@%x', 'x$@%be$@%x', 'x$@%dance$@%x', 'x$@%with$@%x', 'x$@%music$@%x', 'x$@%.$@%x']",0.26537203101805351,0.19873941599076694,0.1704093199177491,0.27403791123229304,0.19045080202087794,0.15341504126108052,0.907,49.5,42.0,55.0,49.5
I01T-gNNS-p033-r1,The boy is dancing.,1,1,1,1,1,"1	the	_	DT	DT	_	2	det	_	_
2	boy	_	NN	NN	_	4	nsubj	_	_
3	be	_	VBZ	VBZ	_	4	aux	_	_
4	dance	_	VBG	VBG	_	0	root	_	_
5	.	_	.	.	_	4	punct	_	_","['det$@%the$@%boy', 'nsubj$@%boy$@%dance', 'aux$@%be$@%dance', 'root$@%dance$@%VROOT', 'punct$@%.$@%dance']","['x$@%the$@%boy', 'x$@%boy$@%dance', 'x$@%be$@%dance', 'x$@%dance$@%VROOT', 'x$@%.$@%dance']","['x$@%the$@%x', 'x$@%boy$@%x', 'x$@%be$@%x', 'x$@%dance$@%x', 'x$@%.$@%x']",0.059862500930829676,0.063706015021522844,0.077377407011282928,0.070955285258280987,0.075320975926758127,0.128471020389607,1.0,12.0,12.0,27.0,12.0
I01T-gNNS-p035-r1,The boy is singing songs.,0,1,1,1,0,"1	the	_	DT	DT	_	2	det	_	_
2	boy	_	NN	NN	_	4	nsubj	_	_
3	be	_	VBZ	VBZ	_	4	aux	_	_
4	sing	_	VBG	VBG	_	0	root	_	_
5	song	_	NNS	NNS	_	4	dobj	_	_
6	.	_	.	.	_	4	punct	_	_","['det$@%the$@%boy', 'nsubj$@%boy$@%sing', 'aux$@%be$@%sing', 'root$@%sing$@%VROOT', 'dobj$@%song$@%sing', 'punct$@%.$@%sing']","['x$@%the$@%boy', 'x$@%boy$@%sing', 'x$@%be$@%sing', 'x$@%sing$@%VROOT', 'x$@%song$@%sing', 'x$@%.$@%sing']","['x$@%the$@%x', 'x$@%boy$@%x', 'x$@%be$@%x', 'x$@%sing$@%x', 'x$@%song$@%x', 'x$@%.$@%x']",0.96991268622610105,0.96483041670217706,0.8500383116447654,0.96829048480664037,0.96297718990670644,0.84866677240746435,0.373,61.0,61.0,61.0,61.0
I01T-gNNS-p045-r1,The boy is dancing with the music.,1,1,1,1,1,"1	the	_	DT	DT	_	2	det	_	_
2	boy	_	NN	NN	_	4	nsubj	_	_
3	be	_	VBZ	VBZ	_	4	aux	_	_
4	dance	_	VBG	VBG	_	0	root	_	_
5	with	_	IN	IN	_	0	erased	_	_
6	the	_	DT	DT	_	7	det	_	_
7	music	_	NN	NN	_	4	prep_with	_	_
8	.	_	.	.	_	4	punct	_	_","['det$@%the$@%boy', 'nsubj$@%boy$@%dance', 'aux$@%be$@%dance', 'root$@%dance$@%VROOT', 'erased$@%with$@%WORDERASED', 'det$@%the$@%music', 'prep_with$@%music$@%dance', 'punct$@%.$@%dance']","['x$@%the$@%boy', 'x$@%boy$@%dance', 'x$@%be$@%dance', 'x$@%dance$@%VROOT', 'x$@%with$@%WORDERASED', 'x$@%the$@%music', 'x$@%music$@%dance', 'x$@%.$@%dance']","['x$@%the$@%x', 'x$@%boy$@%x', 'x$@%be$@%x', 'x$@%dance$@%x', 'x$@%with$@%x', 'x$@%the$@%x', 'x$@%music$@%x', 'x$@%.$@%x']",0.19695686511799493,0.12063374764806312,0.052510165244949447,0.20271644580124359,0.10791958837161286,0.033086720627697574,1.0,40.5,32.5,10.5,33.5
I01T-gNNS-p046-r1,He is singing.,0,1,1,1,0,"1	he	_	PRP	PRP	_	3	nsubj	_	_
2	be	_	VBZ	VBZ	_	3	aux	_	_
3	singing	_	VBG	VBG	_	0	root	_	_
4	.	_	.	.	_	3	punct	_	_","['nsubj$@%he$@%singing', 'aux$@%be$@%singing', 'root$@%singing$@%VROOT', 'punct$@%.$@%singing']","['x$@%he$@%singing', 'x$@%be$@%singing', 'x$@%singing$@%VROOT', 'x$@%.$@%singing']","['x$@%he$@%x', 'x$@%be$@%x', 'x$@%singing$@%x', 'x$@%.$@%x']",1.0,1.0,0.99910853064535232,1.0,1.0,0.99909304765228302,0.373,70.0,70.0,66.0,70.0
I01T-gNNS-p047-r1,The boy is dancing,1,1,1,1,1,"1	the	_	DT	DT	_	2	det	_	_
2	boy	_	NN	NN	_	4	nsubj	_	_
3	be	_	VBZ	VBZ	_	4	aux	_	_
4	dance	_	VBG	VBG	_	0	root	_	_
5	.	_	.	.	_	4	punct	_	_","['det$@%the$@%boy', 'nsubj$@%boy$@%dance', 'aux$@%be$@%dance', 'root$@%dance$@%VROOT', 'punct$@%.$@%dance']","['x$@%the$@%boy', 'x$@%boy$@%dance', 'x$@%be$@%dance', 'x$@%dance$@%VROOT', 'x$@%.$@%dance']","['x$@%the$@%x', 'x$@%boy$@%x', 'x$@%be$@%x', 'x$@%dance$@%x', 'x$@%.$@%x']",0.059862500930829676,0.063706015021522844,0.077377407011282928,0.070955285258280987,0.075320975926758127,0.128471020389607,1.0,12.0,12.0,27.0,12.0
I01T-gNNS-p048-r1,The boy is dancing.,1,1,1,1,1,"1	the	_	DT	DT	_	2	det	_	_
2	boy	_	NN	NN	_	4	nsubj	_	_
3	be	_	VBZ	VBZ	_	4	aux	_	_
4	dance	_	VBG	VBG	_	0	root	_	_
5	.	_	.	.	_	4	punct	_	_","['det$@%the$@%boy', 'nsubj$@%boy$@%dance', 'aux$@%be$@%dance', 'root$@%dance$@%VROOT', 'punct$@%.$@%dance']","['x$@%the$@%boy', 'x$@%boy$@%dance', 'x$@%be$@%dance', 'x$@%dance$@%VROOT', 'x$@%.$@%dance']","['x$@%the$@%x', 'x$@%boy$@%x', 'x$@%be$@%x', 'x$@%dance$@%x', 'x$@%.$@%x']",0.059862500930829676,0.063706015021522844,0.077377407011282928,0.070955285258280987,0.075320975926758127,0.128471020389607,1.0,12.0,12.0,27.0,12.0
I01T-gNNS-p049-r1,this boy is dancing ,1,0,1,1,1,"1	this	_	DT	DT	_	2	det	_	_
2	boy	_	NN	NN	_	4	nsubj	_	_
3	be	_	VBZ	VBZ	_	4	aux	_	_
4	dance	_	VBG	VBG	_	0	root	_	_
5	.	_	.	.	_	4	punct	_	_","['det$@%this$@%boy', 'nsubj$@%boy$@%dance', 'aux$@%be$@%dance', 'root$@%dance$@%VROOT', 'punct$@%.$@%dance']","['x$@%this$@%boy', 'x$@%boy$@%dance', 'x$@%be$@%dance', 'x$@%dance$@%VROOT', 'x$@%.$@%dance']","['x$@%this$@%x', 'x$@%boy$@%x', 'x$@%be$@%x', 'x$@%dance$@%x', 'x$@%.$@%x']",0.14623533277900602,0.15535960649407787,0.07776586423084253,0.15894113479812944,0.16861203127856961,0.12884112884071419,0.907,27.0,40.0,40.0,27.0
I01T-gNNS-p050-r1,The boy is dancing.,1,1,1,1,1,"1	the	_	DT	DT	_	2	det	_	_
2	boy	_	NN	NN	_	4	nsubj	_	_
3	be	_	VBZ	VBZ	_	4	aux	_	_
4	dance	_	VBG	VBG	_	0	root	_	_
5	.	_	.	.	_	4	punct	_	_","['det$@%the$@%boy', 'nsubj$@%boy$@%dance', 'aux$@%be$@%dance', 'root$@%dance$@%VROOT', 'punct$@%.$@%dance']","['x$@%the$@%boy', 'x$@%boy$@%dance', 'x$@%be$@%dance', 'x$@%dance$@%VROOT', 'x$@%.$@%dance']","['x$@%the$@%x', 'x$@%boy$@%x', 'x$@%be$@%x', 'x$@%dance$@%x', 'x$@%.$@%x']",0.059862500930829676,0.063706015021522844,0.077377407011282928,0.070955285258280987,0.075320975926758127,0.128471020389607,1.0,12.0,12.0,27.0,12.0
I01T-gNNS-p052-r1,A young boy is dancing along with music.,1,0,1,1,1,"1	a	_	DT	DT	_	3	det	_	_
2	young	_	JJ	JJ	_	3	amod	_	_
3	boy	_	NN	NN	_	5	nsubj	_	_
4	be	_	VBZ	VBZ	_	5	aux	_	_
5	dance	_	VBG	VBG	_	0	root	_	_
6	along	_	RP	RP	_	0	erased	_	_
7	with	_	IN	IN	_	0	erased	_	_
8	music	_	NN	NN	_	5	prep_along_with	_	_
9	.	_	.	.	_	5	punct	_	_","['det$@%a$@%boy', 'amod$@%young$@%boy', 'nsubj$@%boy$@%dance', 'aux$@%be$@%dance', 'root$@%dance$@%VROOT', 'erased$@%along$@%WORDERASED', 'erased$@%with$@%WORDERASED', 'prep_along_with$@%music$@%dance', 'punct$@%.$@%dance']","['x$@%a$@%boy', 'x$@%young$@%boy', 'x$@%boy$@%dance', 'x$@%be$@%dance', 'x$@%dance$@%VROOT', 'x$@%along$@%WORDERASED', 'x$@%with$@%WORDERASED', 'x$@%music$@%dance', 'x$@%.$@%dance']","['x$@%a$@%x', 'x$@%young$@%x', 'x$@%boy$@%x', 'x$@%be$@%x', 'x$@%dance$@%x', 'x$@%along$@%x', 'x$@%with$@%x', 'x$@%music$@%x', 'x$@%.$@%x']",0.27428489275900125,0.20667911338160605,0.14379498955485437,0.28376569232051208,0.19878821515100431,0.12182338481743649,0.907,51.0,50.0,45.0,52.0
I01T-gNNS-p053-r1,The boy is dancing,1,1,1,1,1,"1	the	_	DT	DT	_	2	det	_	_
2	boy	_	NN	NN	_	4	nsubj	_	_
3	be	_	VBZ	VBZ	_	4	aux	_	_
4	dance	_	VBG	VBG	_	0	root	_	_
5	.	_	.	.	_	4	punct	_	_","['det$@%the$@%boy', 'nsubj$@%boy$@%dance', 'aux$@%be$@%dance', 'root$@%dance$@%VROOT', 'punct$@%.$@%dance']","['x$@%the$@%boy', 'x$@%boy$@%dance', 'x$@%be$@%dance', 'x$@%dance$@%VROOT', 'x$@%.$@%dance']","['x$@%the$@%x', 'x$@%boy$@%x', 'x$@%be$@%x', 'x$@%dance$@%x', 'x$@%.$@%x']",0.059862500930829676,0.063706015021522844,0.077377407011282928,0.070955285258280987,0.075320975926758127,0.128471020389607,1.0,12.0,12.0,27.0,12.0
I01T-gNNS-p054-r1,The boy is dancing with the music.,1,1,1,1,1,"1	the	_	DT	DT	_	2	det	_	_
2	boy	_	NN	NN	_	4	nsubj	_	_
3	be	_	VBZ	VBZ	_	4	aux	_	_
4	dance	_	VBG	VBG	_	0	root	_	_
5	with	_	IN	IN	_	0	erased	_	_
6	the	_	DT	DT	_	7	det	_	_
7	music	_	NN	NN	_	4	prep_with	_	_
8	.	_	.	.	_	4	punct	_	_","['det$@%the$@%boy', 'nsubj$@%boy$@%dance', 'aux$@%be$@%dance', 'root$@%dance$@%VROOT', 'erased$@%with$@%WORDERASED', 'det$@%the$@%music', 'prep_with$@%music$@%dance', 'punct$@%.$@%dance']","['x$@%the$@%boy', 'x$@%boy$@%dance', 'x$@%be$@%dance', 'x$@%dance$@%VROOT', 'x$@%with$@%WORDERASED', 'x$@%the$@%music', 'x$@%music$@%dance', 'x$@%.$@%dance']","['x$@%the$@%x', 'x$@%boy$@%x', 'x$@%be$@%x', 'x$@%dance$@%x', 'x$@%with$@%x', 'x$@%the$@%x', 'x$@%music$@%x', 'x$@%.$@%x']",0.19695686511799493,0.12063374764806312,0.052510165244949447,0.20271644580124359,0.10791958837161286,0.033086720627697574,1.0,40.5,32.5,10.5,33.5
I01T-gNNS-p055-r1,The boy is dancing,1,1,1,1,1,"1	the	_	DT	DT	_	2	det	_	_
2	boy	_	NN	NN	_	4	nsubj	_	_
3	be	_	VBZ	VBZ	_	4	aux	_	_
4	dance	_	VBG	VBG	_	0	root	_	_
5	.	_	.	.	_	4	punct	_	_","['det$@%the$@%boy', 'nsubj$@%boy$@%dance', 'aux$@%be$@%dance', 'root$@%dance$@%VROOT', 'punct$@%.$@%dance']","['x$@%the$@%boy', 'x$@%boy$@%dance', 'x$@%be$@%dance', 'x$@%dance$@%VROOT', 'x$@%.$@%dance']","['x$@%the$@%x', 'x$@%boy$@%x', 'x$@%be$@%x', 'x$@%dance$@%x', 'x$@%.$@%x']",0.059862500930829676,0.063706015021522844,0.077377407011282928,0.070955285258280987,0.075320975926758127,0.128471020389607,1.0,12.0,12.0,27.0,12.0
I01T-gNNS-p056-r1,The boy is dancing.,1,1,1,1,1,"1	the	_	DT	DT	_	2	det	_	_
2	boy	_	NN	NN	_	4	nsubj	_	_
3	be	_	VBZ	VBZ	_	4	aux	_	_
4	dance	_	VBG	VBG	_	0	root	_	_
5	.	_	.	.	_	4	punct	_	_","['det$@%the$@%boy', 'nsubj$@%boy$@%dance', 'aux$@%be$@%dance', 'root$@%dance$@%VROOT', 'punct$@%.$@%dance']","['x$@%the$@%boy', 'x$@%boy$@%dance', 'x$@%be$@%dance', 'x$@%dance$@%VROOT', 'x$@%.$@%dance']","['x$@%the$@%x', 'x$@%boy$@%x', 'x$@%be$@%x', 'x$@%dance$@%x', 'x$@%.$@%x']",0.059862500930829676,0.063706015021522844,0.077377407011282928,0.070955285258280987,0.075320975926758127,0.128471020389607,1.0,12.0,12.0,27.0,12.0
I01T-gNNS-p059-r1,The boy is dancing to music.,1,1,1,1,1,"1	the	_	DT	DT	_	2	det	_	_
2	boy	_	NN	NN	_	4	nsubj	_	_
3	be	_	VBZ	VBZ	_	4	aux	_	_
4	dance	_	VBG	VBG	_	0	root	_	_
5	to	_	TO	TO	_	0	erased	_	_
6	music	_	NN	NN	_	4	prep_to	_	_
7	.	_	.	.	_	4	punct	_	_","['det$@%the$@%boy', 'nsubj$@%boy$@%dance', 'aux$@%be$@%dance', 'root$@%dance$@%VROOT', 'erased$@%to$@%WORDERASED', 'prep_to$@%music$@%dance', 'punct$@%.$@%dance']","['x$@%the$@%boy', 'x$@%boy$@%dance', 'x$@%be$@%dance', 'x$@%dance$@%VROOT', 'x$@%to$@%WORDERASED', 'x$@%music$@%dance', 'x$@%.$@%dance']","['x$@%the$@%x', 'x$@%boy$@%x', 'x$@%be$@%x', 'x$@%dance$@%x', 'x$@%to$@%x', 'x$@%music$@%x', 'x$@%.$@%x']",0.097792821176888145,0.10237742514089165,0.052384040772632812,0.089292194099721556,0.093091460844894836,0.032982770168318853,1.0,25.5,24.5,1.5,24.5
I01T-gNNS-p060-r1,He is dancing.,1,1,1,1,1,"1	he	_	PRP	PRP	_	3	nsubj	_	_
2	be	_	VBZ	VBZ	_	3	aux	_	_
3	dance	_	VBG	VBG	_	0	root	_	_
4	.	_	.	.	_	3	punct	_	_","['nsubj$@%he$@%dance', 'aux$@%be$@%dance', 'root$@%dance$@%VROOT', 'punct$@%.$@%dance']","['x$@%he$@%dance', 'x$@%be$@%dance', 'x$@%dance$@%VROOT', 'x$@%.$@%dance']","['x$@%he$@%x', 'x$@%be$@%x', 'x$@%dance$@%x', 'x$@%.$@%x']",0.1857009091819587,0.1996825716787346,0.16727821502523454,0.20691311074133278,0.22201537589569376,0.22828132197695505,1.0,34.0,46.0,51.0,40.0
I01T-gNNS-p061-r1,the boy is dancing.,1,1,1,1,1,"1	the	_	DT	DT	_	2	det	_	_
2	boy	_	NN	NN	_	4	nsubj	_	_
3	be	_	VBZ	VBZ	_	4	aux	_	_
4	dance	_	VBG	VBG	_	0	root	_	_
5	.	_	.	.	_	4	punct	_	_","['det$@%the$@%boy', 'nsubj$@%boy$@%dance', 'aux$@%be$@%dance', 'root$@%dance$@%VROOT', 'punct$@%.$@%dance']","['x$@%the$@%boy', 'x$@%boy$@%dance', 'x$@%be$@%dance', 'x$@%dance$@%VROOT', 'x$@%.$@%dance']","['x$@%the$@%x', 'x$@%boy$@%x', 'x$@%be$@%x', 'x$@%dance$@%x', 'x$@%.$@%x']",0.059862500930829676,0.063706015021522844,0.077377407011282928,0.070955285258280987,0.075320975926758127,0.128471020389607,1.0,12.0,12.0,27.0,12.0
I01T-gNNS-p062-r1,The boy is dancing,1,1,1,1,1,"1	the	_	DT	DT	_	2	det	_	_
2	boy	_	NN	NN	_	4	nsubj	_	_
3	be	_	VBZ	VBZ	_	4	aux	_	_
4	dance	_	VBG	VBG	_	0	root	_	_
5	.	_	.	.	_	4	punct	_	_","['det$@%the$@%boy', 'nsubj$@%boy$@%dance', 'aux$@%be$@%dance', 'root$@%dance$@%VROOT', 'punct$@%.$@%dance']","['x$@%the$@%boy', 'x$@%boy$@%dance', 'x$@%be$@%dance', 'x$@%dance$@%VROOT', 'x$@%.$@%dance']","['x$@%the$@%x', 'x$@%boy$@%x', 'x$@%be$@%x', 'x$@%dance$@%x', 'x$@%.$@%x']",0.059862500930829676,0.063706015021522844,0.077377407011282928,0.070955285258280987,0.075320975926758127,0.128471020389607,1.0,12.0,12.0,27.0,12.0
I01T-gNNS-p063-r1,A young man is dancing with the music on.,1,0,1,1,1,"1	a	_	DT	DT	_	3	det	_	_
2	young	_	JJ	JJ	_	3	amod	_	_
3	man	_	NN	NN	_	5	nsubj	_	_
4	be	_	VBZ	VBZ	_	5	aux	_	_
5	dance	_	VBG	VBG	_	0	root	_	_
6	with	_	IN	IN	_	0	erased	_	_
7	the	_	DT	DT	_	8	det	_	_
8	music	_	NN	NN	_	5	prep_with	_	_
9	on	_	IN	IN	_	5	prep	_	_
10	.	_	.	.	_	5	punct	_	_","['det$@%a$@%man', 'amod$@%young$@%man', 'nsubj$@%man$@%dance', 'aux$@%be$@%dance', 'root$@%dance$@%VROOT', 'erased$@%with$@%WORDERASED', 'det$@%the$@%music', 'prep_with$@%music$@%dance', 'prep$@%on$@%dance', 'punct$@%.$@%dance']","['x$@%a$@%man', 'x$@%young$@%man', 'x$@%man$@%dance', 'x$@%be$@%dance', 'x$@%dance$@%VROOT', 'x$@%with$@%WORDERASED', 'x$@%the$@%music', 'x$@%music$@%dance', 'x$@%on$@%dance', 'x$@%.$@%dance']","['x$@%a$@%x', 'x$@%young$@%x', 'x$@%man$@%x', 'x$@%be$@%x', 'x$@%dance$@%x', 'x$@%with$@%x', 'x$@%the$@%x', 'x$@%music$@%x', 'x$@%on$@%x', 'x$@%.$@%x']",0.46035730219903603,0.39738628695923528,0.20250462823674009,0.46402190283979972,0.38424173793557803,0.17892720572575904,0.907,57.0,57.0,56.0,57.0
I01T-gNNS-p064-r1,The boy is dancing along the music.,1,1,0,1,1,"1	the	_	DT	DT	_	2	det	_	_
2	boy	_	NN	NN	_	4	nsubj	_	_
3	be	_	VBZ	VBZ	_	4	aux	_	_
4	dance	_	VBG	VBG	_	0	root	_	_
5	along	_	IN	IN	_	0	erased	_	_
6	the	_	DT	DT	_	7	det	_	_
7	music	_	NN	NN	_	4	prep_along	_	_
8	.	_	.	.	_	4	punct	_	_","['det$@%the$@%boy', 'nsubj$@%boy$@%dance', 'aux$@%be$@%dance', 'root$@%dance$@%VROOT', 'erased$@%along$@%WORDERASED', 'det$@%the$@%music', 'prep_along$@%music$@%dance', 'punct$@%.$@%dance']","['x$@%the$@%boy', 'x$@%boy$@%dance', 'x$@%be$@%dance', 'x$@%dance$@%VROOT', 'x$@%along$@%WORDERASED', 'x$@%the$@%music', 'x$@%music$@%dance', 'x$@%.$@%dance']","['x$@%the$@%x', 'x$@%boy$@%x', 'x$@%be$@%x', 'x$@%dance$@%x', 'x$@%along$@%x', 'x$@%the$@%x', 'x$@%music$@%x', 'x$@%.$@%x']",0.20287603397161991,0.12745551680271705,0.098315031074335035,0.20859537630073166,0.11484230333089818,0.079844742905865851,0.944,44.0,36.0,42.0,44.0
I01T-gNNS-p067-r1,The boy is dancing with the music,1,1,1,1,1,"1	the	_	DT	DT	_	2	det	_	_
2	boy	_	NN	NN	_	4	nsubj	_	_
3	be	_	VBZ	VBZ	_	4	aux	_	_
4	dance	_	VBG	VBG	_	0	root	_	_
5	with	_	IN	IN	_	0	erased	_	_
6	the	_	DT	DT	_	7	det	_	_
7	music	_	NN	NN	_	4	prep_with	_	_
8	.	_	.	.	_	4	punct	_	_","['det$@%the$@%boy', 'nsubj$@%boy$@%dance', 'aux$@%be$@%dance', 'root$@%dance$@%VROOT', 'erased$@%with$@%WORDERASED', 'det$@%the$@%music', 'prep_with$@%music$@%dance', 'punct$@%.$@%dance']","['x$@%the$@%boy', 'x$@%boy$@%dance', 'x$@%be$@%dance', 'x$@%dance$@%VROOT', 'x$@%with$@%WORDERASED', 'x$@%the$@%music', 'x$@%music$@%dance', 'x$@%.$@%dance']","['x$@%the$@%x', 'x$@%boy$@%x', 'x$@%be$@%x', 'x$@%dance$@%x', 'x$@%with$@%x', 'x$@%the$@%x', 'x$@%music$@%x', 'x$@%.$@%x']",0.19695686511799493,0.12063374764806312,0.052510165244949447,0.20271644580124359,0.10791958837161286,0.033086720627697574,1.0,40.5,32.5,10.5,33.5
I01T-gNNS-p068-r1,He is dancing,1,1,1,1,1,"1	he	_	PRP	PRP	_	3	nsubj	_	_
2	be	_	VBZ	VBZ	_	3	aux	_	_
3	dance	_	VBG	VBG	_	0	root	_	_
4	.	_	.	.	_	3	punct	_	_","['nsubj$@%he$@%dance', 'aux$@%be$@%dance', 'root$@%dance$@%VROOT', 'punct$@%.$@%dance']","['x$@%he$@%dance', 'x$@%be$@%dance', 'x$@%dance$@%VROOT', 'x$@%.$@%dance']","['x$@%he$@%x', 'x$@%be$@%x', 'x$@%dance$@%x', 'x$@%.$@%x']",0.1857009091819587,0.1996825716787346,0.16727821502523454,0.20691311074133278,0.22201537589569376,0.22828132197695505,1.0,34.0,46.0,51.0,40.0
I01T-gNNS-p071-r1,The boy is dancing.,1,1,1,1,1,"1	the	_	DT	DT	_	2	det	_	_
2	boy	_	NN	NN	_	4	nsubj	_	_
3	be	_	VBZ	VBZ	_	4	aux	_	_
4	dance	_	VBG	VBG	_	0	root	_	_
5	.	_	.	.	_	4	punct	_	_","['det$@%the$@%boy', 'nsubj$@%boy$@%dance', 'aux$@%be$@%dance', 'root$@%dance$@%VROOT', 'punct$@%.$@%dance']","['x$@%the$@%boy', 'x$@%boy$@%dance', 'x$@%be$@%dance', 'x$@%dance$@%VROOT', 'x$@%.$@%dance']","['x$@%the$@%x', 'x$@%boy$@%x', 'x$@%be$@%x', 'x$@%dance$@%x', 'x$@%.$@%x']",0.059862500930829676,0.063706015021522844,0.077377407011282928,0.070955285258280987,0.075320975926758127,0.128471020389607,1.0,12.0,12.0,27.0,12.0
I01T-gNNS-p073-r1,The boy is playing with music,0,1,0,0,0,"1	the	_	DT	DT	_	2	det	_	_
2	boy	_	NN	NN	_	4	nsubj	_	_
3	be	_	VBZ	VBZ	_	4	aux	_	_
4	play	_	VBG	VBG	_	0	root	_	_
5	with	_	IN	IN	_	0	erased	_	_
6	music	_	NN	NN	_	4	prep_with	_	_
7	.	_	.	.	_	4	punct	_	_","['det$@%the$@%boy', 'nsubj$@%boy$@%play', 'aux$@%be$@%play', 'root$@%play$@%VROOT', 'erased$@%with$@%WORDERASED', 'prep_with$@%music$@%play', 'punct$@%.$@%play']","['x$@%the$@%boy', 'x$@%boy$@%play', 'x$@%be$@%play', 'x$@%play$@%VROOT', 'x$@%with$@%WORDERASED', 'x$@%music$@%play', 'x$@%.$@%play']","['x$@%the$@%x', 'x$@%boy$@%x', 'x$@%be$@%x', 'x$@%play$@%x', 'x$@%with$@%x', 'x$@%music$@%x', 'x$@%.$@%x']",0.96455125542691833,0.96159824049449716,0.5349104214029482,0.96263736177070303,0.95957181063523211,0.46018817338390183,0.093,60.0,60.0,60.0,60.0
I01T-gNNS-p076-r1,He is dancing.,1,1,1,1,1,"1	he	_	PRP	PRP	_	3	nsubj	_	_
2	be	_	VBZ	VBZ	_	3	aux	_	_
3	dance	_	VBG	VBG	_	0	root	_	_
4	.	_	.	.	_	3	punct	_	_","['nsubj$@%he$@%dance', 'aux$@%be$@%dance', 'root$@%dance$@%VROOT', 'punct$@%.$@%dance']","['x$@%he$@%dance', 'x$@%be$@%dance', 'x$@%dance$@%VROOT', 'x$@%.$@%dance']","['x$@%he$@%x', 'x$@%be$@%x', 'x$@%dance$@%x', 'x$@%.$@%x']",0.1857009091819587,0.1996825716787346,0.16727821502523454,0.20691311074133278,0.22201537589569376,0.22828132197695505,1.0,34.0,46.0,51.0,40.0
I01T-gNNS-p080-r1,A boy is dancing with music.,1,0,1,1,1,"1	a	_	DT	DT	_	2	det	_	_
2	boy	_	NN	NN	_	4	nsubj	_	_
3	be	_	VBZ	VBZ	_	4	aux	_	_
4	dance	_	VBG	VBG	_	0	root	_	_
5	with	_	IN	IN	_	0	erased	_	_
6	music	_	NN	NN	_	4	prep_with	_	_
7	.	_	.	.	_	4	punct	_	_","['det$@%a$@%boy', 'nsubj$@%boy$@%dance', 'aux$@%be$@%dance', 'root$@%dance$@%VROOT', 'erased$@%with$@%WORDERASED', 'prep_with$@%music$@%dance', 'punct$@%.$@%dance']","['x$@%a$@%boy', 'x$@%boy$@%dance', 'x$@%be$@%dance', 'x$@%dance$@%VROOT', 'x$@%with$@%WORDERASED', 'x$@%music$@%dance', 'x$@%.$@%dance']","['x$@%a$@%x', 'x$@%boy$@%x', 'x$@%be$@%x', 'x$@%dance$@%x', 'x$@%with$@%x', 'x$@%music$@%x', 'x$@%.$@%x']",0.21229936181864284,0.13543952151391248,0.052501928998910374,0.22258994525911058,0.12684002682644224,0.033091772760623028,0.907,45.5,37.5,6.5,45.5
I01T-gNNS-p084-r1,he is singing and dancing,1,1,1,1,0,"1	he	_	PRP	PRP	_	5	nsubj	_	_
2	be	_	VBZ	VBZ	_	3	aux	_	_
3	singing	_	VBG	VBG	_	0	root	_	_
4	and	_	CC	CC	_	0	erased	_	_
5	dancing	_	VBG	VBG	_	3	conj_and	_	_
6	.	_	.	.	_	3	punct	_	_","['nsubj$@%he$@%dancing', 'aux$@%be$@%singing', 'root$@%singing$@%VROOT', 'erased$@%and$@%WORDERASED', 'conj_and$@%dancing$@%singing', 'punct$@%.$@%singing']","['x$@%he$@%dancing', 'x$@%be$@%singing', 'x$@%singing$@%VROOT', 'x$@%and$@%WORDERASED', 'x$@%dancing$@%singing', 'x$@%.$@%singing']","['x$@%he$@%x', 'x$@%be$@%x', 'x$@%singing$@%x', 'x$@%and$@%x', 'x$@%dancing$@%x', 'x$@%.$@%x']",0.99999994828052241,0.99999994473388709,0.99935384845521813,0.99999982799239662,0.9999998164102607,0.99934255275284001,0.738,66.5,66.5,69.5,66.5
I01T-gNNS-p085-r1,He is dancing.,1,1,1,1,1,"1	he	_	PRP	PRP	_	3	nsubj	_	_
2	be	_	VBZ	VBZ	_	3	aux	_	_
3	dance	_	VBG	VBG	_	0	root	_	_
4	.	_	.	.	_	3	punct	_	_","['nsubj$@%he$@%dance', 'aux$@%be$@%dance', 'root$@%dance$@%VROOT', 'punct$@%.$@%dance']","['x$@%he$@%dance', 'x$@%be$@%dance', 'x$@%dance$@%VROOT', 'x$@%.$@%dance']","['x$@%he$@%x', 'x$@%be$@%x', 'x$@%dance$@%x', 'x$@%.$@%x']",0.1857009091819587,0.1996825716787346,0.16727821502523454,0.20691311074133278,0.22201537589569376,0.22828132197695505,1.0,34.0,46.0,51.0,40.0
I01T-gNNS-p088-r1,The boy is dancing with music.,1,1,1,1,1,"1	the	_	DT	DT	_	2	det	_	_
2	boy	_	NN	NN	_	4	nsubj	_	_
3	be	_	VBZ	VBZ	_	4	aux	_	_
4	dance	_	VBG	VBG	_	0	root	_	_
5	with	_	IN	IN	_	0	erased	_	_
6	music	_	NN	NN	_	4	prep_with	_	_
7	.	_	.	.	_	4	punct	_	_","['det$@%the$@%boy', 'nsubj$@%boy$@%dance', 'aux$@%be$@%dance', 'root$@%dance$@%VROOT', 'erased$@%with$@%WORDERASED', 'prep_with$@%music$@%dance', 'punct$@%.$@%dance']","['x$@%the$@%boy', 'x$@%boy$@%dance', 'x$@%be$@%dance', 'x$@%dance$@%VROOT', 'x$@%with$@%WORDERASED', 'x$@%music$@%dance', 'x$@%.$@%dance']","['x$@%the$@%x', 'x$@%boy$@%x', 'x$@%be$@%x', 'x$@%dance$@%x', 'x$@%with$@%x', 'x$@%music$@%x', 'x$@%.$@%x']",0.1813744177336567,0.10239604917800571,0.052495895445060392,0.19103115765612833,0.093110814393356556,0.033086144145121565,1.0,29.0,27.0,4.0,29.0
I01T-gNNS-p089-r1,The boy is dancing,1,1,1,1,1,"1	the	_	DT	DT	_	2	det	_	_
2	boy	_	NN	NN	_	4	nsubj	_	_
3	be	_	VBZ	VBZ	_	4	aux	_	_
4	dance	_	VBG	VBG	_	0	root	_	_
5	.	_	.	.	_	4	punct	_	_","['det$@%the$@%boy', 'nsubj$@%boy$@%dance', 'aux$@%be$@%dance', 'root$@%dance$@%VROOT', 'punct$@%.$@%dance']","['x$@%the$@%boy', 'x$@%boy$@%dance', 'x$@%be$@%dance', 'x$@%dance$@%VROOT', 'x$@%.$@%dance']","['x$@%the$@%x', 'x$@%boy$@%x', 'x$@%be$@%x', 'x$@%dance$@%x', 'x$@%.$@%x']",0.059862500930829676,0.063706015021522844,0.077377407011282928,0.070955285258280987,0.075320975926758127,0.128471020389607,1.0,12.0,12.0,27.0,12.0
I01T-gNNS-p090-r1,The boy is dancing with the music.,1,1,1,1,1,"1	the	_	DT	DT	_	2	det	_	_
2	boy	_	NN	NN	_	4	nsubj	_	_
3	be	_	VBZ	VBZ	_	4	aux	_	_
4	dance	_	VBG	VBG	_	0	root	_	_
5	with	_	IN	IN	_	0	erased	_	_
6	the	_	DT	DT	_	7	det	_	_
7	music	_	NN	NN	_	4	prep_with	_	_
8	.	_	.	.	_	4	punct	_	_","['det$@%the$@%boy', 'nsubj$@%boy$@%dance', 'aux$@%be$@%dance', 'root$@%dance$@%VROOT', 'erased$@%with$@%WORDERASED', 'det$@%the$@%music', 'prep_with$@%music$@%dance', 'punct$@%.$@%dance']","['x$@%the$@%boy', 'x$@%boy$@%dance', 'x$@%be$@%dance', 'x$@%dance$@%VROOT', 'x$@%with$@%WORDERASED', 'x$@%the$@%music', 'x$@%music$@%dance', 'x$@%.$@%dance']","['x$@%the$@%x', 'x$@%boy$@%x', 'x$@%be$@%x', 'x$@%dance$@%x', 'x$@%with$@%x', 'x$@%the$@%x', 'x$@%music$@%x', 'x$@%.$@%x']",0.19695686511799493,0.12063374764806312,0.052510165244949447,0.20271644580124359,0.10791958837161286,0.033086720627697574,1.0,40.5,32.5,10.5,33.5
I01T-gNNS-p091-r1,The boy is singing and dancing.,1,1,1,1,0,"1	the	_	DT	DT	_	2	det	_	_
2	boy	_	NN	NN	_	6	nsubj	_	_
3	be	_	VBZ	VBZ	_	4	aux	_	_
4	singing	_	VBG	VBG	_	0	root	_	_
5	and	_	CC	CC	_	0	erased	_	_
6	dancing	_	VBG	VBG	_	4	conj_and	_	_
7	.	_	.	.	_	4	punct	_	_","['det$@%the$@%boy', 'nsubj$@%boy$@%dancing', 'aux$@%be$@%singing', 'root$@%singing$@%VROOT', 'erased$@%and$@%WORDERASED', 'conj_and$@%dancing$@%singing', 'punct$@%.$@%singing']","['x$@%the$@%boy', 'x$@%boy$@%dancing', 'x$@%be$@%singing', 'x$@%singing$@%VROOT', 'x$@%and$@%WORDERASED', 'x$@%dancing$@%singing', 'x$@%.$@%singing']","['x$@%the$@%x', 'x$@%boy$@%x', 'x$@%be$@%x', 'x$@%singing$@%x', 'x$@%and$@%x', 'x$@%dancing$@%x', 'x$@%.$@%x']",0.97187930191150229,0.97117572987971512,0.87576419495693703,0.97036301763034616,0.96965674254886447,0.87462787276943921,0.738,63.0,63.0,63.0,63.0
I01T-gNNS-p092-r1,The boy is dancing.,1,1,1,1,1,"1	the	_	DT	DT	_	2	det	_	_
2	boy	_	NN	NN	_	4	nsubj	_	_
3	be	_	VBZ	VBZ	_	4	aux	_	_
4	dance	_	VBG	VBG	_	0	root	_	_
5	.	_	.	.	_	4	punct	_	_","['det$@%the$@%boy', 'nsubj$@%boy$@%dance', 'aux$@%be$@%dance', 'root$@%dance$@%VROOT', 'punct$@%.$@%dance']","['x$@%the$@%boy', 'x$@%boy$@%dance', 'x$@%be$@%dance', 'x$@%dance$@%VROOT', 'x$@%.$@%dance']","['x$@%the$@%x', 'x$@%boy$@%x', 'x$@%be$@%x', 'x$@%dance$@%x', 'x$@%.$@%x']",0.059862500930829676,0.063706015021522844,0.077377407011282928,0.070955285258280987,0.075320975926758127,0.128471020389607,1.0,12.0,12.0,27.0,12.0
I01T-gNNS-p093-r1,The boy is dancing accompanying with music.,1,1,0,1,1,"1	the	_	DT	DT	_	2	det	_	_
2	boy	_	NN	NN	_	4	nsubj	_	_
3	be	_	VBZ	VBZ	_	4	aux	_	_
4	dance	_	VBG	VBG	_	0	root	_	_
5	accompany	_	VBG	VBG	_	4	xcomp	_	_
6	with	_	IN	IN	_	0	erased	_	_
7	music	_	NN	NN	_	5	prep_with	_	_
8	.	_	.	.	_	4	punct	_	_","['det$@%the$@%boy', 'nsubj$@%boy$@%dance', 'aux$@%be$@%dance', 'root$@%dance$@%VROOT', 'xcomp$@%accompany$@%dance', 'erased$@%with$@%WORDERASED', 'prep_with$@%music$@%accompany', 'punct$@%.$@%dance']","['x$@%the$@%boy', 'x$@%boy$@%dance', 'x$@%be$@%dance', 'x$@%dance$@%VROOT', 'x$@%accompany$@%dance', 'x$@%with$@%WORDERASED', 'x$@%music$@%accompany', 'x$@%.$@%dance']","['x$@%the$@%x', 'x$@%boy$@%x', 'x$@%be$@%x', 'x$@%dance$@%x', 'x$@%accompany$@%x', 'x$@%with$@%x', 'x$@%music$@%x', 'x$@%.$@%x']",0.26537203101805351,0.27858374267996999,0.21700935809256794,0.27403791123229304,0.28753088615521349,0.20096968759769285,0.944,49.5,51.0,57.0,49.5
I01T-gNNS-p094-r1,He is singing and dancing,1,1,1,1,0,"1	he	_	PRP	PRP	_	5	nsubj	_	_
2	be	_	VBZ	VBZ	_	3	aux	_	_
3	singing	_	VBG	VBG	_	0	root	_	_
4	and	_	CC	CC	_	0	erased	_	_
5	dancing	_	VBG	VBG	_	3	conj_and	_	_
6	.	_	.	.	_	3	punct	_	_","['nsubj$@%he$@%dancing', 'aux$@%be$@%singing', 'root$@%singing$@%VROOT', 'erased$@%and$@%WORDERASED', 'conj_and$@%dancing$@%singing', 'punct$@%.$@%singing']","['x$@%he$@%dancing', 'x$@%be$@%singing', 'x$@%singing$@%VROOT', 'x$@%and$@%WORDERASED', 'x$@%dancing$@%singing', 'x$@%.$@%singing']","['x$@%he$@%x', 'x$@%be$@%x', 'x$@%singing$@%x', 'x$@%and$@%x', 'x$@%dancing$@%x', 'x$@%.$@%x']",0.99999994828052241,0.99999994473388709,0.99935384845521813,0.99999982799239662,0.9999998164102607,0.99934255275284001,0.738,66.5,66.5,69.5,66.5
I01T-gNNS-p095-r1,He is singing.,0,1,1,1,0,"1	he	_	PRP	PRP	_	3	nsubj	_	_
2	be	_	VBZ	VBZ	_	3	aux	_	_
3	singing	_	VBG	VBG	_	0	root	_	_
4	.	_	.	.	_	3	punct	_	_","['nsubj$@%he$@%singing', 'aux$@%be$@%singing', 'root$@%singing$@%VROOT', 'punct$@%.$@%singing']","['x$@%he$@%singing', 'x$@%be$@%singing', 'x$@%singing$@%VROOT', 'x$@%.$@%singing']","['x$@%he$@%x', 'x$@%be$@%x', 'x$@%singing$@%x', 'x$@%.$@%x']",1.0,1.0,0.99910853064535232,1.0,1.0,0.99909304765228302,0.373,70.0,70.0,66.0,70.0
I01T-gNNS-p096-r1,The man is dancing with music,1,0,1,1,1,"1	the	_	DT	DT	_	2	det	_	_
2	man	_	NN	NN	_	4	nsubj	_	_
3	be	_	VBZ	VBZ	_	4	aux	_	_
4	dance	_	VBG	VBG	_	0	root	_	_
5	with	_	IN	IN	_	0	erased	_	_
6	music	_	NN	NN	_	4	prep_with	_	_
7	.	_	.	.	_	4	punct	_	_","['det$@%the$@%man', 'nsubj$@%man$@%dance', 'aux$@%be$@%dance', 'root$@%dance$@%VROOT', 'erased$@%with$@%WORDERASED', 'prep_with$@%music$@%dance', 'punct$@%.$@%dance']","['x$@%the$@%man', 'x$@%man$@%dance', 'x$@%be$@%dance', 'x$@%dance$@%VROOT', 'x$@%with$@%WORDERASED', 'x$@%music$@%dance', 'x$@%.$@%dance']","['x$@%the$@%x', 'x$@%man$@%x', 'x$@%be$@%x', 'x$@%dance$@%x', 'x$@%with$@%x', 'x$@%music$@%x', 'x$@%.$@%x']",0.38242782558683686,0.29955612932416598,0.14813030284037765,0.39217818649950409,0.2898689854202906,0.12819528260527968,0.907,54.5,53.5,46.5,54.5
I01T-gNNS-p097-r1,The boy is dancing,1,1,1,1,1,"1	the	_	DT	DT	_	2	det	_	_
2	boy	_	NN	NN	_	4	nsubj	_	_
3	be	_	VBZ	VBZ	_	4	aux	_	_
4	dance	_	VBG	VBG	_	0	root	_	_
5	.	_	.	.	_	4	punct	_	_","['det$@%the$@%boy', 'nsubj$@%boy$@%dance', 'aux$@%be$@%dance', 'root$@%dance$@%VROOT', 'punct$@%.$@%dance']","['x$@%the$@%boy', 'x$@%boy$@%dance', 'x$@%be$@%dance', 'x$@%dance$@%VROOT', 'x$@%.$@%dance']","['x$@%the$@%x', 'x$@%boy$@%x', 'x$@%be$@%x', 'x$@%dance$@%x', 'x$@%.$@%x']",0.059862500930829676,0.063706015021522844,0.077377407011282928,0.070955285258280987,0.075320975926758127,0.128471020389607,1.0,12.0,12.0,27.0,12.0
I01T-gNNS-p098-r1,The man is dancing with music.,1,0,1,1,1,"1	the	_	DT	DT	_	2	det	_	_
2	man	_	NN	NN	_	4	nsubj	_	_
3	be	_	VBZ	VBZ	_	4	aux	_	_
4	dance	_	VBG	VBG	_	0	root	_	_
5	with	_	IN	IN	_	0	erased	_	_
6	music	_	NN	NN	_	4	prep_with	_	_
7	.	_	.	.	_	4	punct	_	_","['det$@%the$@%man', 'nsubj$@%man$@%dance', 'aux$@%be$@%dance', 'root$@%dance$@%VROOT', 'erased$@%with$@%WORDERASED', 'prep_with$@%music$@%dance', 'punct$@%.$@%dance']","['x$@%the$@%man', 'x$@%man$@%dance', 'x$@%be$@%dance', 'x$@%dance$@%VROOT', 'x$@%with$@%WORDERASED', 'x$@%music$@%dance', 'x$@%.$@%dance']","['x$@%the$@%x', 'x$@%man$@%x', 'x$@%be$@%x', 'x$@%dance$@%x', 'x$@%with$@%x', 'x$@%music$@%x', 'x$@%.$@%x']",0.38242782558683686,0.29955612932416598,0.14813030284037765,0.39217818649950409,0.2898689854202906,0.12819528260527968,0.907,54.5,53.5,46.5,54.5
I01T-gNNS-p100-r1,The boy is dancing with the music.,1,1,1,1,1,"1	the	_	DT	DT	_	2	det	_	_
2	boy	_	NN	NN	_	4	nsubj	_	_
3	be	_	VBZ	VBZ	_	4	aux	_	_
4	dance	_	VBG	VBG	_	0	root	_	_
5	with	_	IN	IN	_	0	erased	_	_
6	the	_	DT	DT	_	7	det	_	_
7	music	_	NN	NN	_	4	prep_with	_	_
8	.	_	.	.	_	4	punct	_	_","['det$@%the$@%boy', 'nsubj$@%boy$@%dance', 'aux$@%be$@%dance', 'root$@%dance$@%VROOT', 'erased$@%with$@%WORDERASED', 'det$@%the$@%music', 'prep_with$@%music$@%dance', 'punct$@%.$@%dance']","['x$@%the$@%boy', 'x$@%boy$@%dance', 'x$@%be$@%dance', 'x$@%dance$@%VROOT', 'x$@%with$@%WORDERASED', 'x$@%the$@%music', 'x$@%music$@%dance', 'x$@%.$@%dance']","['x$@%the$@%x', 'x$@%boy$@%x', 'x$@%be$@%x', 'x$@%dance$@%x', 'x$@%with$@%x', 'x$@%the$@%x', 'x$@%music$@%x', 'x$@%.$@%x']",0.19695686511799493,0.12063374764806312,0.052510165244949447,0.20271644580124359,0.10791958837161286,0.033086720627697574,1.0,40.5,32.5,10.5,33.5
I01T-gNNS-p102-r1,He is dancing.,1,1,1,1,1,"1	he	_	PRP	PRP	_	3	nsubj	_	_
2	be	_	VBZ	VBZ	_	3	aux	_	_
3	dance	_	VBG	VBG	_	0	root	_	_
4	.	_	.	.	_	3	punct	_	_","['nsubj$@%he$@%dance', 'aux$@%be$@%dance', 'root$@%dance$@%VROOT', 'punct$@%.$@%dance']","['x$@%he$@%dance', 'x$@%be$@%dance', 'x$@%dance$@%VROOT', 'x$@%.$@%dance']","['x$@%he$@%x', 'x$@%be$@%x', 'x$@%dance$@%x', 'x$@%.$@%x']",0.1857009091819587,0.1996825716787346,0.16727821502523454,0.20691311074133278,0.22201537589569376,0.22828132197695505,1.0,34.0,46.0,51.0,40.0
I01T-gNNS-p103-r1,A boy is dancing.,1,0,1,1,1,"1	a	_	DT	DT	_	2	det	_	_
2	boy	_	NN	NN	_	4	nsubj	_	_
3	be	_	VBZ	VBZ	_	4	aux	_	_
4	dance	_	VBG	VBG	_	0	root	_	_
5	.	_	.	.	_	4	punct	_	_","['det$@%a$@%boy', 'nsubj$@%boy$@%dance', 'aux$@%be$@%dance', 'root$@%dance$@%VROOT', 'punct$@%.$@%dance']","['x$@%a$@%boy', 'x$@%boy$@%dance', 'x$@%be$@%dance', 'x$@%dance$@%VROOT', 'x$@%.$@%dance']","['x$@%a$@%x', 'x$@%boy$@%x', 'x$@%be$@%x', 'x$@%dance$@%x', 'x$@%.$@%x']",0.09635761684967703,0.10277169552014398,0.077385076377382012,0.10816551898441784,0.11507844890114594,0.12847817503079972,0.907,24.0,29.0,39.0,26.0
I01T-gNNS-p110-r1,He is singing and dancing.,1,1,1,1,0,"1	he	_	PRP	PRP	_	5	nsubj	_	_
2	be	_	VBZ	VBZ	_	3	aux	_	_
3	singing	_	VBG	VBG	_	0	root	_	_
4	and	_	CC	CC	_	0	erased	_	_
5	dancing	_	VBG	VBG	_	3	conj_and	_	_
6	.	_	.	.	_	3	punct	_	_","['nsubj$@%he$@%dancing', 'aux$@%be$@%singing', 'root$@%singing$@%VROOT', 'erased$@%and$@%WORDERASED', 'conj_and$@%dancing$@%singing', 'punct$@%.$@%singing']","['x$@%he$@%dancing', 'x$@%be$@%singing', 'x$@%singing$@%VROOT', 'x$@%and$@%WORDERASED', 'x$@%dancing$@%singing', 'x$@%.$@%singing']","['x$@%he$@%x', 'x$@%be$@%x', 'x$@%singing$@%x', 'x$@%and$@%x', 'x$@%dancing$@%x', 'x$@%.$@%x']",0.99999994828052241,0.99999994473388709,0.99935384845521813,0.99999982799239662,0.9999998164102607,0.99934255275284001,0.738,66.5,66.5,69.5,66.5
I01T-gNNS-p113-r1,This boy is dancing with music,1,0,1,1,1,"1	this	_	DT	DT	_	2	det	_	_
2	boy	_	NN	NN	_	4	nsubj	_	_
3	be	_	VBZ	VBZ	_	4	aux	_	_
4	dance	_	VBG	VBG	_	0	root	_	_
5	with	_	IN	IN	_	0	erased	_	_
6	music	_	NN	NN	_	4	prep_with	_	_
7	.	_	.	.	_	4	punct	_	_","['det$@%this$@%boy', 'nsubj$@%boy$@%dance', 'aux$@%be$@%dance', 'root$@%dance$@%VROOT', 'erased$@%with$@%WORDERASED', 'prep_with$@%music$@%dance', 'punct$@%.$@%dance']","['x$@%this$@%boy', 'x$@%boy$@%dance', 'x$@%be$@%dance', 'x$@%dance$@%VROOT', 'x$@%with$@%WORDERASED', 'x$@%music$@%dance', 'x$@%.$@%dance']","['x$@%this$@%x', 'x$@%boy$@%x', 'x$@%be$@%x', 'x$@%dance$@%x', 'x$@%with$@%x', 'x$@%music$@%x', 'x$@%.$@%x']",0.24449847519680978,0.17310669625486963,0.052737941396369892,0.25573971989582833,0.16651948700584596,0.03333758243267515,0.907,48.0,41.0,15.0,48.0
I01T-gNNS-p115-r1,Dancing with music,1,1,1,1,1,"1	dance	_	VBG	VBG	_	0	root	_	_
2	with	_	IN	IN	_	0	erased	_	_
3	music	_	NN	NN	_	1	prep_with	_	_
4	.	_	.	.	_	1	punct	_	_","['root$@%dance$@%VROOT', 'erased$@%with$@%WORDERASED', 'prep_with$@%music$@%dance', 'punct$@%.$@%dance']","['x$@%dance$@%VROOT', 'x$@%with$@%WORDERASED', 'x$@%music$@%dance', 'x$@%.$@%dance']","['x$@%dance$@%x', 'x$@%with$@%x', 'x$@%music$@%x', 'x$@%.$@%x']",0.56869182604920399,0.4254376133530019,0.14173727184188445,0.57678938361754373,0.40740725434510527,0.12220292904002317,1.0,59.0,59.0,44.0,59.0
I01T-gNNS-p117-r1,A boy is dancing with music.,1,0,1,1,1,"1	a	_	DT	DT	_	2	det	_	_
2	boy	_	NN	NN	_	4	nsubj	_	_
3	be	_	VBZ	VBZ	_	4	aux	_	_
4	dance	_	VBG	VBG	_	0	root	_	_
5	with	_	IN	IN	_	0	erased	_	_
6	music	_	NN	NN	_	4	prep_with	_	_
7	.	_	.	.	_	4	punct	_	_","['det$@%a$@%boy', 'nsubj$@%boy$@%dance', 'aux$@%be$@%dance', 'root$@%dance$@%VROOT', 'erased$@%with$@%WORDERASED', 'prep_with$@%music$@%dance', 'punct$@%.$@%dance']","['x$@%a$@%boy', 'x$@%boy$@%dance', 'x$@%be$@%dance', 'x$@%dance$@%VROOT', 'x$@%with$@%WORDERASED', 'x$@%music$@%dance', 'x$@%.$@%dance']","['x$@%a$@%x', 'x$@%boy$@%x', 'x$@%be$@%x', 'x$@%dance$@%x', 'x$@%with$@%x', 'x$@%music$@%x', 'x$@%.$@%x']",0.21229936181864284,0.13543952151391248,0.052501928998910374,0.22258994525911058,0.12684002682644224,0.033091772760623028,0.907,45.5,37.5,6.5,45.5
I01T-gNNS-p120-r1,The boy is dancing and singing.,1,1,1,1,0,"1	the	_	DT	DT	_	2	det	_	_
2	boy	_	NN	NN	_	6	nsubj	_	_
3	be	_	VBZ	VBZ	_	4	aux	_	_
4	dance	_	VBG	VBG	_	0	root	_	_
5	and	_	CC	CC	_	0	erased	_	_
6	singing	_	VBG	VBG	_	4	conj_and	_	_
7	.	_	.	.	_	4	punct	_	_","['det$@%the$@%boy', 'nsubj$@%boy$@%singing', 'aux$@%be$@%dance', 'root$@%dance$@%VROOT', 'erased$@%and$@%WORDERASED', 'conj_and$@%singing$@%dance', 'punct$@%.$@%dance']","['x$@%the$@%boy', 'x$@%boy$@%singing', 'x$@%be$@%dance', 'x$@%dance$@%VROOT', 'x$@%and$@%WORDERASED', 'x$@%singing$@%dance', 'x$@%.$@%dance']","['x$@%the$@%x', 'x$@%boy$@%x', 'x$@%be$@%x', 'x$@%dance$@%x', 'x$@%and$@%x', 'x$@%singing$@%x', 'x$@%.$@%x']",0.37208669110521342,0.39597522719355416,0.38444905186995992,0.38174955056438409,0.4057679256175275,0.41853736747465642,0.738,53.0,56.0,58.0,53.0
I01T-gNNS-p121-r1,The boy is singing and dancing.,1,1,1,1,0,"1	the	_	DT	DT	_	2	det	_	_
2	boy	_	NN	NN	_	6	nsubj	_	_
3	be	_	VBZ	VBZ	_	4	aux	_	_
4	singing	_	VBG	VBG	_	0	root	_	_
5	and	_	CC	CC	_	0	erased	_	_
6	dancing	_	VBG	VBG	_	4	conj_and	_	_
7	.	_	.	.	_	4	punct	_	_","['det$@%the$@%boy', 'nsubj$@%boy$@%dancing', 'aux$@%be$@%singing', 'root$@%singing$@%VROOT', 'erased$@%and$@%WORDERASED', 'conj_and$@%dancing$@%singing', 'punct$@%.$@%singing']","['x$@%the$@%boy', 'x$@%boy$@%dancing', 'x$@%be$@%singing', 'x$@%singing$@%VROOT', 'x$@%and$@%WORDERASED', 'x$@%dancing$@%singing', 'x$@%.$@%singing']","['x$@%the$@%x', 'x$@%boy$@%x', 'x$@%be$@%x', 'x$@%singing$@%x', 'x$@%and$@%x', 'x$@%dancing$@%x', 'x$@%.$@%x']",0.97187930191150229,0.97117572987971512,0.87576419495693703,0.97036301763034616,0.96965674254886447,0.87462787276943921,0.738,63.0,63.0,63.0,63.0
I01T-gNNS-p126-r1,The boy is dancing with music,1,1,1,1,1,"1	the	_	DT	DT	_	2	det	_	_
2	boy	_	NN	NN	_	4	nsubj	_	_
3	be	_	VBZ	VBZ	_	4	aux	_	_
4	dance	_	VBG	VBG	_	0	root	_	_
5	with	_	IN	IN	_	0	erased	_	_
6	music	_	NN	NN	_	4	prep_with	_	_
7	.	_	.	.	_	4	punct	_	_","['det$@%the$@%boy', 'nsubj$@%boy$@%dance', 'aux$@%be$@%dance', 'root$@%dance$@%VROOT', 'erased$@%with$@%WORDERASED', 'prep_with$@%music$@%dance', 'punct$@%.$@%dance']","['x$@%the$@%boy', 'x$@%boy$@%dance', 'x$@%be$@%dance', 'x$@%dance$@%VROOT', 'x$@%with$@%WORDERASED', 'x$@%music$@%dance', 'x$@%.$@%dance']","['x$@%the$@%x', 'x$@%boy$@%x', 'x$@%be$@%x', 'x$@%dance$@%x', 'x$@%with$@%x', 'x$@%music$@%x', 'x$@%.$@%x']",0.1813744177336567,0.10239604917800571,0.052495895445060392,0.19103115765612833,0.093110814393356556,0.033086144145121565,1.0,29.0,27.0,4.0,29.0
I01T-gNNS-p129-r1,The boy is dancing with music,1,1,1,1,1,"1	the	_	DT	DT	_	2	det	_	_
2	boy	_	NN	NN	_	4	nsubj	_	_
3	be	_	VBZ	VBZ	_	4	aux	_	_
4	dance	_	VBG	VBG	_	0	root	_	_
5	with	_	IN	IN	_	0	erased	_	_
6	music	_	NN	NN	_	4	prep_with	_	_
7	.	_	.	.	_	4	punct	_	_","['det$@%the$@%boy', 'nsubj$@%boy$@%dance', 'aux$@%be$@%dance', 'root$@%dance$@%VROOT', 'erased$@%with$@%WORDERASED', 'prep_with$@%music$@%dance', 'punct$@%.$@%dance']","['x$@%the$@%boy', 'x$@%boy$@%dance', 'x$@%be$@%dance', 'x$@%dance$@%VROOT', 'x$@%with$@%WORDERASED', 'x$@%music$@%dance', 'x$@%.$@%dance']","['x$@%the$@%x', 'x$@%boy$@%x', 'x$@%be$@%x', 'x$@%dance$@%x', 'x$@%with$@%x', 'x$@%music$@%x', 'x$@%.$@%x']",0.1813744177336567,0.10239604917800571,0.052495895445060392,0.19103115765612833,0.093110814393356556,0.033086144145121565,1.0,29.0,27.0,4.0,29.0
I01T-gNNS-p130-r1,The boy is dancing,1,1,1,1,1,"1	the	_	DT	DT	_	2	det	_	_
2	boy	_	NN	NN	_	4	nsubj	_	_
3	be	_	VBZ	VBZ	_	4	aux	_	_
4	dance	_	VBG	VBG	_	0	root	_	_
5	.	_	.	.	_	4	punct	_	_","['det$@%the$@%boy', 'nsubj$@%boy$@%dance', 'aux$@%be$@%dance', 'root$@%dance$@%VROOT', 'punct$@%.$@%dance']","['x$@%the$@%boy', 'x$@%boy$@%dance', 'x$@%be$@%dance', 'x$@%dance$@%VROOT', 'x$@%.$@%dance']","['x$@%the$@%x', 'x$@%boy$@%x', 'x$@%be$@%x', 'x$@%dance$@%x', 'x$@%.$@%x']",0.059862500930829676,0.063706015021522844,0.077377407011282928,0.070955285258280987,0.075320975926758127,0.128471020389607,1.0,12.0,12.0,27.0,12.0
I01T-gNNS-p131-r1,The boy is dancing.,1,1,1,1,1,"1	the	_	DT	DT	_	2	det	_	_
2	boy	_	NN	NN	_	4	nsubj	_	_
3	be	_	VBZ	VBZ	_	4	aux	_	_
4	dance	_	VBG	VBG	_	0	root	_	_
5	.	_	.	.	_	4	punct	_	_","['det$@%the$@%boy', 'nsubj$@%boy$@%dance', 'aux$@%be$@%dance', 'root$@%dance$@%VROOT', 'punct$@%.$@%dance']","['x$@%the$@%boy', 'x$@%boy$@%dance', 'x$@%be$@%dance', 'x$@%dance$@%VROOT', 'x$@%.$@%dance']","['x$@%the$@%x', 'x$@%boy$@%x', 'x$@%be$@%x', 'x$@%dance$@%x', 'x$@%.$@%x']",0.059862500930829676,0.063706015021522844,0.077377407011282928,0.070955285258280987,0.075320975926758127,0.128471020389607,1.0,12.0,12.0,27.0,12.0
I01T-gNNS-p132-r1,the boy is dancing,1,1,1,1,1,"1	the	_	DT	DT	_	2	det	_	_
2	boy	_	NN	NN	_	4	nsubj	_	_
3	be	_	VBZ	VBZ	_	4	aux	_	_
4	dance	_	VBG	VBG	_	0	root	_	_
5	.	_	.	.	_	4	punct	_	_","['det$@%the$@%boy', 'nsubj$@%boy$@%dance', 'aux$@%be$@%dance', 'root$@%dance$@%VROOT', 'punct$@%.$@%dance']","['x$@%the$@%boy', 'x$@%boy$@%dance', 'x$@%be$@%dance', 'x$@%dance$@%VROOT', 'x$@%.$@%dance']","['x$@%the$@%x', 'x$@%boy$@%x', 'x$@%be$@%x', 'x$@%dance$@%x', 'x$@%.$@%x']",0.059862500930829676,0.063706015021522844,0.077377407011282928,0.070955285258280987,0.075320975926758127,0.128471020389607,1.0,12.0,12.0,27.0,12.0
I01T-gNNS-p134-r1,The boy is dancing to music.,1,1,1,1,1,"1	the	_	DT	DT	_	2	det	_	_
2	boy	_	NN	NN	_	4	nsubj	_	_
3	be	_	VBZ	VBZ	_	4	aux	_	_
4	dance	_	VBG	VBG	_	0	root	_	_
5	to	_	TO	TO	_	0	erased	_	_
6	music	_	NN	NN	_	4	prep_to	_	_
7	.	_	.	.	_	4	punct	_	_","['det$@%the$@%boy', 'nsubj$@%boy$@%dance', 'aux$@%be$@%dance', 'root$@%dance$@%VROOT', 'erased$@%to$@%WORDERASED', 'prep_to$@%music$@%dance', 'punct$@%.$@%dance']","['x$@%the$@%boy', 'x$@%boy$@%dance', 'x$@%be$@%dance', 'x$@%dance$@%VROOT', 'x$@%to$@%WORDERASED', 'x$@%music$@%dance', 'x$@%.$@%dance']","['x$@%the$@%x', 'x$@%boy$@%x', 'x$@%be$@%x', 'x$@%dance$@%x', 'x$@%to$@%x', 'x$@%music$@%x', 'x$@%.$@%x']",0.097792821176888145,0.10237742514089165,0.052384040772632812,0.089292194099721556,0.093091460844894836,0.032982770168318853,1.0,25.5,24.5,1.5,24.5
I01T-gNNS-p137-r1,The boy is dancing.,1,1,1,1,1,"1	the	_	DT	DT	_	2	det	_	_
2	boy	_	NN	NN	_	4	nsubj	_	_
3	be	_	VBZ	VBZ	_	4	aux	_	_
4	dance	_	VBG	VBG	_	0	root	_	_
5	.	_	.	.	_	4	punct	_	_","['det$@%the$@%boy', 'nsubj$@%boy$@%dance', 'aux$@%be$@%dance', 'root$@%dance$@%VROOT', 'punct$@%.$@%dance']","['x$@%the$@%boy', 'x$@%boy$@%dance', 'x$@%be$@%dance', 'x$@%dance$@%VROOT', 'x$@%.$@%dance']","['x$@%the$@%x', 'x$@%boy$@%x', 'x$@%be$@%x', 'x$@%dance$@%x', 'x$@%.$@%x']",0.059862500930829676,0.063706015021522844,0.077377407011282928,0.070955285258280987,0.075320975926758127,0.128471020389607,1.0,12.0,12.0,27.0,12.0
I01T-gNNS-p138-r1,The boy is dancing by following the music.,1,1,1,1,1,"1	the	_	DT	DT	_	2	det	_	_
2	boy	_	NN	NN	_	4	nsubj	_	_
3	be	_	VBZ	VBZ	_	4	aux	_	_
4	dance	_	VBG	VBG	_	0	root	_	_
5	by	_	IN	IN	_	0	erased	_	_
6	follow	_	VBG	VBG	_	4	prepc_by	_	_
7	the	_	DT	DT	_	8	det	_	_
8	music	_	NN	NN	_	6	dobj	_	_
9	.	_	.	.	_	4	punct	_	_","['det$@%the$@%boy', 'nsubj$@%boy$@%dance', 'aux$@%be$@%dance', 'root$@%dance$@%VROOT', 'erased$@%by$@%WORDERASED', 'prepc_by$@%follow$@%dance', 'det$@%the$@%music', 'dobj$@%music$@%follow', 'punct$@%.$@%dance']","['x$@%the$@%boy', 'x$@%boy$@%dance', 'x$@%be$@%dance', 'x$@%dance$@%VROOT', 'x$@%by$@%WORDERASED', 'x$@%follow$@%dance', 'x$@%the$@%music', 'x$@%music$@%follow', 'x$@%.$@%dance']","['x$@%the$@%x', 'x$@%boy$@%x', 'x$@%be$@%x', 'x$@%dance$@%x', 'x$@%by$@%x', 'x$@%follow$@%x', 'x$@%the$@%x', 'x$@%music$@%x', 'x$@%.$@%x']",0.27511511157884783,0.28792675097641296,0.081879220839168765,0.28031614053139209,0.29330954866867842,0.063071366208251711,1.0,52.0,52.0,41.0,51.0
I01T-gNNS-p139-r1,The boy is dancing with the music.,1,1,1,1,1,"1	the	_	DT	DT	_	2	det	_	_
2	boy	_	NN	NN	_	4	nsubj	_	_
3	be	_	VBZ	VBZ	_	4	aux	_	_
4	dance	_	VBG	VBG	_	0	root	_	_
5	with	_	IN	IN	_	0	erased	_	_
6	the	_	DT	DT	_	7	det	_	_
7	music	_	NN	NN	_	4	prep_with	_	_
8	.	_	.	.	_	4	punct	_	_","['det$@%the$@%boy', 'nsubj$@%boy$@%dance', 'aux$@%be$@%dance', 'root$@%dance$@%VROOT', 'erased$@%with$@%WORDERASED', 'det$@%the$@%music', 'prep_with$@%music$@%dance', 'punct$@%.$@%dance']","['x$@%the$@%boy', 'x$@%boy$@%dance', 'x$@%be$@%dance', 'x$@%dance$@%VROOT', 'x$@%with$@%WORDERASED', 'x$@%the$@%music', 'x$@%music$@%dance', 'x$@%.$@%dance']","['x$@%the$@%x', 'x$@%boy$@%x', 'x$@%be$@%x', 'x$@%dance$@%x', 'x$@%with$@%x', 'x$@%the$@%x', 'x$@%music$@%x', 'x$@%.$@%x']",0.19695686511799493,0.12063374764806312,0.052510165244949447,0.20271644580124359,0.10791958837161286,0.033086720627697574,1.0,40.5,32.5,10.5,33.5
