ResponseID,Response,Core,Answer,Gramm,Interp,Verif,parse
I14T-gNSF-p142-r1,The man is selling a car to a woman.,1,1,1,1,1,"1	the	_	DT	DT	_	2	det	_	_
2	man	_	NN	NN	_	4	nsubj	_	_
3	be	_	VBZ	VBZ	_	4	aux	_	_
4	sell	_	VBG	VBG	_	0	root	_	_
5	a	_	DT	DT	_	6	det	_	_
6	car	_	NN	NN	_	4	dobj	_	_
7	to	_	TO	TO	_	0	erased	_	_
8	a	_	DT	DT	_	9	det	_	_
9	woman	_	NN	NN	_	4	prep_to	_	_
10	.	_	.	.	_	4	punct	_	_"
I14T-gNSF-p142-r2,The man is selling the lady a new car.,1,1,1,1,1,"1	the	_	DT	DT	_	2	det	_	_
2	man	_	NN	NN	_	4	nsubj	_	_
3	be	_	VBZ	VBZ	_	4	aux	_	_
4	sell	_	VBG	VBG	_	0	root	_	_
5	the	_	DT	DT	_	6	det	_	_
6	lady	_	NN	NN	_	4	iobj	_	_
7	a	_	DT	DT	_	9	det	_	_
8	new	_	JJ	JJ	_	9	amod	_	_
9	car	_	NN	NN	_	6	dep	_	_
10	.	_	.	.	_	4	punct	_	_"
I14T-gNSF-p145-r1,He bought a car.,0,0,1,0,0,"1	he	_	PRP	PRP	_	2	nsubj	_	_
2	buy	_	VBD	VBD	_	0	root	_	_
3	a	_	DT	DT	_	4	det	_	_
4	car	_	NN	NN	_	2	dobj	_	_
5	.	_	.	.	_	2	punct	_	_"
I14T-gNSF-p145-r2,The man is purchasing a new vehicle. ,0,1,1,0,0,"1	the	_	DT	DT	_	2	det	_	_
2	man	_	NN	NN	_	4	nsubj	_	_
3	be	_	VBZ	VBZ	_	4	aux	_	_
4	purchase	_	VBG	VBG	_	0	root	_	_
5	a	_	DT	DT	_	7	det	_	_
6	new	_	JJ	JJ	_	7	amod	_	_
7	vehicle	_	NN	NN	_	4	dobj	_	_
8	.	_	.	.	_	4	punct	_	_"
I14T-gNSF-p146-r1,The man is selling a car.,1,1,1,0,1,"1	the	_	DT	DT	_	2	det	_	_
2	man	_	NN	NN	_	4	nsubj	_	_
3	be	_	VBZ	VBZ	_	4	aux	_	_
4	sell	_	VBG	VBG	_	0	root	_	_
5	a	_	DT	DT	_	6	det	_	_
6	car	_	NN	NN	_	4	dobj	_	_
7	.	_	.	.	_	4	punct	_	_"
I14T-gNSF-p146-r2,The man is taking payment for a car that was purchased.,1,1,1,0,1,"1	the	_	DT	DT	_	2	det	_	_
2	man	_	NN	NN	_	4	nsubj	_	_
3	be	_	VBZ	VBZ	_	4	aux	_	_
4	take	_	VBG	VBG	_	0	root	_	_
5	payment	_	NN	NN	_	4	dobj	_	_
6	for	_	IN	IN	_	0	erased	_	_
7	a	_	DT	DT	_	8	det	_	_
8	car	_	NN	NN	_	11	nsubjpass	_	_
9	that	_	WDT	WDT	_	0	erased	_	_
10	be	_	VBD	VBD	_	11	auxpass	_	_
11	purchase	_	VBN	VBN	_	8	rcmod	_	_
12	.	_	.	.	_	4	punct	_	_"
I14T-gNSF-p147-r1,The man is selling a car. ,1,1,1,0,1,"1	the	_	DT	DT	_	2	det	_	_
2	man	_	NN	NN	_	4	nsubj	_	_
3	be	_	VBZ	VBZ	_	4	aux	_	_
4	sell	_	VBG	VBG	_	0	root	_	_
5	a	_	DT	DT	_	6	det	_	_
6	car	_	NN	NN	_	4	dobj	_	_
7	.	_	.	.	_	4	punct	_	_"
I14T-gNSF-p147-r2,The man is selling the woman a car. ,1,1,1,1,1,"1	the	_	DT	DT	_	2	det	_	_
2	man	_	NN	NN	_	4	nsubj	_	_
3	be	_	VBZ	VBZ	_	4	aux	_	_
4	sell	_	VBG	VBG	_	0	root	_	_
5	the	_	DT	DT	_	6	det	_	_
6	woman	_	NN	NN	_	4	iobj	_	_
7	a	_	DT	DT	_	8	det	_	_
8	car	_	NN	NN	_	6	dep	_	_
9	.	_	.	.	_	4	punct	_	_"
I14T-gNSF-p148-r1,The man is selling a car.,1,1,1,0,1,"1	the	_	DT	DT	_	2	det	_	_
2	man	_	NN	NN	_	4	nsubj	_	_
3	be	_	VBZ	VBZ	_	4	aux	_	_
4	sell	_	VBG	VBG	_	0	root	_	_
5	a	_	DT	DT	_	6	det	_	_
6	car	_	NN	NN	_	4	dobj	_	_
7	.	_	.	.	_	4	punct	_	_"
I14T-gNSF-p148-r2,He is handing her the keys.,0,1,1,1,1,"1	he	_	PRP	PRP	_	3	nsubj	_	_
2	be	_	VBZ	VBZ	_	3	aux	_	_
3	hand	_	VBG	VBG	_	0	root	_	_
4	she	_	PRP	PRP	_	6	nsubj	_	_
5	the	_	DT	DT	_	6	det	_	_
6	key	_	NNS	NNS	_	3	xcomp	_	_
7	.	_	.	.	_	3	punct	_	_"
I14T-gNSF-p149-r1,The man appears to be accepting a strangely small amount of cash in exchange for selling or renting a car to the woman. ,1,1,1,1,1,"1	the	_	DT	DT	_	2	det	_	_
2	man	_	NN	NN	_	6	xsubj	_	_
3	appear	_	VBZ	VBZ	_	0	root	_	_
4	to	_	TO	TO	_	6	aux	_	_
5	be	_	VB	VB	_	6	aux	_	_
6	accept	_	VBG	VBG	_	3	xcomp	_	_
7	a	_	DT	DT	_	10	det	_	_
8	strangely	_	JJ	JJ	_	10	amod	_	_
9	small	_	JJ	JJ	_	10	amod	_	_
10	amount	_	NN	NN	_	6	dobj	_	_
11	of	_	IN	IN	_	0	erased	_	_
12	cash	_	NN	NN	_	10	prep_of	_	_
13	in	_	IN	IN	_	0	erased	_	_
14	exchange	_	NN	NN	_	12	prep_in	_	_
15	for	_	IN	IN	_	0	erased	_	_
16	sell	_	VBG	VBG	_	6	prepc_for	_	_
17	or	_	CC	CC	_	0	erased	_	_
18	rent	_	VBG	VBG	_	16	conj_or	_	_
19	a	_	DT	DT	_	20	det	_	_
20	car	_	NN	NN	_	16	dobj	_	_
21	to	_	TO	TO	_	0	erased	_	_
22	the	_	DT	DT	_	23	det	_	_
23	woman	_	NN	NN	_	16	prep_to	_	_
24	.	_	.	.	_	3	punct	_	_"
I14T-gNSF-p149-r2,The man is happily exchanging a set of car keys for what appears to be a single bill of paper currency,1,1,1,1,1,"1	the	_	DT	DT	_	2	det	_	_
2	man	_	NN	NN	_	5	nsubj	_	_
3	be	_	VBZ	VBZ	_	5	aux	_	_
4	happily	_	RB	RB	_	5	advmod	_	_
5	exchange	_	VBG	VBG	_	0	root	_	_
6	a	_	DT	DT	_	7	det	_	_
7	set	_	NN	NN	_	5	dobj	_	_
8	of	_	IN	IN	_	0	erased	_	_
9	car	_	NN	NN	_	10	nn	_	_
10	key	_	NNS	NNS	_	7	prep_of	_	_
11	for	_	IN	IN	_	0	erased	_	_
12	what	_	WP	WP	_	13	nsubj	_	_
13	appear	_	VBZ	VBZ	_	5	prepc_for	_	_
14	to	_	TO	TO	_	18	aux	_	_
15	be	_	VB	VB	_	18	cop	_	_
16	a	_	DT	DT	_	18	det	_	_
17	single	_	JJ	JJ	_	18	amod	_	_
18	bill	_	NN	NN	_	13	xcomp	_	_
19	of	_	IN	IN	_	0	erased	_	_
20	paper	_	NN	NN	_	21	nn	_	_
21	currency	_	NN	NN	_	18	prep_of	_	_
22	.	_	.	.	_	5	punct	_	_"
I14T-gNSF-p150-r1,The man is selling a car. ,1,1,1,0,1,"1	the	_	DT	DT	_	2	det	_	_
2	man	_	NN	NN	_	4	nsubj	_	_
3	be	_	VBZ	VBZ	_	4	aux	_	_
4	sell	_	VBG	VBG	_	0	root	_	_
5	a	_	DT	DT	_	6	det	_	_
6	car	_	NN	NN	_	4	dobj	_	_
7	.	_	.	.	_	4	punct	_	_"
I14T-gNSF-p150-r2,The man is handing over the keys to a car. ,0,1,1,0,1,"1	the	_	DT	DT	_	2	det	_	_
2	man	_	NN	NN	_	4	nsubj	_	_
3	be	_	VBZ	VBZ	_	4	aux	_	_
4	hand	_	VBG	VBG	_	0	root	_	_
5	over	_	IN	IN	_	0	erased	_	_
6	the	_	DT	DT	_	7	det	_	_
7	key	_	NNS	NNS	_	4	prep_over	_	_
8	to	_	TO	TO	_	0	erased	_	_
9	a	_	DT	DT	_	10	det	_	_
10	car	_	NN	NN	_	4	prep_to	_	_
11	.	_	.	.	_	4	punct	_	_"
I14T-gNSC-p152-r1,The man appears to have completed a transaction probably involving the red car in the background,0,0,1,0,1,"1	the	_	DT	DT	_	2	det	_	_
2	man	_	NN	NN	_	6	xsubj	_	_
3	appear	_	VBZ	VBZ	_	0	root	_	_
4	to	_	TO	TO	_	6	aux	_	_
5	have	_	VB	VB	_	6	aux	_	_
6	complete	_	VBN	VBN	_	3	xcomp	_	_
7	a	_	DT	DT	_	8	det	_	_
8	transaction	_	NN	NN	_	6	dobj	_	_
9	probably	_	RB	RB	_	10	advmod	_	_
10	involve	_	VBG	VBG	_	6	xcomp	_	_
11	the	_	DT	DT	_	13	det	_	_
12	red	_	JJ	JJ	_	13	amod	_	_
13	car	_	NN	NN	_	10	dobj	_	_
14	in	_	IN	IN	_	0	erased	_	_
15	the	_	DT	DT	_	16	det	_	_
16	background	_	NN	NN	_	10	prep_in	_	_
17	.	_	.	.	_	3	punct	_	_"
I14T-gNSC-p152-r2,The man appears to be in the process of handing a set of car keys to the woman,0,1,1,1,1,"1	the	_	DT	DT	_	2	det	_	_
2	man	_	NN	NN	_	5	xsubj	_	_
3	appear	_	VBZ	VBZ	_	0	root	_	_
4	to	_	TO	TO	_	5	aux	_	_
5	be	_	VB	VB	_	3	xcomp	_	_
6	in	_	IN	IN	_	0	erased	_	_
7	the	_	DT	DT	_	8	det	_	_
8	process	_	NN	NN	_	5	prep_in	_	_
9	of	_	IN	IN	_	0	erased	_	_
10	hand	_	VBG	VBG	_	8	prepc_of	_	_
11	a	_	DT	DT	_	12	det	_	_
12	set	_	NN	NN	_	10	dobj	_	_
13	of	_	IN	IN	_	0	erased	_	_
14	car	_	NN	NN	_	15	nn	_	_
15	key	_	NNS	NNS	_	12	prep_of	_	_
16	to	_	TO	TO	_	0	erased	_	_
17	the	_	DT	DT	_	18	det	_	_
18	woman	_	NN	NN	_	10	prep_to	_	_
19	.	_	.	.	_	3	punct	_	_"
I14T-gNSC-p159-r1,The man is selling a car.,1,1,1,0,1,"1	the	_	DT	DT	_	2	det	_	_
2	man	_	NN	NN	_	4	nsubj	_	_
3	be	_	VBZ	VBZ	_	4	aux	_	_
4	sell	_	VBG	VBG	_	0	root	_	_
5	a	_	DT	DT	_	6	det	_	_
6	car	_	NN	NN	_	4	dobj	_	_
7	.	_	.	.	_	4	punct	_	_"
I14T-gNSC-p159-r2,The is congratulating a woman for purchasing a car.,0,0,0,1,1,"1	the	_	NNP	NNP	_	3	nsubj	_	_
2	be	_	VBZ	VBZ	_	3	aux	_	_
3	congratulating	_	VBG	VBG	_	0	root	_	_
4	a	_	DT	DT	_	5	det	_	_
5	woman	_	NN	NN	_	3	dobj	_	_
6	for	_	IN	IN	_	0	erased	_	_
7	purchase	_	VBG	VBG	_	3	prepc_for	_	_
8	a	_	DT	DT	_	9	det	_	_
9	car	_	NN	NN	_	7	dobj	_	_
10	.	_	.	.	_	3	punct	_	_"
I14T-gNSC-p163-r1,Giving the lady her keys after a repair,0,1,1,1,1,"1	give	_	VBG	VBG	_	0	root	_	_
2	the	_	DT	DT	_	3	det	_	_
3	lady	_	NN	NN	_	1	dobj	_	_
4	she	_	PRP$	PRP$	_	5	poss	_	_
5	key	_	NNS	NNS	_	1	npadvmod	_	_
6	after	_	IN	IN	_	0	erased	_	_
7	a	_	DT	DT	_	8	det	_	_
8	repair	_	NN	NN	_	1	prep_after	_	_
9	.	_	.	.	_	1	punct	_	_"
I14T-gNSC-p163-r2,Giving her the keys to her new car,0,1,1,1,1,"1	give	_	VBG	VBG	_	0	root	_	_
2	she	_	PRP	PRP	_	4	nsubj	_	_
3	the	_	DT	DT	_	4	det	_	_
4	key	_	NNS	NNS	_	1	xcomp	_	_
5	to	_	TO	TO	_	0	erased	_	_
6	she	_	PRP$	PRP$	_	8	poss	_	_
7	new	_	JJ	JJ	_	8	amod	_	_
8	car	_	NN	NN	_	4	prep_to	_	_
9	.	_	.	.	_	1	punct	_	_"
I14T-gNSC-p168-r1,The man is selling a new car.,1,1,1,0,1,"1	the	_	DT	DT	_	2	det	_	_
2	man	_	NN	NN	_	4	nsubj	_	_
3	be	_	VBZ	VBZ	_	4	aux	_	_
4	sell	_	VBG	VBG	_	0	root	_	_
5	a	_	DT	DT	_	7	det	_	_
6	new	_	JJ	JJ	_	7	amod	_	_
7	car	_	NN	NN	_	4	dobj	_	_
8	.	_	.	.	_	4	punct	_	_"
I14T-gNSC-p168-r2,The man is tricking the gullible woman into buying this lemon of a car.,0,1,1,1,0,"1	the	_	DT	DT	_	2	det	_	_
2	man	_	NN	NN	_	4	nsubj	_	_
3	be	_	VBZ	VBZ	_	4	aux	_	_
4	trick	_	VBG	VBG	_	0	root	_	_
5	the	_	DT	DT	_	7	det	_	_
6	gullible	_	JJ	JJ	_	7	amod	_	_
7	woman	_	NN	NN	_	4	dobj	_	_
8	into	_	IN	IN	_	0	erased	_	_
9	buy	_	VBG	VBG	_	4	prepc_into	_	_
10	this	_	DT	DT	_	11	det	_	_
11	lemon	_	NN	NN	_	9	dobj	_	_
12	of	_	IN	IN	_	0	erased	_	_
13	a	_	DT	DT	_	14	det	_	_
14	car	_	NN	NN	_	11	prep_of	_	_
15	.	_	.	.	_	4	punct	_	_"
I14T-gNSC-p169-r1,the man is selling a car,1,1,1,0,1,"1	the	_	DT	DT	_	2	det	_	_
2	man	_	NN	NN	_	4	nsubj	_	_
3	be	_	VBZ	VBZ	_	4	aux	_	_
4	sell	_	VBG	VBG	_	0	root	_	_
5	a	_	DT	DT	_	6	det	_	_
6	car	_	NN	NN	_	4	dobj	_	_
7	.	_	.	.	_	4	punct	_	_"
I14T-gNSC-p169-r2,the man is handing over the keys,0,1,1,0,1,"1	the	_	DT	DT	_	2	det	_	_
2	man	_	NN	NN	_	4	nsubj	_	_
3	be	_	VBZ	VBZ	_	4	aux	_	_
4	hand	_	VBG	VBG	_	0	root	_	_
5	over	_	IN	IN	_	0	erased	_	_
6	the	_	DT	DT	_	7	det	_	_
7	key	_	NNS	NNS	_	4	prep_over	_	_
8	.	_	.	.	_	4	punct	_	_"
I14T-gNSC-p170-r1,The man is selling a car,1,1,1,0,1,"1	the	_	DT	DT	_	2	det	_	_
2	man	_	NN	NN	_	4	nsubj	_	_
3	be	_	VBZ	VBZ	_	4	aux	_	_
4	sell	_	VBG	VBG	_	0	root	_	_
5	a	_	DT	DT	_	6	det	_	_
6	car	_	NN	NN	_	4	dobj	_	_
7	.	_	.	.	_	4	punct	_	_"
I14T-gNSC-p170-r2,The man is handing the woman keys,0,1,1,1,1,"1	the	_	DT	DT	_	2	det	_	_
2	man	_	NN	NN	_	4	nsubj	_	_
3	be	_	VBZ	VBZ	_	4	aux	_	_
4	hand	_	VBG	VBG	_	0	root	_	_
5	the	_	DT	DT	_	7	det	_	_
6	woman	_	NN	NN	_	7	nn	_	_
7	key	_	NNS	NNS	_	4	dobj	_	_
8	.	_	.	.	_	4	punct	_	_"
I14T-gNSC-p172-r1,drive,0,0,0,1,0,"1	drive	_	VB	VB	_	0	root	_	_
2	.	_	.	.	_	1	punct	_	_"
I14T-gNSC-p172-r2,car,0,0,0,0,0,"1	car	_	NN	NN	_	0	root	_	_
2	.	_	.	.	_	1	punct	_	_"
I14T-gNSC-p174-r1,He is giving the woman the car keys. ,0,1,1,1,1,"1	he	_	PRP	PRP	_	3	nsubj	_	_
2	be	_	VBZ	VBZ	_	3	aux	_	_
3	give	_	VBG	VBG	_	0	root	_	_
4	the	_	DT	DT	_	5	det	_	_
5	woman	_	NN	NN	_	3	iobj	_	_
6	the	_	DT	DT	_	8	det	_	_
7	car	_	NN	NN	_	8	nn	_	_
8	key	_	NNS	NNS	_	3	dobj	_	_
9	.	_	.	.	_	3	punct	_	_"
I14T-gNSC-p174-r2,He is giving the woman the car keys. ,0,1,1,1,1,"1	he	_	PRP	PRP	_	3	nsubj	_	_
2	be	_	VBZ	VBZ	_	3	aux	_	_
3	give	_	VBG	VBG	_	0	root	_	_
4	the	_	DT	DT	_	5	det	_	_
5	woman	_	NN	NN	_	3	iobj	_	_
6	the	_	DT	DT	_	8	det	_	_
7	car	_	NN	NN	_	8	nn	_	_
8	key	_	NNS	NNS	_	3	dobj	_	_
9	.	_	.	.	_	3	punct	_	_"
I14T-gNSC-p175-r1,The man is selling a car to the woman.,1,1,1,1,1,"1	the	_	DT	DT	_	2	det	_	_
2	man	_	NN	NN	_	4	nsubj	_	_
3	be	_	VBZ	VBZ	_	4	aux	_	_
4	sell	_	VBG	VBG	_	0	root	_	_
5	a	_	DT	DT	_	6	det	_	_
6	car	_	NN	NN	_	4	dobj	_	_
7	to	_	TO	TO	_	0	erased	_	_
8	the	_	DT	DT	_	9	det	_	_
9	woman	_	NN	NN	_	4	prep_to	_	_
10	.	_	.	.	_	4	punct	_	_"
I14T-gNSC-p175-r2,The woman is buying a car from the man.,0,0,1,1,1,"1	the	_	DT	DT	_	2	det	_	_
2	woman	_	NN	NN	_	4	nsubj	_	_
3	be	_	VBZ	VBZ	_	4	aux	_	_
4	buy	_	VBG	VBG	_	0	root	_	_
5	a	_	DT	DT	_	6	det	_	_
6	car	_	NN	NN	_	4	dobj	_	_
7	from	_	IN	IN	_	0	erased	_	_
8	the	_	DT	DT	_	9	det	_	_
9	man	_	NN	NN	_	4	prep_from	_	_
10	.	_	.	.	_	4	punct	_	_"
I14T-gNSC-p176-r1,Selling a car,1,1,1,0,1,"1	sell	_	VBG	VBG	_	0	root	_	_
2	a	_	DT	DT	_	3	det	_	_
3	car	_	NN	NN	_	1	dobj	_	_
4	.	_	.	.	_	1	punct	_	_"
I14T-gNSC-p176-r2,To a women,0,0,0,0,0,"1	to	_	TO	TO	_	0	root	_	_
2	a	_	DT	DT	_	3	det	_	_
3	woman	_	NNS	NNS	_	1	pobj	_	_
4	.	_	.	.	_	1	punct	_	_"
I14T-gNSC-p177-r1,The man is selling a car to the woman.,1,1,1,1,1,"1	the	_	DT	DT	_	2	det	_	_
2	man	_	NN	NN	_	4	nsubj	_	_
3	be	_	VBZ	VBZ	_	4	aux	_	_
4	sell	_	VBG	VBG	_	0	root	_	_
5	a	_	DT	DT	_	6	det	_	_
6	car	_	NN	NN	_	4	dobj	_	_
7	to	_	TO	TO	_	0	erased	_	_
8	the	_	DT	DT	_	9	det	_	_
9	woman	_	NN	NN	_	4	prep_to	_	_
10	.	_	.	.	_	4	punct	_	_"
I14T-gNSC-p177-r2,He is selling a car.,1,1,1,0,1,"1	he	_	PRP	PRP	_	3	nsubj	_	_
2	be	_	VBZ	VBZ	_	3	aux	_	_
3	sell	_	VBG	VBG	_	0	root	_	_
4	a	_	DT	DT	_	5	det	_	_
5	car	_	NN	NN	_	3	dobj	_	_
6	.	_	.	.	_	3	punct	_	_"
I14T-gNSC-p181-r1,"ripping off some nice woman with a crappy car that has 387,284 miles on it",0,1,1,0,0,"1	rip	_	VBG	VBG	_	11	dep	_	_
2	off	_	RP	RP	_	1	prt	_	_
3	some	_	DT	DT	_	5	det	_	_
4	nice	_	JJ	JJ	_	5	amod	_	_
5	woman	_	NN	NN	_	1	dobj	_	_
6	with	_	IN	IN	_	0	erased	_	_
7	a	_	DT	DT	_	9	det	_	_
8	crappy	_	JJ	JJ	_	9	amod	_	_
9	car	_	NN	NN	_	1	prep_with	_	_
10	that	_	DT	DT	_	11	nsubj	_	_
11	have	_	VBZ	VBZ	_	0	root	_	_
12	387,284	_	CD	CD	_	13	num	_	_
13	mile	_	NNS	NNS	_	11	dobj	_	_
14	on	_	IN	IN	_	0	erased	_	_
15	it	_	PRP	PRP	_	13	prep_on	_	_
16	.	_	.	.	_	11	punct	_	_"
I14T-gNSC-p181-r2,receiving ransom money.,0,1,1,0,0,"1	receive	_	VBG	VBG	_	0	root	_	_
2	ransom	_	NN	NN	_	3	nn	_	_
3	money	_	NN	NN	_	1	dobj	_	_
4	.	_	.	.	_	1	punct	_	_"
I14T-gNSC-p187-r1,He's selling a car.,1,1,1,0,1,"1	he	_	PRP	PRP	_	3	nsubj	_	_
2	be	_	VBZ	VBZ	_	3	aux	_	_
3	sell	_	VBG	VBG	_	0	root	_	_
4	a	_	DT	DT	_	5	det	_	_
5	car	_	NN	NN	_	3	dobj	_	_
6	.	_	.	.	_	3	punct	_	_"
I14T-gNSC-p187-r2,He's handing her the keys.,0,1,1,1,1,"1	he	_	PRP	PRP	_	3	nsubj	_	_
2	be	_	VBZ	VBZ	_	3	aux	_	_
3	hand	_	VBG	VBG	_	0	root	_	_
4	she	_	PRP	PRP	_	6	nsubj	_	_
5	the	_	DT	DT	_	6	det	_	_
6	key	_	NNS	NNS	_	3	xcomp	_	_
7	.	_	.	.	_	3	punct	_	_"
I14T-gNSC-p190-r1,The man is selling her a car.,1,1,1,1,1,"1	the	_	DT	DT	_	2	det	_	_
2	man	_	NN	NN	_	4	nsubj	_	_
3	be	_	VBZ	VBZ	_	4	aux	_	_
4	sell	_	VBG	VBG	_	0	root	_	_
5	she	_	PRP	PRP	_	7	nsubj	_	_
6	a	_	DT	DT	_	7	det	_	_
7	car	_	NN	NN	_	4	xcomp	_	_
8	.	_	.	.	_	4	punct	_	_"
I14T-gNSC-p190-r2,"He is selling the woman, a car.",1,1,0,1,1,"1	he	_	PRP	PRP	_	3	nsubj	_	_
2	be	_	VBZ	VBZ	_	3	aux	_	_
3	sell	_	VBG	VBG	_	0	root	_	_
4	the	_	DT	DT	_	5	det	_	_
5	woman	_	NN	NN	_	3	dobj	_	_
6	,	_	,	,	_	5	punct	_	_
7	a	_	DT	DT	_	8	det	_	_
8	car	_	NN	NN	_	5	appos	_	_
9	.	_	.	.	_	3	punct	_	_"
I14T-gNSC-p192-r1,The man is selling the lady a car.,1,1,1,1,1,"1	the	_	DT	DT	_	2	det	_	_
2	man	_	NN	NN	_	4	nsubj	_	_
3	be	_	VBZ	VBZ	_	4	aux	_	_
4	sell	_	VBG	VBG	_	0	root	_	_
5	the	_	DT	DT	_	6	det	_	_
6	lady	_	NN	NN	_	4	iobj	_	_
7	a	_	DT	DT	_	8	det	_	_
8	car	_	NN	NN	_	6	dep	_	_
9	.	_	.	.	_	4	punct	_	_"
I14T-gNSC-p192-r2,The lady is paying the man for the car.,0,0,1,1,1,"1	the	_	DT	DT	_	2	det	_	_
2	lady	_	NN	NN	_	4	nsubj	_	_
3	be	_	VBZ	VBZ	_	4	aux	_	_
4	pay	_	VBG	VBG	_	0	root	_	_
5	the	_	DT	DT	_	6	det	_	_
6	man	_	NN	NN	_	4	dobj	_	_
7	for	_	IN	IN	_	0	erased	_	_
8	the	_	DT	DT	_	9	det	_	_
9	car	_	NN	NN	_	6	prep_for	_	_
10	.	_	.	.	_	4	punct	_	_"
I14T-gNSC-p199-r1,The man just sold this woman a car,1,0,1,1,1,"1	the	_	DT	DT	_	2	det	_	_
2	man	_	NN	NN	_	4	nsubj	_	_
3	just	_	RB	RB	_	4	advmod	_	_
4	sell	_	VBD	VBD	_	0	root	_	_
5	this	_	DT	DT	_	6	det	_	_
6	woman	_	NN	NN	_	4	iobj	_	_
7	a	_	DT	DT	_	8	det	_	_
8	car	_	NN	NN	_	4	dobj	_	_
9	.	_	.	.	_	4	punct	_	_"
I14T-gNSC-p199-r2,This man just gladly sold this woman a car.,1,0,1,1,1,"1	this	_	DT	DT	_	2	det	_	_
2	man	_	NN	NN	_	5	nsubj	_	_
3	just	_	RB	RB	_	5	advmod	_	_
4	gladly	_	RB	RB	_	5	advmod	_	_
5	sell	_	VBD	VBD	_	0	root	_	_
6	this	_	DT	DT	_	7	det	_	_
7	woman	_	NN	NN	_	5	iobj	_	_
8	a	_	DT	DT	_	9	det	_	_
9	car	_	NN	NN	_	5	dobj	_	_
10	.	_	.	.	_	5	punct	_	_"
I14T-gNSC-p202-r1,The man is handing the woman the keys to the car.,0,1,1,1,1,"1	the	_	DT	DT	_	2	det	_	_
2	man	_	NN	NN	_	4	nsubj	_	_
3	be	_	VBZ	VBZ	_	4	aux	_	_
4	hand	_	VBG	VBG	_	0	root	_	_
5	the	_	DT	DT	_	6	det	_	_
6	woman	_	NN	NN	_	8	nsubj	_	_
7	the	_	DT	DT	_	8	det	_	_
8	key	_	NNS	NNS	_	4	xcomp	_	_
9	to	_	TO	TO	_	0	erased	_	_
10	the	_	DT	DT	_	11	det	_	_
11	car	_	NN	NN	_	8	prep_to	_	_
12	.	_	.	.	_	4	punct	_	_"
I14T-gNSC-p202-r2,The man is renting the car to the woman.,1,1,1,1,1,"1	the	_	DT	DT	_	2	det	_	_
2	man	_	NN	NN	_	4	nsubj	_	_
3	be	_	VBZ	VBZ	_	4	aux	_	_
4	rent	_	VBG	VBG	_	0	root	_	_
5	the	_	DT	DT	_	6	det	_	_
6	car	_	NN	NN	_	4	dobj	_	_
7	to	_	TO	TO	_	0	erased	_	_
8	the	_	DT	DT	_	9	det	_	_
9	woman	_	NN	NN	_	4	prep_to	_	_
10	.	_	.	.	_	4	punct	_	_"
I14T-gNSC-p209-r1,GIVING HER THE KEYS TO HER RENTAL CAR,1,1,1,1,1,"1	give	_	NNP	NNP	_	3	nn	_	_
2	her	_	NNP	NNP	_	3	nn	_	_
3	the	_	NNP	NNP	_	6	xsubj	_	_
4	key	_	VBZ	VBZ	_	0	root	_	_
5	to	_	TO	TO	_	6	aux	_	_
6	her	_	VB	VB	_	4	xcomp	_	_
7	rental	_	NNP	NNP	_	8	nn	_	_
8	car	_	NNP	NNP	_	6	dobj	_	_
9	.	_	.	.	_	4	punct	_	_"
I14T-gNSC-p209-r2,GIVING THE MAN A TIP FOR BRINGING HER CAR TO HER,0,0,1,0,1,"1	give	_	NNP	NNP	_	2	nn	_	_
2	the	_	NNP	NNP	_	3	nsubj	_	_
3	man	_	VBP	VBP	_	0	root	_	_
4	a	_	DT	DT	_	5	det	_	_
5	tip	_	NN	NN	_	3	dobj	_	_
6	for	_	IN	IN	_	0	erased	_	_
7	bring	_	NNP	NNP	_	11	nn	_	_
8	her	_	NNP	NNP	_	11	nn	_	_
9	car	_	NNP	NNP	_	11	nn	_	_
10	to	_	NNP	NNP	_	11	nn	_	_
11	her	_	NNP	NNP	_	5	prep_for	_	_
12	.	_	.	.	_	3	punct	_	_"
I14T-gNSC-p211-r1,This man has just sold the last car on his lot.,1,0,1,0,0,"1	this	_	DT	DT	_	2	det	_	_
2	man	_	NN	NN	_	5	nsubj	_	_
3	have	_	VBZ	VBZ	_	5	aux	_	_
4	just	_	RB	RB	_	5	advmod	_	_
5	sell	_	VBN	VBN	_	0	root	_	_
6	the	_	DT	DT	_	8	det	_	_
7	last	_	JJ	JJ	_	8	amod	_	_
8	car	_	NN	NN	_	5	dobj	_	_
9	on	_	IN	IN	_	0	erased	_	_
10	he	_	PRP$	PRP$	_	11	poss	_	_
11	lot	_	NN	NN	_	5	prep_on	_	_
12	.	_	.	.	_	5	punct	_	_"
I14T-gNSC-p211-r2,This man is accepting payment from a woman who has agreed to borrow his car.,1,0,1,1,0,"1	this	_	DT	DT	_	2	det	_	_
2	man	_	NN	NN	_	4	nsubj	_	_
3	be	_	VBZ	VBZ	_	4	aux	_	_
4	accept	_	VBG	VBG	_	0	root	_	_
5	payment	_	NN	NN	_	4	dobj	_	_
6	from	_	IN	IN	_	0	erased	_	_
7	a	_	DT	DT	_	8	det	_	_
8	woman	_	NN	NN	_	11	nsubj	_	_
9	who	_	WP	WP	_	0	erased	_	_
10	have	_	VBZ	VBZ	_	11	aux	_	_
11	agree	_	VBN	VBN	_	8	rcmod	_	_
12	to	_	TO	TO	_	13	aux	_	_
13	borrow	_	VB	VB	_	11	xcomp	_	_
14	he	_	PRP$	PRP$	_	15	poss	_	_
15	car	_	NN	NN	_	13	dobj	_	_
16	.	_	.	.	_	4	punct	_	_"
I14T-gNSC-p212-r1,He's giving her a special ride ,0,1,1,0,0,"1	he	_	PRP	PRP	_	3	nsubj	_	_
2	be	_	VBZ	VBZ	_	3	aux	_	_
3	give	_	VBG	VBG	_	0	root	_	_
4	she	_	PRP	PRP	_	3	iobj	_	_
5	a	_	DT	DT	_	7	det	_	_
6	special	_	JJ	JJ	_	7	amod	_	_
7	ride	_	NN	NN	_	3	dobj	_	_
8	.	_	.	.	_	3	punct	_	_"
I14T-gNSC-p212-r2,He's got giving her a ride. ,0,0,0,0,0,"1	he	_	PRP	PRP	_	3	nsubjpass	_	_
2	be	_	VBZ	VBZ	_	3	auxpass	_	_
3	get	_	VBN	VBN	_	0	root	_	_
4	give	_	VBG	VBG	_	3	xcomp	_	_
5	she	_	PRP	PRP	_	4	iobj	_	_
6	a	_	DT	DT	_	7	det	_	_
7	ride	_	NN	NN	_	4	dobj	_	_
8	.	_	.	.	_	3	punct	_	_"
I14T-gNSC-p215-r1,The man is handing over keys.,0,1,1,0,1,"1	the	_	DT	DT	_	2	det	_	_
2	man	_	NN	NN	_	4	nsubj	_	_
3	be	_	VBZ	VBZ	_	4	aux	_	_
4	hand	_	VBG	VBG	_	0	root	_	_
5	over	_	IN	IN	_	0	erased	_	_
6	key	_	NNS	NNS	_	4	prep_over	_	_
7	.	_	.	.	_	4	punct	_	_"
I14T-gNSC-p215-r2,He is handing over car keys to the lady who bought the car.,1,1,1,1,1,"1	he	_	PRP	PRP	_	3	nsubj	_	_
2	be	_	VBZ	VBZ	_	3	aux	_	_
3	hand	_	VBG	VBG	_	0	root	_	_
4	over	_	RP	RP	_	3	prt	_	_
5	car	_	NN	NN	_	6	nn	_	_
6	key	_	NNS	NNS	_	3	dobj	_	_
7	to	_	TO	TO	_	0	erased	_	_
8	the	_	DT	DT	_	9	det	_	_
9	lady	_	NN	NN	_	11	nsubj	_	_
10	who	_	WP	WP	_	0	erased	_	_
11	buy	_	VBD	VBD	_	9	rcmod	_	_
12	the	_	DT	DT	_	13	det	_	_
13	car	_	NN	NN	_	11	dobj	_	_
14	.	_	.	.	_	3	punct	_	_"
I14T-gNSC-p216-r1,he is handing car keys to a woman,0,1,1,1,1,"1	he	_	PRP	PRP	_	3	nsubj	_	_
2	be	_	VBZ	VBZ	_	3	aux	_	_
3	hand	_	VBG	VBG	_	0	root	_	_
4	car	_	NN	NN	_	5	nn	_	_
5	key	_	NNS	NNS	_	3	dobj	_	_
6	to	_	TO	TO	_	0	erased	_	_
7	a	_	DT	DT	_	8	det	_	_
8	woman	_	NN	NN	_	3	prep_to	_	_
9	.	_	.	.	_	3	punct	_	_"
I14T-gNSC-p216-r2,he has sold a car to a woman,1,0,1,1,1,"1	he	_	PRP	PRP	_	3	nsubj	_	_
2	have	_	VBZ	VBZ	_	3	aux	_	_
3	sell	_	VBN	VBN	_	0	root	_	_
4	a	_	DT	DT	_	5	det	_	_
5	car	_	NN	NN	_	3	dobj	_	_
6	to	_	TO	TO	_	0	erased	_	_
7	a	_	DT	DT	_	8	det	_	_
8	woman	_	NN	NN	_	3	prep_to	_	_
9	.	_	.	.	_	3	punct	_	_"
I14T-gNSC-p217-r1,The man is making a sale.,0,1,1,0,1,"1	the	_	DT	DT	_	2	det	_	_
2	man	_	NN	NN	_	4	nsubj	_	_
3	be	_	VBZ	VBZ	_	4	aux	_	_
4	make	_	VBG	VBG	_	0	root	_	_
5	a	_	DT	DT	_	6	det	_	_
6	sale	_	NN	NN	_	4	dobj	_	_
7	.	_	.	.	_	4	punct	_	_"
I14T-gNSC-p217-r2,The man is closing a deal.,0,1,1,0,1,"1	the	_	DT	DT	_	2	det	_	_
2	man	_	NN	NN	_	4	nsubj	_	_
3	be	_	VBZ	VBZ	_	4	aux	_	_
4	close	_	VBG	VBG	_	0	root	_	_
5	a	_	DT	DT	_	6	det	_	_
6	deal	_	NN	NN	_	4	dobj	_	_
7	.	_	.	.	_	4	punct	_	_"
I14T-gNSC-p220-r1,The man is selling a car.,1,1,1,0,1,"1	the	_	DT	DT	_	2	det	_	_
2	man	_	NN	NN	_	4	nsubj	_	_
3	be	_	VBZ	VBZ	_	4	aux	_	_
4	sell	_	VBG	VBG	_	0	root	_	_
5	a	_	DT	DT	_	6	det	_	_
6	car	_	NN	NN	_	4	dobj	_	_
7	.	_	.	.	_	4	punct	_	_"
I14T-gNSC-p220-r2,The man is renting a car.,1,1,1,1,1,"1	the	_	DT	DT	_	2	det	_	_
2	man	_	NN	NN	_	4	nsubj	_	_
3	be	_	VBZ	VBZ	_	4	aux	_	_
4	rent	_	VBG	VBG	_	0	root	_	_
5	a	_	DT	DT	_	6	det	_	_
6	car	_	NN	NN	_	4	dobj	_	_
7	.	_	.	.	_	4	punct	_	_"
I14T-gNSC-p222-r1,Selling her a car,1,1,1,1,1,"1	sell	_	VBG	VBG	_	0	root	_	_
2	she	_	PRP	PRP	_	4	nsubj	_	_
3	a	_	DT	DT	_	4	det	_	_
4	car	_	NN	NN	_	1	xcomp	_	_
5	.	_	.	.	_	1	punct	_	_"
I14T-gNSC-p222-r2,Selling a car to the woman,1,1,1,1,1,"1	sell	_	VBG	VBG	_	0	root	_	_
2	a	_	DT	DT	_	3	det	_	_
3	car	_	NN	NN	_	1	dobj	_	_
4	to	_	TO	TO	_	0	erased	_	_
5	the	_	DT	DT	_	6	det	_	_
6	woman	_	NN	NN	_	1	prep_to	_	_
7	.	_	.	.	_	1	punct	_	_"
I14T-gNSC-p224-r1,The man is selling a car to the woman.,1,1,1,1,1,"1	the	_	DT	DT	_	2	det	_	_
2	man	_	NN	NN	_	4	nsubj	_	_
3	be	_	VBZ	VBZ	_	4	aux	_	_
4	sell	_	VBG	VBG	_	0	root	_	_
5	a	_	DT	DT	_	6	det	_	_
6	car	_	NN	NN	_	4	dobj	_	_
7	to	_	TO	TO	_	0	erased	_	_
8	the	_	DT	DT	_	9	det	_	_
9	woman	_	NN	NN	_	4	prep_to	_	_
10	.	_	.	.	_	4	punct	_	_"
I14T-gNSC-p224-r2,He is giving her keys to her.,0,1,1,1,1,"1	he	_	PRP	PRP	_	3	nsubj	_	_
2	be	_	VBZ	VBZ	_	3	aux	_	_
3	give	_	VBG	VBG	_	0	root	_	_
4	she	_	PRP$	PRP$	_	5	poss	_	_
5	key	_	NNS	NNS	_	3	dobj	_	_
6	to	_	TO	TO	_	0	erased	_	_
7	she	_	PRP	PRP	_	3	prep_to	_	_
8	.	_	.	.	_	3	punct	_	_"
I14T-gNSC-p226-r1,This man is selling a car.,1,0,1,0,1,"1	this	_	DT	DT	_	2	det	_	_
2	man	_	NN	NN	_	4	nsubj	_	_
3	be	_	VBZ	VBZ	_	4	aux	_	_
4	sell	_	VBG	VBG	_	0	root	_	_
5	a	_	DT	DT	_	6	det	_	_
6	car	_	NN	NN	_	4	dobj	_	_
7	.	_	.	.	_	4	punct	_	_"
I14T-gNSC-p226-r2,The man has closed his sweetest deal of the season.,0,0,1,0,0,"1	the	_	DT	DT	_	2	det	_	_
2	man	_	NN	NN	_	4	nsubj	_	_
3	have	_	VBZ	VBZ	_	4	aux	_	_
4	close	_	VBN	VBN	_	0	root	_	_
5	he	_	PRP$	PRP$	_	7	poss	_	_
6	sweetest	_	JJ	JJ	_	7	amod	_	_
7	deal	_	NN	NN	_	4	dobj	_	_
8	of	_	IN	IN	_	0	erased	_	_
9	the	_	DT	DT	_	10	det	_	_
10	season	_	NN	NN	_	7	prep_of	_	_
11	.	_	.	.	_	4	punct	_	_"
I14T-gNSC-p230-r1,The man is giving the woman car keys.,0,1,1,1,1,"1	the	_	DT	DT	_	2	det	_	_
2	man	_	NN	NN	_	4	nsubj	_	_
3	be	_	VBZ	VBZ	_	4	aux	_	_
4	give	_	VBG	VBG	_	0	root	_	_
5	the	_	DT	DT	_	6	det	_	_
6	woman	_	NN	NN	_	4	iobj	_	_
7	car	_	NN	NN	_	8	nn	_	_
8	key	_	NNS	NNS	_	4	dobj	_	_
9	.	_	.	.	_	4	punct	_	_"
I14T-gNSC-p230-r2,The man has sold a car to the customer.,1,0,1,1,1,"1	the	_	DT	DT	_	2	det	_	_
2	man	_	NN	NN	_	4	nsubj	_	_
3	have	_	VBZ	VBZ	_	4	aux	_	_
4	sell	_	VBN	VBN	_	0	root	_	_
5	a	_	DT	DT	_	6	det	_	_
6	car	_	NN	NN	_	4	dobj	_	_
7	to	_	TO	TO	_	0	erased	_	_
8	the	_	DT	DT	_	9	det	_	_
9	customer	_	NN	NN	_	4	prep_to	_	_
10	.	_	.	.	_	4	punct	_	_"
I14T-gNSC-p231-r1,The man is selling a car.,1,1,1,0,1,"1	the	_	DT	DT	_	2	det	_	_
2	man	_	NN	NN	_	4	nsubj	_	_
3	be	_	VBZ	VBZ	_	4	aux	_	_
4	sell	_	VBG	VBG	_	0	root	_	_
5	a	_	DT	DT	_	6	det	_	_
6	car	_	NN	NN	_	4	dobj	_	_
7	.	_	.	.	_	4	punct	_	_"
I14T-gNSC-p231-r2,The man is giving car keys to the lady,0,1,1,1,1,"1	the	_	DT	DT	_	2	det	_	_
2	man	_	NN	NN	_	4	nsubj	_	_
3	be	_	VBZ	VBZ	_	4	aux	_	_
4	give	_	VBG	VBG	_	0	root	_	_
5	car	_	NN	NN	_	6	nn	_	_
6	key	_	NNS	NNS	_	4	dobj	_	_
7	to	_	TO	TO	_	0	erased	_	_
8	the	_	DT	DT	_	9	det	_	_
9	lady	_	NN	NN	_	4	prep_to	_	_
10	.	_	.	.	_	4	punct	_	_"
I14T-gNSC-p235-r1,The man is selling a car.,1,1,1,0,1,"1	the	_	DT	DT	_	2	det	_	_
2	man	_	NN	NN	_	4	nsubj	_	_
3	be	_	VBZ	VBZ	_	4	aux	_	_
4	sell	_	VBG	VBG	_	0	root	_	_
5	a	_	DT	DT	_	6	det	_	_
6	car	_	NN	NN	_	4	dobj	_	_
7	.	_	.	.	_	4	punct	_	_"
I14T-gNSC-p235-r2,The salesman gives the keys to a woman.,0,0,1,1,1,"1	the	_	DT	DT	_	2	det	_	_
2	salesman	_	NN	NN	_	3	nsubj	_	_
3	give	_	VBZ	VBZ	_	0	root	_	_
4	the	_	DT	DT	_	5	det	_	_
5	key	_	NNS	NNS	_	3	dobj	_	_
6	to	_	TO	TO	_	0	erased	_	_
7	a	_	DT	DT	_	8	det	_	_
8	woman	_	NN	NN	_	3	prep_to	_	_
9	.	_	.	.	_	3	punct	_	_"
I14T-gNSC-p236-r1,The man is selling the woman a car. ,1,1,1,1,1,"1	the	_	DT	DT	_	2	det	_	_
2	man	_	NN	NN	_	4	nsubj	_	_
3	be	_	VBZ	VBZ	_	4	aux	_	_
4	sell	_	VBG	VBG	_	0	root	_	_
5	the	_	DT	DT	_	6	det	_	_
6	woman	_	NN	NN	_	4	iobj	_	_
7	a	_	DT	DT	_	8	det	_	_
8	car	_	NN	NN	_	6	dep	_	_
9	.	_	.	.	_	4	punct	_	_"
I14T-gNSC-p236-r2,He is giving the woman her car keys. ,0,1,1,1,1,"1	he	_	PRP	PRP	_	3	nsubj	_	_
2	be	_	VBZ	VBZ	_	3	aux	_	_
3	give	_	VBG	VBG	_	0	root	_	_
4	the	_	DT	DT	_	5	det	_	_
5	woman	_	NN	NN	_	3	iobj	_	_
6	she	_	PRP$	PRP$	_	8	poss	_	_
7	car	_	NN	NN	_	8	nn	_	_
8	key	_	NNS	NNS	_	3	dobj	_	_
9	.	_	.	.	_	3	punct	_	_"
I14T-gNSC-p244-r1,The man is giving the woman the car keys. ,0,1,1,1,1,"1	the	_	DT	DT	_	2	det	_	_
2	man	_	NN	NN	_	4	nsubj	_	_
3	be	_	VBZ	VBZ	_	4	aux	_	_
4	give	_	VBG	VBG	_	0	root	_	_
5	the	_	DT	DT	_	6	det	_	_
6	woman	_	NN	NN	_	4	iobj	_	_
7	the	_	DT	DT	_	9	det	_	_
8	car	_	NN	NN	_	9	nn	_	_
9	key	_	NNS	NNS	_	4	dobj	_	_
10	.	_	.	.	_	4	punct	_	_"
I14T-gNSC-p244-r2,He is giving the car keys to her. ,0,1,1,1,1,"1	he	_	PRP	PRP	_	3	nsubj	_	_
2	be	_	VBZ	VBZ	_	3	aux	_	_
3	give	_	VBG	VBG	_	0	root	_	_
4	the	_	DT	DT	_	5	det	_	_
5	car	_	NN	NN	_	3	iobj	_	_
6	key	_	NNS	NNS	_	3	dobj	_	_
7	to	_	TO	TO	_	0	erased	_	_
8	she	_	PRP	PRP	_	6	prep_to	_	_
9	.	_	.	.	_	3	punct	_	_"
I14T-gNSC-p245-r1,He is handing the woman the keys to her new car.,0,1,1,1,1,"1	he	_	PRP	PRP	_	3	nsubj	_	_
2	be	_	VBZ	VBZ	_	3	aux	_	_
3	hand	_	VBG	VBG	_	0	root	_	_
4	the	_	DT	DT	_	5	det	_	_
5	woman	_	NN	NN	_	7	nsubj	_	_
6	the	_	DT	DT	_	7	det	_	_
7	key	_	NNS	NNS	_	3	xcomp	_	_
8	to	_	TO	TO	_	0	erased	_	_
9	she	_	PRP$	PRP$	_	11	poss	_	_
10	new	_	JJ	JJ	_	11	amod	_	_
11	car	_	NN	NN	_	7	prep_to	_	_
12	.	_	.	.	_	3	punct	_	_"
I14T-gNSC-p245-r2,The man is accepting the woman's money in exchange for her new car and its keys.,1,1,1,1,1,"1	the	_	DT	DT	_	2	det	_	_
2	man	_	NN	NN	_	4	nsubj	_	_
3	be	_	VBZ	VBZ	_	4	aux	_	_
4	accept	_	VBG	VBG	_	0	root	_	_
5	the	_	DT	DT	_	6	det	_	_
6	woman	_	NN	NN	_	8	poss	_	_
7	's	_	POS	POS	_	0	erased	_	_
8	money	_	NN	NN	_	4	dobj	_	_
9	in	_	IN	IN	_	0	erased	_	_
10	exchange	_	NN	NN	_	8	prep_in	_	_
11	for	_	IN	IN	_	0	erased	_	_
12	she	_	PRP$	PRP$	_	14	poss	_	_
13	new	_	JJ	JJ	_	14	amod	_	_
14	car	_	NN	NN	_	4	prep_for	_	_
15	and	_	CC	CC	_	0	erased	_	_
16	its	_	PRP$	PRP$	_	17	poss	_	_
17	key	_	NNS	NNS	_	14	conj_and	_	_
18	.	_	.	.	_	4	punct	_	_"
I14T-gNSC-p247-r1,The man is selling the woman a car.,1,1,1,1,1,"1	the	_	DT	DT	_	2	det	_	_
2	man	_	NN	NN	_	4	nsubj	_	_
3	be	_	VBZ	VBZ	_	4	aux	_	_
4	sell	_	VBG	VBG	_	0	root	_	_
5	the	_	DT	DT	_	6	det	_	_
6	woman	_	NN	NN	_	4	iobj	_	_
7	a	_	DT	DT	_	8	det	_	_
8	car	_	NN	NN	_	6	dep	_	_
9	.	_	.	.	_	4	punct	_	_"
I14T-gNSC-p247-r2,The man is giving the woman the keys to her new car.,0,1,1,1,1,"1	the	_	DT	DT	_	2	det	_	_
2	man	_	NN	NN	_	4	nsubj	_	_
3	be	_	VBZ	VBZ	_	4	aux	_	_
4	give	_	VBG	VBG	_	0	root	_	_
5	the	_	DT	DT	_	6	det	_	_
6	woman	_	NN	NN	_	4	iobj	_	_
7	the	_	DT	DT	_	8	det	_	_
8	key	_	NNS	NNS	_	4	dobj	_	_
9	to	_	TO	TO	_	0	erased	_	_
10	she	_	PRP$	PRP$	_	12	poss	_	_
11	new	_	JJ	JJ	_	12	amod	_	_
12	car	_	NN	NN	_	8	prep_to	_	_
13	.	_	.	.	_	4	punct	_	_"
I14T-gNSC-p249-r1,The man just sold a car.,1,0,1,0,1,"1	the	_	DT	DT	_	2	det	_	_
2	man	_	NN	NN	_	4	nsubj	_	_
3	just	_	RB	RB	_	4	advmod	_	_
4	sell	_	VBD	VBD	_	0	root	_	_
5	a	_	DT	DT	_	6	det	_	_
6	car	_	NN	NN	_	4	dobj	_	_
7	.	_	.	.	_	4	punct	_	_"
I14T-gNSC-p249-r2,The man is giving the key to the woman who bought the car.,1,1,1,1,1,"1	the	_	DT	DT	_	2	det	_	_
2	man	_	NN	NN	_	4	nsubj	_	_
3	be	_	VBZ	VBZ	_	4	aux	_	_
4	give	_	VBG	VBG	_	0	root	_	_
5	the	_	DT	DT	_	6	det	_	_
6	key	_	NN	NN	_	4	dobj	_	_
7	to	_	TO	TO	_	0	erased	_	_
8	the	_	DT	DT	_	9	det	_	_
9	woman	_	NN	NN	_	11	nsubj	_	_
10	who	_	WP	WP	_	0	erased	_	_
11	buy	_	VBD	VBD	_	9	rcmod	_	_
12	the	_	DT	DT	_	13	det	_	_
13	car	_	NN	NN	_	11	dobj	_	_
14	.	_	.	.	_	4	punct	_	_"
I14T-gNSC-p252-r1,?,0,0,0,0,0,1	?	_	UH	UH	_	0	root	_	_
I14T-gNSC-p252-r2,?,0,0,0,0,0,1	?	_	UH	UH	_	0	root	_	_
I14T-gNSC-p253-r1,selling a car,1,1,1,0,1,"1	sell	_	VBG	VBG	_	0	root	_	_
2	a	_	DT	DT	_	3	det	_	_
3	car	_	NN	NN	_	1	dobj	_	_
4	.	_	.	.	_	1	punct	_	_"
I14T-gNSC-p253-r2,handing the keys to a woman,0,1,1,1,1,"1	hand	_	VBG	VBG	_	0	root	_	_
2	the	_	DT	DT	_	3	det	_	_
3	key	_	NNS	NNS	_	1	dobj	_	_
4	to	_	TO	TO	_	0	erased	_	_
5	a	_	DT	DT	_	6	det	_	_
6	woman	_	NN	NN	_	1	prep_to	_	_
7	.	_	.	.	_	1	punct	_	_"
I14T-gNSC-p254-r1,Selling a car,1,1,1,0,1,"1	sell	_	VBG	VBG	_	0	root	_	_
2	a	_	DT	DT	_	3	det	_	_
3	car	_	NN	NN	_	1	dobj	_	_
4	.	_	.	.	_	1	punct	_	_"
I14T-gNSC-p254-r2,Selling cars ,1,1,1,0,1,"1	sell	_	VBG	VBG	_	0	root	_	_
2	car	_	NNS	NNS	_	1	dobj	_	_
3	.	_	.	.	_	1	punct	_	_"
I14T-gNSC-p255-r1,This man just sold this lady a car.,1,0,1,1,1,"1	this	_	DT	DT	_	2	det	_	_
2	man	_	NN	NN	_	4	nsubj	_	_
3	just	_	RB	RB	_	4	advmod	_	_
4	sell	_	VBD	VBD	_	0	root	_	_
5	this	_	DT	DT	_	6	det	_	_
6	lady	_	NN	NN	_	4	iobj	_	_
7	a	_	DT	DT	_	8	det	_	_
8	car	_	NN	NN	_	4	dobj	_	_
9	.	_	.	.	_	4	punct	_	_"
I14T-gNSC-p255-r2,The man is happy because he just made a commission. ,0,0,1,0,0,"1	the	_	DT	DT	_	2	det	_	_
2	man	_	NN	NN	_	4	nsubj	_	_
3	be	_	VBZ	VBZ	_	4	cop	_	_
4	happy	_	JJ	JJ	_	0	root	_	_
5	because	_	IN	IN	_	8	mark	_	_
6	he	_	PRP	PRP	_	8	nsubj	_	_
7	just	_	RB	RB	_	8	advmod	_	_
8	make	_	VBD	VBD	_	4	advcl	_	_
9	a	_	DT	DT	_	10	det	_	_
10	commission	_	NN	NN	_	8	dobj	_	_
11	.	_	.	.	_	4	punct	_	_"
I14T-gNSC-p257-r1,This is a car salesman.,0,0,1,1,1,"1	this	_	DT	DT	_	5	nsubj	_	_
2	be	_	VBZ	VBZ	_	5	cop	_	_
3	a	_	DT	DT	_	5	det	_	_
4	car	_	NN	NN	_	5	nn	_	_
5	salesman	_	NN	NN	_	0	root	_	_
6	.	_	.	.	_	5	punct	_	_"
I14T-gNSC-p257-r2,This man will lend his car to a girl.,0,0,1,1,1,"1	this	_	DT	DT	_	2	det	_	_
2	man	_	NN	NN	_	4	nsubj	_	_
3	will	_	MD	MD	_	4	aux	_	_
4	lend	_	VB	VB	_	0	root	_	_
5	he	_	PRP$	PRP$	_	6	poss	_	_
6	car	_	NN	NN	_	4	dobj	_	_
7	to	_	TO	TO	_	0	erased	_	_
8	a	_	DT	DT	_	9	det	_	_
9	girl	_	NN	NN	_	4	prep_to	_	_
10	.	_	.	.	_	4	punct	_	_"
I14T-gNSC-p258-r1,The car salesman is chuckling how he has overcharged the customer for a junk car.,0,1,0,0,0,"1	the	_	DT	DT	_	3	det	_	_
2	car	_	NN	NN	_	3	nn	_	_
3	salesman	_	NN	NN	_	5	nsubj	_	_
4	be	_	VBZ	VBZ	_	5	aux	_	_
5	chuckle	_	VBG	VBG	_	0	root	_	_
6	how	_	WRB	WRB	_	9	advmod	_	_
7	he	_	PRP	PRP	_	9	nsubj	_	_
8	have	_	VBZ	VBZ	_	9	aux	_	_
9	overcharge	_	VBN	VBN	_	5	ccomp	_	_
10	the	_	DT	DT	_	11	det	_	_
11	customer	_	NN	NN	_	9	dobj	_	_
12	for	_	IN	IN	_	0	erased	_	_
13	a	_	DT	DT	_	15	det	_	_
14	junk	_	NN	NN	_	15	nn	_	_
15	car	_	NN	NN	_	11	prep_for	_	_
16	.	_	.	.	_	5	punct	_	_"
I14T-gNSC-p258-r2,The man is wondering if she really is the woman in one red shoe.,0,1,1,0,0,"1	the	_	DT	DT	_	2	det	_	_
2	man	_	NN	NN	_	4	nsubj	_	_
3	be	_	VBZ	VBZ	_	4	aux	_	_
4	wonder	_	VBG	VBG	_	0	root	_	_
5	if	_	IN	IN	_	10	mark	_	_
6	she	_	PRP	PRP	_	10	nsubj	_	_
7	really	_	RB	RB	_	10	advmod	_	_
8	be	_	VBZ	VBZ	_	10	cop	_	_
9	the	_	DT	DT	_	10	det	_	_
10	woman	_	NN	NN	_	4	advcl	_	_
11	in	_	IN	IN	_	0	erased	_	_
12	one	_	CD	CD	_	14	num	_	_
13	red	_	JJ	JJ	_	14	amod	_	_
14	shoe	_	NN	NN	_	10	prep_in	_	_
15	.	_	.	.	_	4	punct	_	_"
I14T-gNSC-p260-r1,who the hell knows,0,0,1,0,0,"1	who	_	WP	WP	_	3	det	_	_
2	the	_	DT	DT	_	3	det	_	_
3	hell	_	NN	NN	_	4	nsubj	_	_
4	know	_	VBZ	VBZ	_	0	root	_	_
5	.	_	.	.	_	4	punct	_	_"
I14T-gNSC-p261-r1,The man is selling a car to this woman. ,1,1,1,1,1,"1	the	_	DT	DT	_	2	det	_	_
2	man	_	NN	NN	_	4	nsubj	_	_
3	be	_	VBZ	VBZ	_	4	aux	_	_
4	sell	_	VBG	VBG	_	0	root	_	_
5	a	_	DT	DT	_	6	det	_	_
6	car	_	NN	NN	_	4	dobj	_	_
7	to	_	TO	TO	_	0	erased	_	_
8	this	_	DT	DT	_	9	det	_	_
9	woman	_	NN	NN	_	4	prep_to	_	_
10	.	_	.	.	_	4	punct	_	_"
I14T-gNSC-p261-r2,This man is renting this woman a car.,1,0,1,1,1,"1	this	_	DT	DT	_	2	det	_	_
2	man	_	NN	NN	_	4	nsubj	_	_
3	be	_	VBZ	VBZ	_	4	aux	_	_
4	rent	_	VBG	VBG	_	0	root	_	_
5	this	_	DT	DT	_	6	det	_	_
6	woman	_	NN	NN	_	4	iobj	_	_
7	a	_	DT	DT	_	8	det	_	_
8	car	_	NN	NN	_	6	dep	_	_
9	.	_	.	.	_	4	punct	_	_"
I14T-gNSC-p262-r1,This man is returning the car to a client after repairs have been done.,1,0,1,1,1,"1	this	_	DT	DT	_	2	det	_	_
2	man	_	NN	NN	_	4	nsubj	_	_
3	be	_	VBZ	VBZ	_	4	aux	_	_
4	return	_	VBG	VBG	_	0	root	_	_
5	the	_	DT	DT	_	6	det	_	_
6	car	_	NN	NN	_	4	dobj	_	_
7	to	_	TO	TO	_	0	erased	_	_
8	a	_	DT	DT	_	9	det	_	_
9	client	_	NN	NN	_	4	prep_to	_	_
10	after	_	IN	IN	_	14	mark	_	_
11	repair	_	NNS	NNS	_	14	nsubjpass	_	_
12	have	_	VBP	VBP	_	14	aux	_	_
13	be	_	VBN	VBN	_	14	auxpass	_	_
14	do	_	VBN	VBN	_	4	advcl	_	_
15	.	_	.	.	_	4	punct	_	_"
I14T-gNSC-p262-r2,"This man has just sold said car, and is exchanging keys for the purchase price ",1,0,1,1,1,"1	this	_	DT	DT	_	2	det	_	_
2	man	_	NN	NN	_	11	nsubj	_	_
3	have	_	VBZ	VBZ	_	5	aux	_	_
4	just	_	RB	RB	_	5	advmod	_	_
5	sell	_	VBN	VBN	_	2	rcmod	_	_
6	say	_	VBD	VBD	_	0	root	_	_
7	car	_	NN	NN	_	6	dobj	_	_
8	,	_	,	,	_	6	punct	_	_
9	and	_	CC	CC	_	0	erased	_	_
10	be	_	VBZ	VBZ	_	11	aux	_	_
11	exchange	_	VBG	VBG	_	6	conj_and	_	_
12	key	_	NNS	NNS	_	11	dobj	_	_
13	for	_	IN	IN	_	0	erased	_	_
14	the	_	DT	DT	_	16	det	_	_
15	purchase	_	NN	NN	_	16	nn	_	_
16	price	_	NN	NN	_	12	prep_for	_	_
17	.	_	.	.	_	6	punct	_	_"
I14T-gNSC-p263-r1,The man is handing the keys to a car to the woman.,0,1,1,1,1,"1	the	_	DT	DT	_	2	det	_	_
2	man	_	NN	NN	_	4	nsubj	_	_
3	be	_	VBZ	VBZ	_	4	aux	_	_
4	hand	_	VBG	VBG	_	0	root	_	_
5	the	_	DT	DT	_	6	det	_	_
6	key	_	NNS	NNS	_	4	dobj	_	_
7	to	_	TO	TO	_	0	erased	_	_
8	a	_	DT	DT	_	9	det	_	_
9	car	_	NN	NN	_	4	prep_to	_	_
10	to	_	TO	TO	_	0	erased	_	_
11	the	_	DT	DT	_	12	det	_	_
12	woman	_	NN	NN	_	9	prep_to	_	_
13	.	_	.	.	_	4	punct	_	_"
I14T-gNSC-p263-r2,The man is finishing up a car purchase with the woman. ,0,1,1,1,1,"1	the	_	DT	DT	_	2	det	_	_
2	man	_	NN	NN	_	4	nsubj	_	_
3	be	_	VBZ	VBZ	_	4	aux	_	_
4	finish	_	VBG	VBG	_	0	root	_	_
5	up	_	RP	RP	_	4	prt	_	_
6	a	_	DT	DT	_	8	det	_	_
7	car	_	NN	NN	_	8	nn	_	_
8	purchase	_	NN	NN	_	4	dobj	_	_
9	with	_	IN	IN	_	0	erased	_	_
10	the	_	DT	DT	_	11	det	_	_
11	woman	_	NN	NN	_	8	prep_with	_	_
12	.	_	.	.	_	4	punct	_	_"
I14T-gNSC-p264-r1,Renting the car to the woman.,1,1,1,1,1,"1	rent	_	VBG	VBG	_	0	root	_	_
2	the	_	DT	DT	_	3	det	_	_
3	car	_	NN	NN	_	1	dobj	_	_
4	to	_	TO	TO	_	0	erased	_	_
5	the	_	DT	DT	_	6	det	_	_
6	woman	_	NN	NN	_	1	prep_to	_	_
7	.	_	.	.	_	1	punct	_	_"
I14T-gNSC-p264-r2,The woman is renting a car from the man.,1,0,1,1,1,"1	the	_	DT	DT	_	2	det	_	_
2	woman	_	NN	NN	_	4	nsubj	_	_
3	be	_	VBZ	VBZ	_	4	aux	_	_
4	rent	_	VBG	VBG	_	0	root	_	_
5	a	_	DT	DT	_	6	det	_	_
6	car	_	NN	NN	_	4	dobj	_	_
7	from	_	IN	IN	_	0	erased	_	_
8	the	_	DT	DT	_	9	det	_	_
9	man	_	NN	NN	_	4	prep_from	_	_
10	.	_	.	.	_	4	punct	_	_"
I14T-gNSC-p270-r1,He is handing keys to a woman.,0,1,1,1,1,"1	he	_	PRP	PRP	_	3	nsubj	_	_
2	be	_	VBZ	VBZ	_	3	aux	_	_
3	hand	_	VBG	VBG	_	0	root	_	_
4	key	_	NNS	NNS	_	3	dobj	_	_
5	to	_	TO	TO	_	0	erased	_	_
6	a	_	DT	DT	_	7	det	_	_
7	woman	_	NN	NN	_	3	prep_to	_	_
8	.	_	.	.	_	3	punct	_	_"
I14T-gNSC-p270-r2,He is giving the car keys to his wife.,0,1,1,1,0,"1	he	_	PRP	PRP	_	3	nsubj	_	_
2	be	_	VBZ	VBZ	_	3	aux	_	_
3	give	_	VBG	VBG	_	0	root	_	_
4	the	_	DT	DT	_	5	det	_	_
5	car	_	NN	NN	_	3	iobj	_	_
6	key	_	NNS	NNS	_	3	dobj	_	_
7	to	_	TO	TO	_	0	erased	_	_
8	he	_	PRP$	PRP$	_	9	poss	_	_
9	wife	_	NN	NN	_	6	prep_to	_	_
10	.	_	.	.	_	3	punct	_	_"
I14T-gNSC-p271-r1,The man is selling a car. ,1,1,1,0,1,"1	the	_	DT	DT	_	2	det	_	_
2	man	_	NN	NN	_	4	nsubj	_	_
3	be	_	VBZ	VBZ	_	4	aux	_	_
4	sell	_	VBG	VBG	_	0	root	_	_
5	a	_	DT	DT	_	6	det	_	_
6	car	_	NN	NN	_	4	dobj	_	_
7	.	_	.	.	_	4	punct	_	_"
I14T-gNSC-p271-r2,The man is handing the woman the keys to her new car. ,0,1,1,1,1,"1	the	_	DT	DT	_	2	det	_	_
2	man	_	NN	NN	_	4	nsubj	_	_
3	be	_	VBZ	VBZ	_	4	aux	_	_
4	hand	_	VBG	VBG	_	0	root	_	_
5	the	_	DT	DT	_	6	det	_	_
6	woman	_	NN	NN	_	8	nsubj	_	_
7	the	_	DT	DT	_	8	det	_	_
8	key	_	NNS	NNS	_	4	xcomp	_	_
9	to	_	TO	TO	_	0	erased	_	_
10	she	_	PRP$	PRP$	_	12	poss	_	_
11	new	_	JJ	JJ	_	12	amod	_	_
12	car	_	NN	NN	_	8	prep_to	_	_
13	.	_	.	.	_	4	punct	_	_"
I14T-gNSC-p272-r1,Hffngg,0,0,0,0,0,"1	hffngg	_	VBG	VBG	_	0	root	_	_
2	.	_	.	.	_	1	punct	_	_"
I14T-gNSC-p272-r2,Fjfjf,0,0,0,0,0,"1	fjfjf	_	NN	NN	_	0	root	_	_
2	.	_	.	.	_	1	punct	_	_"
I14T-gNSC-p274-r1,The man just sold a car.,1,0,1,0,1,"1	the	_	DT	DT	_	2	det	_	_
2	man	_	NN	NN	_	4	nsubj	_	_
3	just	_	RB	RB	_	4	advmod	_	_
4	sell	_	VBD	VBD	_	0	root	_	_
5	a	_	DT	DT	_	6	det	_	_
6	car	_	NN	NN	_	4	dobj	_	_
7	.	_	.	.	_	4	punct	_	_"
I14T-gNSC-p274-r2,The man is giving the customer the keys to the car.,0,1,1,1,1,"1	the	_	DT	DT	_	2	det	_	_
2	man	_	NN	NN	_	4	nsubj	_	_
3	be	_	VBZ	VBZ	_	4	aux	_	_
4	give	_	VBG	VBG	_	0	root	_	_
5	the	_	DT	DT	_	6	det	_	_
6	customer	_	NN	NN	_	4	iobj	_	_
7	the	_	DT	DT	_	8	det	_	_
8	key	_	NNS	NNS	_	4	dobj	_	_
9	to	_	TO	TO	_	0	erased	_	_
10	the	_	DT	DT	_	11	det	_	_
11	car	_	NN	NN	_	8	prep_to	_	_
12	.	_	.	.	_	4	punct	_	_"
I14T-gNSC-p276-r1,He is giving the woman some keys,0,1,1,1,1,"1	he	_	PRP	PRP	_	3	nsubj	_	_
2	be	_	VBZ	VBZ	_	3	aux	_	_
3	give	_	VBG	VBG	_	0	root	_	_
4	the	_	DT	DT	_	5	det	_	_
5	woman	_	NN	NN	_	3	iobj	_	_
6	some	_	DT	DT	_	7	det	_	_
7	key	_	NNS	NNS	_	3	dobj	_	_
8	.	_	.	.	_	3	punct	_	_"
I14T-gNSC-p276-r2,The man is selling a car.,1,1,1,0,1,"1	the	_	DT	DT	_	2	det	_	_
2	man	_	NN	NN	_	4	nsubj	_	_
3	be	_	VBZ	VBZ	_	4	aux	_	_
4	sell	_	VBG	VBG	_	0	root	_	_
5	a	_	DT	DT	_	6	det	_	_
6	car	_	NN	NN	_	4	dobj	_	_
7	.	_	.	.	_	4	punct	_	_"
I14T-gNSC-p277-r1,The man is handing the woman keys.,0,1,1,1,1,"1	the	_	DT	DT	_	2	det	_	_
2	man	_	NN	NN	_	4	nsubj	_	_
3	be	_	VBZ	VBZ	_	4	aux	_	_
4	hand	_	VBG	VBG	_	0	root	_	_
5	the	_	DT	DT	_	7	det	_	_
6	woman	_	NN	NN	_	7	nn	_	_
7	key	_	NNS	NNS	_	4	dobj	_	_
8	.	_	.	.	_	4	punct	_	_"
I14T-gNSC-p277-r2,The man is releasing car keys in exchange for ransom.,0,1,1,0,0,"1	the	_	DT	DT	_	2	det	_	_
2	man	_	NN	NN	_	4	nsubj	_	_
3	be	_	VBZ	VBZ	_	4	aux	_	_
4	release	_	VBG	VBG	_	0	root	_	_
5	car	_	NN	NN	_	6	nn	_	_
6	key	_	NNS	NNS	_	4	dobj	_	_
7	in	_	IN	IN	_	0	erased	_	_
8	exchange	_	NN	NN	_	4	prep_in	_	_
9	for	_	IN	IN	_	0	erased	_	_
10	ransom	_	NN	NN	_	8	prep_for	_	_
11	.	_	.	.	_	4	punct	_	_"
I14T-gNSC-p282-r1,The man is selling a car.,1,1,1,0,1,"1	the	_	DT	DT	_	2	det	_	_
2	man	_	NN	NN	_	4	nsubj	_	_
3	be	_	VBZ	VBZ	_	4	aux	_	_
4	sell	_	VBG	VBG	_	0	root	_	_
5	a	_	DT	DT	_	6	det	_	_
6	car	_	NN	NN	_	4	dobj	_	_
7	.	_	.	.	_	4	punct	_	_"
I14T-gNSC-p282-r2,The man sold a car to the lady.,1,0,1,1,1,"1	the	_	DT	DT	_	2	det	_	_
2	man	_	NN	NN	_	3	nsubj	_	_
3	sell	_	VBD	VBD	_	0	root	_	_
4	a	_	DT	DT	_	5	det	_	_
5	car	_	NN	NN	_	3	dobj	_	_
6	to	_	TO	TO	_	0	erased	_	_
7	the	_	DT	DT	_	8	det	_	_
8	lady	_	NN	NN	_	3	prep_to	_	_
9	.	_	.	.	_	3	punct	_	_"
I14T-gNSF-p293-r1,The man sold the woman a car.,1,0,1,1,1,"1	the	_	DT	DT	_	2	det	_	_
2	man	_	NN	NN	_	3	nsubj	_	_
3	sell	_	VBD	VBD	_	0	root	_	_
4	the	_	DT	DT	_	5	det	_	_
5	woman	_	NN	NN	_	3	iobj	_	_
6	a	_	DT	DT	_	7	det	_	_
7	car	_	NN	NN	_	3	dobj	_	_
8	.	_	.	.	_	3	punct	_	_"
I14T-gNSF-p293-r2,He is handing the woman car keys.,0,1,1,1,1,"1	he	_	PRP	PRP	_	3	nsubj	_	_
2	be	_	VBZ	VBZ	_	3	aux	_	_
3	hand	_	VBG	VBG	_	0	root	_	_
4	the	_	DT	DT	_	7	det	_	_
5	woman	_	NN	NN	_	7	nn	_	_
6	car	_	NN	NN	_	7	nn	_	_
7	key	_	NNS	NNS	_	3	dobj	_	_
8	.	_	.	.	_	3	punct	_	_"
I14T-gNSF-p299-r1,The man is buying a car.,0,1,1,0,0,"1	the	_	DT	DT	_	2	det	_	_
2	man	_	NN	NN	_	4	nsubj	_	_
3	be	_	VBZ	VBZ	_	4	aux	_	_
4	buy	_	VBG	VBG	_	0	root	_	_
5	a	_	DT	DT	_	6	det	_	_
6	car	_	NN	NN	_	4	dobj	_	_
7	.	_	.	.	_	4	punct	_	_"
I14T-gNSF-p299-r2,The man is selling a car.,1,1,1,0,1,"1	the	_	DT	DT	_	2	det	_	_
2	man	_	NN	NN	_	4	nsubj	_	_
3	be	_	VBZ	VBZ	_	4	aux	_	_
4	sell	_	VBG	VBG	_	0	root	_	_
5	a	_	DT	DT	_	6	det	_	_
6	car	_	NN	NN	_	4	dobj	_	_
7	.	_	.	.	_	4	punct	_	_"
I14T-gNSF-p301-r1,The man is selling the car to the lady.,1,1,1,1,1,"1	the	_	DT	DT	_	2	det	_	_
2	man	_	NN	NN	_	4	nsubj	_	_
3	be	_	VBZ	VBZ	_	4	aux	_	_
4	sell	_	VBG	VBG	_	0	root	_	_
5	the	_	DT	DT	_	6	det	_	_
6	car	_	NN	NN	_	4	dobj	_	_
7	to	_	TO	TO	_	0	erased	_	_
8	the	_	DT	DT	_	9	det	_	_
9	lady	_	NN	NN	_	4	prep_to	_	_
10	.	_	.	.	_	4	punct	_	_"
I14T-gNSF-p301-r2,The man is selling a lemon.,0,1,1,0,1,"1	the	_	DT	DT	_	2	det	_	_
2	man	_	NN	NN	_	4	nsubj	_	_
3	be	_	VBZ	VBZ	_	4	aux	_	_
4	sell	_	VBG	VBG	_	0	root	_	_
5	a	_	DT	DT	_	6	det	_	_
6	lemon	_	JJ	JJ	_	4	dobj	_	_
7	.	_	.	.	_	4	punct	_	_"
I14T-gNSF-p302-r1,The man is selling the woman a car.,1,1,1,1,1,"1	the	_	DT	DT	_	2	det	_	_
2	man	_	NN	NN	_	4	nsubj	_	_
3	be	_	VBZ	VBZ	_	4	aux	_	_
4	sell	_	VBG	VBG	_	0	root	_	_
5	the	_	DT	DT	_	6	det	_	_
6	woman	_	NN	NN	_	4	iobj	_	_
7	a	_	DT	DT	_	8	det	_	_
8	car	_	NN	NN	_	6	dep	_	_
9	.	_	.	.	_	4	punct	_	_"
I14T-gNSF-p302-r2,He is giving the keys to the car the woman just bought.,1,1,0,1,1,"1	he	_	PRP	PRP	_	3	nsubj	_	_
2	be	_	VBZ	VBZ	_	3	aux	_	_
3	give	_	VBG	VBG	_	0	root	_	_
4	the	_	DT	DT	_	5	det	_	_
5	key	_	NNS	NNS	_	3	dobj	_	_
6	to	_	TO	TO	_	0	erased	_	_
7	the	_	DT	DT	_	8	det	_	_
8	car	_	NN	NN	_	3	prep_to	_	_
9	the	_	DT	DT	_	10	det	_	_
10	woman	_	NN	NN	_	11	npadvmod	_	_
11	just	_	RB	RB	_	12	advmod	_	_
12	buy	_	VBN	VBN	_	8	partmod	_	_
13	.	_	.	.	_	3	punct	_	_"
I14T-gNSF-p303-r1,The man is selling the woman a red car.,1,1,1,1,1,"1	the	_	DT	DT	_	2	det	_	_
2	man	_	NN	NN	_	4	nsubj	_	_
3	be	_	VBZ	VBZ	_	4	aux	_	_
4	sell	_	VBG	VBG	_	0	root	_	_
5	the	_	DT	DT	_	6	det	_	_
6	woman	_	NN	NN	_	4	iobj	_	_
7	a	_	DT	DT	_	9	det	_	_
8	red	_	JJ	JJ	_	9	amod	_	_
9	car	_	NN	NN	_	6	dep	_	_
10	.	_	.	.	_	4	punct	_	_"
I14T-gNSF-p303-r2,The man is handing the keys over to the woman.,0,1,1,1,1,"1	the	_	DT	DT	_	2	det	_	_
2	man	_	NN	NN	_	4	nsubj	_	_
3	be	_	VBZ	VBZ	_	4	aux	_	_
4	hand	_	VBG	VBG	_	0	root	_	_
5	the	_	DT	DT	_	6	det	_	_
6	key	_	NNS	NNS	_	4	dobj	_	_
7	over	_	IN	IN	_	4	prep	_	_
8	to	_	TO	TO	_	7	pcomp	_	_
9	the	_	DT	DT	_	10	det	_	_
10	woman	_	NN	NN	_	7	prep_to	_	_
11	.	_	.	.	_	4	punct	_	_"
I14T-gNSF-p306-r1,The man just sold the car.,1,1,1,0,1,"1	the	_	DT	DT	_	2	det	_	_
2	man	_	NN	NN	_	4	nsubj	_	_
3	just	_	RB	RB	_	4	advmod	_	_
4	sell	_	VBD	VBD	_	0	root	_	_
5	the	_	DT	DT	_	6	det	_	_
6	car	_	NN	NN	_	4	dobj	_	_
7	.	_	.	.	_	4	punct	_	_"
I14T-gNSF-p306-r2,He is handing her the keys.,0,1,1,1,1,"1	he	_	PRP	PRP	_	3	nsubj	_	_
2	be	_	VBZ	VBZ	_	3	aux	_	_
3	hand	_	VBG	VBG	_	0	root	_	_
4	she	_	PRP	PRP	_	6	nsubj	_	_
5	the	_	DT	DT	_	6	det	_	_
6	key	_	NNS	NNS	_	3	xcomp	_	_
7	.	_	.	.	_	3	punct	_	_"
I14T-gNSF-p495-r1,The man is selling a car.,1,1,1,0,1,"1	the	_	DT	DT	_	2	det	_	_
2	man	_	NN	NN	_	4	nsubj	_	_
3	be	_	VBZ	VBZ	_	4	aux	_	_
4	sell	_	VBG	VBG	_	0	root	_	_
5	a	_	DT	DT	_	6	det	_	_
6	car	_	NN	NN	_	4	dobj	_	_
7	.	_	.	.	_	4	punct	_	_"
I14T-gNSF-p495-r2,He is giving keys to a woman.,0,1,1,1,1,"1	he	_	PRP	PRP	_	3	nsubj	_	_
2	be	_	VBZ	VBZ	_	3	aux	_	_
3	give	_	VBG	VBG	_	0	root	_	_
4	key	_	NNS	NNS	_	3	dobj	_	_
5	to	_	TO	TO	_	0	erased	_	_
6	a	_	DT	DT	_	7	det	_	_
7	woman	_	NN	NN	_	3	prep_to	_	_
8	.	_	.	.	_	3	punct	_	_"
I14T-gNSF-p496-r1,The man is selling the lesbian a car.,1,1,1,1,0,"1	the	_	DT	DT	_	2	det	_	_
2	man	_	NN	NN	_	4	nsubj	_	_
3	be	_	VBZ	VBZ	_	4	aux	_	_
4	sell	_	VBG	VBG	_	0	root	_	_
5	the	_	DT	DT	_	6	det	_	_
6	lesbian	_	NN	NN	_	4	iobj	_	_
7	a	_	DT	DT	_	8	det	_	_
8	car	_	NN	NN	_	6	dep	_	_
9	.	_	.	.	_	4	punct	_	_"
I14T-gNSF-p496-r2,He is selling the car for too much money by blackmailing the woman with the photos in the folder.,1,1,1,0,0,"1	he	_	PRP	PRP	_	3	nsubj	_	_
2	be	_	VBZ	VBZ	_	3	aux	_	_
3	sell	_	VBG	VBG	_	0	root	_	_
4	the	_	DT	DT	_	5	det	_	_
5	car	_	NN	NN	_	3	dobj	_	_
6	for	_	IN	IN	_	0	erased	_	_
7	too	_	RB	RB	_	8	advmod	_	_
8	much	_	JJ	JJ	_	9	amod	_	_
9	money	_	NN	NN	_	5	prep_for	_	_
10	by	_	IN	IN	_	0	erased	_	_
11	blackmail	_	VBG	VBG	_	3	prepc_by	_	_
12	the	_	DT	DT	_	13	det	_	_
13	woman	_	NN	NN	_	11	dobj	_	_
14	with	_	IN	IN	_	0	erased	_	_
15	the	_	DT	DT	_	16	det	_	_
16	photo	_	NNS	NNS	_	11	prep_with	_	_
17	in	_	IN	IN	_	0	erased	_	_
18	the	_	DT	DT	_	19	det	_	_
19	folder	_	NN	NN	_	16	prep_in	_	_
20	.	_	.	.	_	3	punct	_	_"
I14T-gNSF-p497-r1,He's selling a car.,1,1,1,0,1,"1	he	_	PRP	PRP	_	3	nsubj	_	_
2	be	_	VBZ	VBZ	_	3	aux	_	_
3	sell	_	VBG	VBG	_	0	root	_	_
4	a	_	DT	DT	_	5	det	_	_
5	car	_	NN	NN	_	3	dobj	_	_
6	.	_	.	.	_	3	punct	_	_"
I14T-gNSF-p497-r2,He's handing over the car keys.,0,1,1,1,1,"1	he	_	PRP	PRP	_	3	nsubj	_	_
2	be	_	VBZ	VBZ	_	3	aux	_	_
3	hand	_	VBG	VBG	_	0	root	_	_
4	over	_	IN	IN	_	0	erased	_	_
5	the	_	DT	DT	_	7	det	_	_
6	car	_	NN	NN	_	7	nn	_	_
7	key	_	NNS	NNS	_	3	prep_over	_	_
8	.	_	.	.	_	3	punct	_	_"
