ResponseID,Response,Core,Answer,Gramm,Interp,Verif,parse,ldh,xdh,xdx
I08T-gNSC-p152-r1,The waiter appears to be presenting a large cooked bird to a solitary diner,1,1,1,1,1,"1	the	_	DT	DT	_	2	det	_	_
2	waiter	_	NN	NN	_	6	xsubj	_	_
3	appear	_	VBZ	VBZ	_	0	root	_	_
4	to	_	TO	TO	_	6	aux	_	_
5	be	_	VB	VB	_	6	aux	_	_
6	present	_	VBG	VBG	_	3	xcomp	_	_
7	a	_	DT	DT	_	10	det	_	_
8	large	_	JJ	JJ	_	10	amod	_	_
9	cook	_	JJ	JJ	_	10	amod	_	_
10	bird	_	NN	NN	_	6	dobj	_	_
11	to	_	TO	TO	_	0	erased	_	_
12	a	_	DT	DT	_	14	det	_	_
13	solitary	_	JJ	JJ	_	14	amod	_	_
14	diner	_	NN	NN	_	6	prep_to	_	_
15	.	_	.	.	_	3	punct	_	_","['det$@%the$@%waiter', 'xsubj$@%waiter$@%present', 'root$@%appear$@%VROOT', 'aux$@%to$@%present', 'aux$@%be$@%present', 'xcomp$@%present$@%appear', 'det$@%a$@%bird', 'amod$@%large$@%bird', 'amod$@%cook$@%bird', 'dobj$@%bird$@%present', 'erased$@%to$@%WORDERASED', 'det$@%a$@%diner', 'amod$@%solitary$@%diner', 'prep_to$@%diner$@%present', 'punct$@%.$@%appear']","['x$@%the$@%waiter', 'x$@%waiter$@%present', 'x$@%appear$@%VROOT', 'x$@%to$@%present', 'x$@%be$@%present', 'x$@%present$@%appear', 'x$@%a$@%bird', 'x$@%large$@%bird', 'x$@%cook$@%bird', 'x$@%bird$@%present', 'x$@%to$@%WORDERASED', 'x$@%a$@%diner', 'x$@%solitary$@%diner', 'x$@%diner$@%present', 'x$@%.$@%appear']","['x$@%the$@%x', 'x$@%waiter$@%x', 'x$@%appear$@%x', 'x$@%to$@%x', 'x$@%be$@%x', 'x$@%present$@%x', 'x$@%a$@%x', 'x$@%large$@%x', 'x$@%cook$@%x', 'x$@%bird$@%x', 'x$@%to$@%x', 'x$@%a$@%x', 'x$@%solitary$@%x', 'x$@%diner$@%x', 'x$@%.$@%x']"
I08T-gNSC-p159-r1,The waiter is presenting a meal to a customer.,1,1,1,1,1,"1	the	_	DT	DT	_	2	det	_	_
2	waiter	_	NN	NN	_	4	nsubj	_	_
3	be	_	VBZ	VBZ	_	4	aux	_	_
4	present	_	VBG	VBG	_	0	root	_	_
5	a	_	DT	DT	_	6	det	_	_
6	meal	_	NN	NN	_	4	dobj	_	_
7	to	_	TO	TO	_	0	erased	_	_
8	a	_	DT	DT	_	9	det	_	_
9	customer	_	NN	NN	_	4	prep_to	_	_
10	.	_	.	.	_	4	punct	_	_","['det$@%the$@%waiter', 'nsubj$@%waiter$@%present', 'aux$@%be$@%present', 'root$@%present$@%VROOT', 'det$@%a$@%meal', 'dobj$@%meal$@%present', 'erased$@%to$@%WORDERASED', 'det$@%a$@%customer', 'prep_to$@%customer$@%present', 'punct$@%.$@%present']","['x$@%the$@%waiter', 'x$@%waiter$@%present', 'x$@%be$@%present', 'x$@%present$@%VROOT', 'x$@%a$@%meal', 'x$@%meal$@%present', 'x$@%to$@%WORDERASED', 'x$@%a$@%customer', 'x$@%customer$@%present', 'x$@%.$@%present']","['x$@%the$@%x', 'x$@%waiter$@%x', 'x$@%be$@%x', 'x$@%present$@%x', 'x$@%a$@%x', 'x$@%meal$@%x', 'x$@%to$@%x', 'x$@%a$@%x', 'x$@%customer$@%x', 'x$@%.$@%x']"
I08T-gNSC-p163-r1,Placing the turkey on the table,1,1,1,1,1,"1	place	_	VBG	VBG	_	0	root	_	_
2	the	_	DT	DT	_	3	det	_	_
3	turkey	_	NN	NN	_	1	dobj	_	_
4	on	_	IN	IN	_	0	erased	_	_
5	the	_	DT	DT	_	6	det	_	_
6	table	_	NN	NN	_	1	prep_on	_	_
7	.	_	.	.	_	1	punct	_	_","['root$@%place$@%VROOT', 'det$@%the$@%turkey', 'dobj$@%turkey$@%place', 'erased$@%on$@%WORDERASED', 'det$@%the$@%table', 'prep_on$@%table$@%place', 'punct$@%.$@%place']","['x$@%place$@%VROOT', 'x$@%the$@%turkey', 'x$@%turkey$@%place', 'x$@%on$@%WORDERASED', 'x$@%the$@%table', 'x$@%table$@%place', 'x$@%.$@%place']","['x$@%place$@%x', 'x$@%the$@%x', 'x$@%turkey$@%x', 'x$@%on$@%x', 'x$@%the$@%x', 'x$@%table$@%x', 'x$@%.$@%x']"
I08T-gNSC-p168-r1,The waiter is presenting an enormous amount of food for the single woman.,1,1,1,1,1,"1	the	_	DT	DT	_	2	det	_	_
2	waiter	_	NN	NN	_	4	nsubj	_	_
3	be	_	VBZ	VBZ	_	4	aux	_	_
4	present	_	VBG	VBG	_	0	root	_	_
5	a	_	DT	DT	_	7	det	_	_
6	enormous	_	JJ	JJ	_	7	amod	_	_
7	amount	_	NN	NN	_	4	dobj	_	_
8	of	_	IN	IN	_	0	erased	_	_
9	food	_	NN	NN	_	7	prep_of	_	_
10	for	_	IN	IN	_	0	erased	_	_
11	the	_	DT	DT	_	13	det	_	_
12	single	_	JJ	JJ	_	13	amod	_	_
13	woman	_	NN	NN	_	9	prep_for	_	_
14	.	_	.	.	_	4	punct	_	_","['det$@%the$@%waiter', 'nsubj$@%waiter$@%present', 'aux$@%be$@%present', 'root$@%present$@%VROOT', 'det$@%a$@%amount', 'amod$@%enormous$@%amount', 'dobj$@%amount$@%present', 'erased$@%of$@%WORDERASED', 'prep_of$@%food$@%amount', 'erased$@%for$@%WORDERASED', 'det$@%the$@%woman', 'amod$@%single$@%woman', 'prep_for$@%woman$@%food', 'punct$@%.$@%present']","['x$@%the$@%waiter', 'x$@%waiter$@%present', 'x$@%be$@%present', 'x$@%present$@%VROOT', 'x$@%a$@%amount', 'x$@%enormous$@%amount', 'x$@%amount$@%present', 'x$@%of$@%WORDERASED', 'x$@%food$@%amount', 'x$@%for$@%WORDERASED', 'x$@%the$@%woman', 'x$@%single$@%woman', 'x$@%woman$@%food', 'x$@%.$@%present']","['x$@%the$@%x', 'x$@%waiter$@%x', 'x$@%be$@%x', 'x$@%present$@%x', 'x$@%a$@%x', 'x$@%enormous$@%x', 'x$@%amount$@%x', 'x$@%of$@%x', 'x$@%food$@%x', 'x$@%for$@%x', 'x$@%the$@%x', 'x$@%single$@%x', 'x$@%woman$@%x', 'x$@%.$@%x']"
I08T-gNSC-p169-r1,the waiter is serving dinner,1,1,1,1,1,"1	the	_	DT	DT	_	2	det	_	_
2	waiter	_	NN	NN	_	4	nsubj	_	_
3	be	_	VBZ	VBZ	_	4	aux	_	_
4	serve	_	VBG	VBG	_	0	root	_	_
5	dinner	_	NN	NN	_	4	dobj	_	_
6	.	_	.	.	_	4	punct	_	_","['det$@%the$@%waiter', 'nsubj$@%waiter$@%serve', 'aux$@%be$@%serve', 'root$@%serve$@%VROOT', 'dobj$@%dinner$@%serve', 'punct$@%.$@%serve']","['x$@%the$@%waiter', 'x$@%waiter$@%serve', 'x$@%be$@%serve', 'x$@%serve$@%VROOT', 'x$@%dinner$@%serve', 'x$@%.$@%serve']","['x$@%the$@%x', 'x$@%waiter$@%x', 'x$@%be$@%x', 'x$@%serve$@%x', 'x$@%dinner$@%x', 'x$@%.$@%x']"
I08T-gNSC-p170-r1,The waiter is holding a tray,0,1,1,1,1,"1	the	_	DT	DT	_	2	det	_	_
2	waiter	_	NN	NN	_	4	nsubj	_	_
3	be	_	VBZ	VBZ	_	4	aux	_	_
4	hold	_	VBG	VBG	_	0	root	_	_
5	a	_	DT	DT	_	6	det	_	_
6	tray	_	NN	NN	_	4	dobj	_	_
7	.	_	.	.	_	4	punct	_	_","['det$@%the$@%waiter', 'nsubj$@%waiter$@%hold', 'aux$@%be$@%hold', 'root$@%hold$@%VROOT', 'det$@%a$@%tray', 'dobj$@%tray$@%hold', 'punct$@%.$@%hold']","['x$@%the$@%waiter', 'x$@%waiter$@%hold', 'x$@%be$@%hold', 'x$@%hold$@%VROOT', 'x$@%a$@%tray', 'x$@%tray$@%hold', 'x$@%.$@%hold']","['x$@%the$@%x', 'x$@%waiter$@%x', 'x$@%be$@%x', 'x$@%hold$@%x', 'x$@%a$@%x', 'x$@%tray$@%x', 'x$@%.$@%x']"
I08T-gNSC-p172-r1,food ,0,0,0,0,0,"1	food	_	NN	NN	_	0	root	_	_
2	.	_	.	.	_	1	punct	_	_","['root$@%food$@%VROOT', 'punct$@%.$@%food']","['x$@%food$@%VROOT', 'x$@%.$@%food']","['x$@%food$@%x', 'x$@%.$@%x']"
I08T-gNSC-p173-r1,He's serving an entire turkey to the lady.,1,1,1,1,1,"1	he	_	PRP	PRP	_	3	nsubj	_	_
2	be	_	VBZ	VBZ	_	3	aux	_	_
3	serve	_	VBG	VBG	_	0	root	_	_
4	a	_	DT	DT	_	6	det	_	_
5	entire	_	JJ	JJ	_	6	amod	_	_
6	turkey	_	NN	NN	_	3	dobj	_	_
7	to	_	TO	TO	_	0	erased	_	_
8	the	_	DT	DT	_	9	det	_	_
9	lady	_	NN	NN	_	3	prep_to	_	_
10	.	_	.	.	_	3	punct	_	_","['nsubj$@%he$@%serve', 'aux$@%be$@%serve', 'root$@%serve$@%VROOT', 'det$@%a$@%turkey', 'amod$@%entire$@%turkey', 'dobj$@%turkey$@%serve', 'erased$@%to$@%WORDERASED', 'det$@%the$@%lady', 'prep_to$@%lady$@%serve', 'punct$@%.$@%serve']","['x$@%he$@%serve', 'x$@%be$@%serve', 'x$@%serve$@%VROOT', 'x$@%a$@%turkey', 'x$@%entire$@%turkey', 'x$@%turkey$@%serve', 'x$@%to$@%WORDERASED', 'x$@%the$@%lady', 'x$@%lady$@%serve', 'x$@%.$@%serve']","['x$@%he$@%x', 'x$@%be$@%x', 'x$@%serve$@%x', 'x$@%a$@%x', 'x$@%entire$@%x', 'x$@%turkey$@%x', 'x$@%to$@%x', 'x$@%the$@%x', 'x$@%lady$@%x', 'x$@%.$@%x']"
I08T-gNSC-p174-r1,He is delivering and serving food to the customer.,1,1,1,1,1,"1	he	_	PRP	PRP	_	5	nsubj	_	_
2	be	_	VBZ	VBZ	_	3	aux	_	_
3	deliver	_	VBG	VBG	_	0	root	_	_
4	and	_	CC	CC	_	0	erased	_	_
5	serve	_	VBG	VBG	_	3	conj_and	_	_
6	food	_	NN	NN	_	3	dobj	_	_
7	to	_	TO	TO	_	0	erased	_	_
8	the	_	DT	DT	_	9	det	_	_
9	customer	_	NN	NN	_	6	prep_to	_	_
10	.	_	.	.	_	3	punct	_	_","['nsubj$@%he$@%serve', 'aux$@%be$@%deliver', 'root$@%deliver$@%VROOT', 'erased$@%and$@%WORDERASED', 'conj_and$@%serve$@%deliver', 'dobj$@%food$@%deliver', 'erased$@%to$@%WORDERASED', 'det$@%the$@%customer', 'prep_to$@%customer$@%food', 'punct$@%.$@%deliver']","['x$@%he$@%serve', 'x$@%be$@%deliver', 'x$@%deliver$@%VROOT', 'x$@%and$@%WORDERASED', 'x$@%serve$@%deliver', 'x$@%food$@%deliver', 'x$@%to$@%WORDERASED', 'x$@%the$@%customer', 'x$@%customer$@%food', 'x$@%.$@%deliver']","['x$@%he$@%x', 'x$@%be$@%x', 'x$@%deliver$@%x', 'x$@%and$@%x', 'x$@%serve$@%x', 'x$@%food$@%x', 'x$@%to$@%x', 'x$@%the$@%x', 'x$@%customer$@%x', 'x$@%.$@%x']"
I08T-gNSC-p175-r1,The waiter is serving food to the lady.,1,1,1,1,1,"1	the	_	DT	DT	_	2	det	_	_
2	waiter	_	NN	NN	_	4	nsubj	_	_
3	be	_	VBZ	VBZ	_	4	aux	_	_
4	serve	_	VBG	VBG	_	0	root	_	_
5	food	_	NN	NN	_	4	dobj	_	_
6	to	_	TO	TO	_	0	erased	_	_
7	the	_	DT	DT	_	8	det	_	_
8	lady	_	NN	NN	_	4	prep_to	_	_
9	.	_	.	.	_	4	punct	_	_","['det$@%the$@%waiter', 'nsubj$@%waiter$@%serve', 'aux$@%be$@%serve', 'root$@%serve$@%VROOT', 'dobj$@%food$@%serve', 'erased$@%to$@%WORDERASED', 'det$@%the$@%lady', 'prep_to$@%lady$@%serve', 'punct$@%.$@%serve']","['x$@%the$@%waiter', 'x$@%waiter$@%serve', 'x$@%be$@%serve', 'x$@%serve$@%VROOT', 'x$@%food$@%serve', 'x$@%to$@%WORDERASED', 'x$@%the$@%lady', 'x$@%lady$@%serve', 'x$@%.$@%serve']","['x$@%the$@%x', 'x$@%waiter$@%x', 'x$@%be$@%x', 'x$@%serve$@%x', 'x$@%food$@%x', 'x$@%to$@%x', 'x$@%the$@%x', 'x$@%lady$@%x', 'x$@%.$@%x']"
I08T-gNSC-p176-r1,Delivering food,1,1,1,1,1,"1	deliver	_	VBG	VBG	_	0	root	_	_
2	food	_	NN	NN	_	1	dobj	_	_
3	.	_	.	.	_	1	punct	_	_","['root$@%deliver$@%VROOT', 'dobj$@%food$@%deliver', 'punct$@%.$@%deliver']","['x$@%deliver$@%VROOT', 'x$@%food$@%deliver', 'x$@%.$@%deliver']","['x$@%deliver$@%x', 'x$@%food$@%x', 'x$@%.$@%x']"
I08T-gNSC-p177-r1,The waiter is serving the woman food.,1,1,1,1,1,"1	the	_	DT	DT	_	2	det	_	_
2	waiter	_	NN	NN	_	4	nsubj	_	_
3	be	_	VBZ	VBZ	_	4	aux	_	_
4	serve	_	VBG	VBG	_	0	root	_	_
5	the	_	DT	DT	_	7	det	_	_
6	woman	_	NN	NN	_	7	nn	_	_
7	food	_	NN	NN	_	4	dobj	_	_
8	.	_	.	.	_	4	punct	_	_","['det$@%the$@%waiter', 'nsubj$@%waiter$@%serve', 'aux$@%be$@%serve', 'root$@%serve$@%VROOT', 'det$@%the$@%food', 'nn$@%woman$@%food', 'dobj$@%food$@%serve', 'punct$@%.$@%serve']","['x$@%the$@%waiter', 'x$@%waiter$@%serve', 'x$@%be$@%serve', 'x$@%serve$@%VROOT', 'x$@%the$@%food', 'x$@%woman$@%food', 'x$@%food$@%serve', 'x$@%.$@%serve']","['x$@%the$@%x', 'x$@%waiter$@%x', 'x$@%be$@%x', 'x$@%serve$@%x', 'x$@%the$@%x', 'x$@%woman$@%x', 'x$@%food$@%x', 'x$@%.$@%x']"
I08T-gNSC-p181-r1,undressing the woman with his beady eyes,0,1,1,0,0,"1	undress	_	VBG	VBG	_	0	root	_	_
2	the	_	DT	DT	_	3	det	_	_
3	woman	_	NN	NN	_	1	dobj	_	_
4	with	_	IN	IN	_	0	erased	_	_
5	he	_	PRP$	PRP$	_	7	poss	_	_
6	beady	_	JJ	JJ	_	7	amod	_	_
7	eye	_	NNS	NNS	_	1	prep_with	_	_
8	.	_	.	.	_	1	punct	_	_","['root$@%undress$@%VROOT', 'det$@%the$@%woman', 'dobj$@%woman$@%undress', 'erased$@%with$@%WORDERASED', 'poss$@%he$@%eye', 'amod$@%beady$@%eye', 'prep_with$@%eye$@%undress', 'punct$@%.$@%undress']","['x$@%undress$@%VROOT', 'x$@%the$@%woman', 'x$@%woman$@%undress', 'x$@%with$@%WORDERASED', 'x$@%he$@%eye', 'x$@%beady$@%eye', 'x$@%eye$@%undress', 'x$@%.$@%undress']","['x$@%undress$@%x', 'x$@%the$@%x', 'x$@%woman$@%x', 'x$@%with$@%x', 'x$@%he$@%x', 'x$@%beady$@%x', 'x$@%eye$@%x', 'x$@%.$@%x']"
I08T-gNSC-p187-r1,He's serving a roast chicken.,1,1,1,1,1,"1	he	_	PRP	PRP	_	3	nsubj	_	_
2	be	_	VBZ	VBZ	_	3	aux	_	_
3	serve	_	VBG	VBG	_	0	root	_	_
4	a	_	DT	DT	_	6	det	_	_
5	roast	_	NN	NN	_	6	nn	_	_
6	chicken	_	NN	NN	_	3	dobj	_	_
7	.	_	.	.	_	3	punct	_	_","['nsubj$@%he$@%serve', 'aux$@%be$@%serve', 'root$@%serve$@%VROOT', 'det$@%a$@%chicken', 'nn$@%roast$@%chicken', 'dobj$@%chicken$@%serve', 'punct$@%.$@%serve']","['x$@%he$@%serve', 'x$@%be$@%serve', 'x$@%serve$@%VROOT', 'x$@%a$@%chicken', 'x$@%roast$@%chicken', 'x$@%chicken$@%serve', 'x$@%.$@%serve']","['x$@%he$@%x', 'x$@%be$@%x', 'x$@%serve$@%x', 'x$@%a$@%x', 'x$@%roast$@%x', 'x$@%chicken$@%x', 'x$@%.$@%x']"
I08T-gNSC-p190-r1,The waiter is serving dinner.,1,1,1,1,1,"1	the	_	DT	DT	_	2	det	_	_
2	waiter	_	NN	NN	_	4	nsubj	_	_
3	be	_	VBZ	VBZ	_	4	aux	_	_
4	serve	_	VBG	VBG	_	0	root	_	_
5	dinner	_	NN	NN	_	4	dobj	_	_
6	.	_	.	.	_	4	punct	_	_","['det$@%the$@%waiter', 'nsubj$@%waiter$@%serve', 'aux$@%be$@%serve', 'root$@%serve$@%VROOT', 'dobj$@%dinner$@%serve', 'punct$@%.$@%serve']","['x$@%the$@%waiter', 'x$@%waiter$@%serve', 'x$@%be$@%serve', 'x$@%serve$@%VROOT', 'x$@%dinner$@%serve', 'x$@%.$@%serve']","['x$@%the$@%x', 'x$@%waiter$@%x', 'x$@%be$@%x', 'x$@%serve$@%x', 'x$@%dinner$@%x', 'x$@%.$@%x']"
I08T-gNSC-p192-r1,The waiter is delivering a fowl to the lady.,1,1,1,1,1,"1	the	_	DT	DT	_	2	det	_	_
2	waiter	_	NN	NN	_	4	nsubj	_	_
3	be	_	VBZ	VBZ	_	4	aux	_	_
4	deliver	_	VBG	VBG	_	0	root	_	_
5	a	_	DT	DT	_	6	det	_	_
6	fowl	_	NN	NN	_	4	dobj	_	_
7	to	_	TO	TO	_	0	erased	_	_
8	the	_	DT	DT	_	9	det	_	_
9	lady	_	NN	NN	_	4	prep_to	_	_
10	.	_	.	.	_	4	punct	_	_","['det$@%the$@%waiter', 'nsubj$@%waiter$@%deliver', 'aux$@%be$@%deliver', 'root$@%deliver$@%VROOT', 'det$@%a$@%fowl', 'dobj$@%fowl$@%deliver', 'erased$@%to$@%WORDERASED', 'det$@%the$@%lady', 'prep_to$@%lady$@%deliver', 'punct$@%.$@%deliver']","['x$@%the$@%waiter', 'x$@%waiter$@%deliver', 'x$@%be$@%deliver', 'x$@%deliver$@%VROOT', 'x$@%a$@%fowl', 'x$@%fowl$@%deliver', 'x$@%to$@%WORDERASED', 'x$@%the$@%lady', 'x$@%lady$@%deliver', 'x$@%.$@%deliver']","['x$@%the$@%x', 'x$@%waiter$@%x', 'x$@%be$@%x', 'x$@%deliver$@%x', 'x$@%a$@%x', 'x$@%fowl$@%x', 'x$@%to$@%x', 'x$@%the$@%x', 'x$@%lady$@%x', 'x$@%.$@%x']"
I08T-gNSC-p199-r1,The waiter is delivering the woman food.,1,1,1,1,1,"1	the	_	DT	DT	_	2	det	_	_
2	waiter	_	NN	NN	_	4	nsubj	_	_
3	be	_	VBZ	VBZ	_	4	aux	_	_
4	deliver	_	VBG	VBG	_	0	root	_	_
5	the	_	DT	DT	_	7	det	_	_
6	woman	_	NN	NN	_	7	nn	_	_
7	food	_	NN	NN	_	4	dobj	_	_
8	.	_	.	.	_	4	punct	_	_","['det$@%the$@%waiter', 'nsubj$@%waiter$@%deliver', 'aux$@%be$@%deliver', 'root$@%deliver$@%VROOT', 'det$@%the$@%food', 'nn$@%woman$@%food', 'dobj$@%food$@%deliver', 'punct$@%.$@%deliver']","['x$@%the$@%waiter', 'x$@%waiter$@%deliver', 'x$@%be$@%deliver', 'x$@%deliver$@%VROOT', 'x$@%the$@%food', 'x$@%woman$@%food', 'x$@%food$@%deliver', 'x$@%.$@%deliver']","['x$@%the$@%x', 'x$@%waiter$@%x', 'x$@%be$@%x', 'x$@%deliver$@%x', 'x$@%the$@%x', 'x$@%woman$@%x', 'x$@%food$@%x', 'x$@%.$@%x']"
I08T-gNSC-p202-r1,The waiter is serving his customer.,1,1,1,1,1,"1	the	_	DT	DT	_	2	det	_	_
2	waiter	_	NN	NN	_	4	nsubj	_	_
3	be	_	VBZ	VBZ	_	4	aux	_	_
4	serve	_	VBG	VBG	_	0	root	_	_
5	he	_	PRP$	PRP$	_	6	poss	_	_
6	customer	_	NN	NN	_	4	dobj	_	_
7	.	_	.	.	_	4	punct	_	_","['det$@%the$@%waiter', 'nsubj$@%waiter$@%serve', 'aux$@%be$@%serve', 'root$@%serve$@%VROOT', 'poss$@%he$@%customer', 'dobj$@%customer$@%serve', 'punct$@%.$@%serve']","['x$@%the$@%waiter', 'x$@%waiter$@%serve', 'x$@%be$@%serve', 'x$@%serve$@%VROOT', 'x$@%he$@%customer', 'x$@%customer$@%serve', 'x$@%.$@%serve']","['x$@%the$@%x', 'x$@%waiter$@%x', 'x$@%be$@%x', 'x$@%serve$@%x', 'x$@%he$@%x', 'x$@%customer$@%x', 'x$@%.$@%x']"
I08T-gNSC-p209-r1,SHOWING THE CUSTOMER HOW THE TURKEY WILL LOOK AT THE PARTY SHE IS THROWING,0,1,1,0,0,"1	show	_	VBG	VBG	_	14	dep	_	_
2	the	_	DT	DT	_	4	det	_	_
3	customer	_	NNP	NNP	_	4	nn	_	_
4	how	_	NNP	NNP	_	1	dobj	_	_
5	the	_	DT	DT	_	12	det	_	_
6	turkey	_	NNP	NNP	_	12	nn	_	_
7	will	_	NNP	NNP	_	12	nn	_	_
8	look	_	NNP	NNP	_	12	nn	_	_
9	at	_	NNP	NNP	_	12	nn	_	_
10	the	_	NNP	NNP	_	12	nn	_	_
11	party	_	NNP	NNP	_	12	nn	_	_
12	she	_	NNP	NNP	_	14	nsubj	_	_
13	be	_	VBZ	VBZ	_	14	aux	_	_
14	throwing	_	VBG	VBG	_	0	root	_	_
15	.	_	.	.	_	14	punct	_	_","['dep$@%show$@%throwing', 'det$@%the$@%how', 'nn$@%customer$@%how', 'dobj$@%how$@%show', 'det$@%the$@%she', 'nn$@%turkey$@%she', 'nn$@%will$@%she', 'nn$@%look$@%she', 'nn$@%at$@%she', 'nn$@%the$@%she', 'nn$@%party$@%she', 'nsubj$@%she$@%throwing', 'aux$@%be$@%throwing', 'root$@%throwing$@%VROOT', 'punct$@%.$@%throwing']","['x$@%show$@%throwing', 'x$@%the$@%how', 'x$@%customer$@%how', 'x$@%how$@%show', 'x$@%the$@%she', 'x$@%turkey$@%she', 'x$@%will$@%she', 'x$@%look$@%she', 'x$@%at$@%she', 'x$@%the$@%she', 'x$@%party$@%she', 'x$@%she$@%throwing', 'x$@%be$@%throwing', 'x$@%throwing$@%VROOT', 'x$@%.$@%throwing']","['x$@%show$@%x', 'x$@%the$@%x', 'x$@%customer$@%x', 'x$@%how$@%x', 'x$@%the$@%x', 'x$@%turkey$@%x', 'x$@%will$@%x', 'x$@%look$@%x', 'x$@%at$@%x', 'x$@%the$@%x', 'x$@%party$@%x', 'x$@%she$@%x', 'x$@%be$@%x', 'x$@%throwing$@%x', 'x$@%.$@%x']"
I08T-gNSC-p211-r1,This waiter is serving a lone diner a huge amount of food. ,1,0,1,1,1,"1	this	_	DT	DT	_	2	det	_	_
2	waiter	_	NN	NN	_	4	nsubj	_	_
3	be	_	VBZ	VBZ	_	4	aux	_	_
4	serve	_	VBG	VBG	_	0	root	_	_
5	a	_	DT	DT	_	7	det	_	_
6	lone	_	JJ	JJ	_	7	amod	_	_
7	diner	_	NN	NN	_	4	iobj	_	_
8	a	_	DT	DT	_	10	det	_	_
9	huge	_	JJ	JJ	_	10	amod	_	_
10	amount	_	NN	NN	_	4	dobj	_	_
11	of	_	IN	IN	_	0	erased	_	_
12	food	_	NN	NN	_	10	prep_of	_	_
13	.	_	.	.	_	4	punct	_	_","['det$@%this$@%waiter', 'nsubj$@%waiter$@%serve', 'aux$@%be$@%serve', 'root$@%serve$@%VROOT', 'det$@%a$@%diner', 'amod$@%lone$@%diner', 'iobj$@%diner$@%serve', 'det$@%a$@%amount', 'amod$@%huge$@%amount', 'dobj$@%amount$@%serve', 'erased$@%of$@%WORDERASED', 'prep_of$@%food$@%amount', 'punct$@%.$@%serve']","['x$@%this$@%waiter', 'x$@%waiter$@%serve', 'x$@%be$@%serve', 'x$@%serve$@%VROOT', 'x$@%a$@%diner', 'x$@%lone$@%diner', 'x$@%diner$@%serve', 'x$@%a$@%amount', 'x$@%huge$@%amount', 'x$@%amount$@%serve', 'x$@%of$@%WORDERASED', 'x$@%food$@%amount', 'x$@%.$@%serve']","['x$@%this$@%x', 'x$@%waiter$@%x', 'x$@%be$@%x', 'x$@%serve$@%x', 'x$@%a$@%x', 'x$@%lone$@%x', 'x$@%diner$@%x', 'x$@%a$@%x', 'x$@%huge$@%x', 'x$@%amount$@%x', 'x$@%of$@%x', 'x$@%food$@%x', 'x$@%.$@%x']"
I08T-gNSC-p212-r1,He's serving dinner. ,1,1,1,1,1,"1	he	_	PRP	PRP	_	3	nsubj	_	_
2	be	_	VBZ	VBZ	_	3	aux	_	_
3	serve	_	VBG	VBG	_	0	root	_	_
4	dinner	_	NN	NN	_	3	dobj	_	_
5	.	_	.	.	_	3	punct	_	_","['nsubj$@%he$@%serve', 'aux$@%be$@%serve', 'root$@%serve$@%VROOT', 'dobj$@%dinner$@%serve', 'punct$@%.$@%serve']","['x$@%he$@%serve', 'x$@%be$@%serve', 'x$@%serve$@%VROOT', 'x$@%dinner$@%serve', 'x$@%.$@%serve']","['x$@%he$@%x', 'x$@%be$@%x', 'x$@%serve$@%x', 'x$@%dinner$@%x', 'x$@%.$@%x']"
I08T-gNSC-p213-r1,The waiter is serving a whole turkey to the woman.,1,1,1,1,1,"1	the	_	DT	DT	_	2	det	_	_
2	waiter	_	NN	NN	_	4	nsubj	_	_
3	be	_	VBZ	VBZ	_	4	aux	_	_
4	serve	_	VBG	VBG	_	0	root	_	_
5	a	_	DT	DT	_	7	det	_	_
6	whole	_	JJ	JJ	_	7	amod	_	_
7	turkey	_	NN	NN	_	4	dobj	_	_
8	to	_	TO	TO	_	0	erased	_	_
9	the	_	DT	DT	_	10	det	_	_
10	woman	_	NN	NN	_	4	prep_to	_	_
11	.	_	.	.	_	4	punct	_	_","['det$@%the$@%waiter', 'nsubj$@%waiter$@%serve', 'aux$@%be$@%serve', 'root$@%serve$@%VROOT', 'det$@%a$@%turkey', 'amod$@%whole$@%turkey', 'dobj$@%turkey$@%serve', 'erased$@%to$@%WORDERASED', 'det$@%the$@%woman', 'prep_to$@%woman$@%serve', 'punct$@%.$@%serve']","['x$@%the$@%waiter', 'x$@%waiter$@%serve', 'x$@%be$@%serve', 'x$@%serve$@%VROOT', 'x$@%a$@%turkey', 'x$@%whole$@%turkey', 'x$@%turkey$@%serve', 'x$@%to$@%WORDERASED', 'x$@%the$@%woman', 'x$@%woman$@%serve', 'x$@%.$@%serve']","['x$@%the$@%x', 'x$@%waiter$@%x', 'x$@%be$@%x', 'x$@%serve$@%x', 'x$@%a$@%x', 'x$@%whole$@%x', 'x$@%turkey$@%x', 'x$@%to$@%x', 'x$@%the$@%x', 'x$@%woman$@%x', 'x$@%.$@%x']"
I08T-gNSC-p215-r1,The waiter is serving a meal.,1,1,1,1,1,"1	the	_	DT	DT	_	2	det	_	_
2	waiter	_	NN	NN	_	4	nsubj	_	_
3	be	_	VBZ	VBZ	_	4	aux	_	_
4	serve	_	VBG	VBG	_	0	root	_	_
5	a	_	DT	DT	_	6	det	_	_
6	meal	_	NN	NN	_	4	dobj	_	_
7	.	_	.	.	_	4	punct	_	_","['det$@%the$@%waiter', 'nsubj$@%waiter$@%serve', 'aux$@%be$@%serve', 'root$@%serve$@%VROOT', 'det$@%a$@%meal', 'dobj$@%meal$@%serve', 'punct$@%.$@%serve']","['x$@%the$@%waiter', 'x$@%waiter$@%serve', 'x$@%be$@%serve', 'x$@%serve$@%VROOT', 'x$@%a$@%meal', 'x$@%meal$@%serve', 'x$@%.$@%serve']","['x$@%the$@%x', 'x$@%waiter$@%x', 'x$@%be$@%x', 'x$@%serve$@%x', 'x$@%a$@%x', 'x$@%meal$@%x', 'x$@%.$@%x']"
I08T-gNSC-p216-r1,serving a customer,1,1,1,1,1,"1	serve	_	VBG	VBG	_	0	root	_	_
2	a	_	DT	DT	_	3	det	_	_
3	customer	_	NN	NN	_	1	dobj	_	_
4	.	_	.	.	_	1	punct	_	_","['root$@%serve$@%VROOT', 'det$@%a$@%customer', 'dobj$@%customer$@%serve', 'punct$@%.$@%serve']","['x$@%serve$@%VROOT', 'x$@%a$@%customer', 'x$@%customer$@%serve', 'x$@%.$@%serve']","['x$@%serve$@%x', 'x$@%a$@%x', 'x$@%customer$@%x', 'x$@%.$@%x']"
I08T-gNSC-p217-r1,The waiter is bringing the woman an entire turkey?,1,1,1,1,1,"1	the	_	DT	DT	_	2	det	_	_
2	waiter	_	NN	NN	_	4	nsubj	_	_
3	be	_	VBZ	VBZ	_	4	aux	_	_
4	bring	_	VBG	VBG	_	0	root	_	_
5	the	_	DT	DT	_	6	det	_	_
6	woman	_	NN	NN	_	4	iobj	_	_
7	a	_	DT	DT	_	9	det	_	_
8	entire	_	JJ	JJ	_	9	amod	_	_
9	turkey	_	NN	NN	_	4	dobj	_	_
10	?	_	.	.	_	4	punct	_	_","['det$@%the$@%waiter', 'nsubj$@%waiter$@%bring', 'aux$@%be$@%bring', 'root$@%bring$@%VROOT', 'det$@%the$@%woman', 'iobj$@%woman$@%bring', 'det$@%a$@%turkey', 'amod$@%entire$@%turkey', 'dobj$@%turkey$@%bring', 'punct$@%?$@%bring']","['x$@%the$@%waiter', 'x$@%waiter$@%bring', 'x$@%be$@%bring', 'x$@%bring$@%VROOT', 'x$@%the$@%woman', 'x$@%woman$@%bring', 'x$@%a$@%turkey', 'x$@%entire$@%turkey', 'x$@%turkey$@%bring', 'x$@%?$@%bring']","['x$@%the$@%x', 'x$@%waiter$@%x', 'x$@%be$@%x', 'x$@%bring$@%x', 'x$@%the$@%x', 'x$@%woman$@%x', 'x$@%a$@%x', 'x$@%entire$@%x', 'x$@%turkey$@%x', 'x$@%?$@%x']"
I08T-gNSC-p220-r1,The waiter is serving the woman's turkey.,1,1,1,1,1,"1	the	_	DT	DT	_	2	det	_	_
2	waiter	_	NN	NN	_	4	nsubj	_	_
3	be	_	VBZ	VBZ	_	4	aux	_	_
4	serve	_	VBG	VBG	_	0	root	_	_
5	the	_	DT	DT	_	6	det	_	_
6	woman	_	NN	NN	_	8	poss	_	_
7	's	_	POS	POS	_	0	erased	_	_
8	turkey	_	NN	NN	_	4	dobj	_	_
9	.	_	.	.	_	4	punct	_	_","['det$@%the$@%waiter', 'nsubj$@%waiter$@%serve', 'aux$@%be$@%serve', 'root$@%serve$@%VROOT', 'det$@%the$@%woman', 'poss$@%woman$@%turkey', ""erased$@%'s$@%WORDERASED"", 'dobj$@%turkey$@%serve', 'punct$@%.$@%serve']","['x$@%the$@%waiter', 'x$@%waiter$@%serve', 'x$@%be$@%serve', 'x$@%serve$@%VROOT', 'x$@%the$@%woman', 'x$@%woman$@%turkey', ""x$@%'s$@%WORDERASED"", 'x$@%turkey$@%serve', 'x$@%.$@%serve']","['x$@%the$@%x', 'x$@%waiter$@%x', 'x$@%be$@%x', 'x$@%serve$@%x', 'x$@%the$@%x', 'x$@%woman$@%x', ""x$@%'s$@%x"", 'x$@%turkey$@%x', 'x$@%.$@%x']"
I08T-gNSC-p222-r1,Serving food,1,1,1,1,1,"1	serve	_	VBG	VBG	_	0	root	_	_
2	food	_	NN	NN	_	1	dobj	_	_
3	.	_	.	.	_	1	punct	_	_","['root$@%serve$@%VROOT', 'dobj$@%food$@%serve', 'punct$@%.$@%serve']","['x$@%serve$@%VROOT', 'x$@%food$@%serve', 'x$@%.$@%serve']","['x$@%serve$@%x', 'x$@%food$@%x', 'x$@%.$@%x']"
I08T-gNSC-p224-r1,The waiter shows the entre to the woman., , , , , ,"1	the	_	DT	DT	_	2	det	_	_
2	waiter	_	NN	NN	_	3	nsubj	_	_
3	show	_	VBZ	VBZ	_	0	root	_	_
4	the	_	DT	DT	_	5	det	_	_
5	entre	_	NN	NN	_	3	dobj	_	_
6	to	_	TO	TO	_	0	erased	_	_
7	the	_	DT	DT	_	8	det	_	_
8	woman	_	NN	NN	_	3	prep_to	_	_
9	.	_	.	.	_	3	punct	_	_","['det$@%the$@%waiter', 'nsubj$@%waiter$@%show', 'root$@%show$@%VROOT', 'det$@%the$@%entre', 'dobj$@%entre$@%show', 'erased$@%to$@%WORDERASED', 'det$@%the$@%woman', 'prep_to$@%woman$@%show', 'punct$@%.$@%show']","['x$@%the$@%waiter', 'x$@%waiter$@%show', 'x$@%show$@%VROOT', 'x$@%the$@%entre', 'x$@%entre$@%show', 'x$@%to$@%WORDERASED', 'x$@%the$@%woman', 'x$@%woman$@%show', 'x$@%.$@%show']","['x$@%the$@%x', 'x$@%waiter$@%x', 'x$@%show$@%x', 'x$@%the$@%x', 'x$@%entre$@%x', 'x$@%to$@%x', 'x$@%the$@%x', 'x$@%woman$@%x', 'x$@%.$@%x']"
I08T-gNSC-p226-r1,This waiter is delivering a hot piece of meat,1,0,1,1,1,"1	this	_	DT	DT	_	2	det	_	_
2	waiter	_	NN	NN	_	4	nsubj	_	_
3	be	_	VBZ	VBZ	_	4	aux	_	_
4	deliver	_	VBG	VBG	_	0	root	_	_
5	a	_	DT	DT	_	7	det	_	_
6	hot	_	JJ	JJ	_	7	amod	_	_
7	piece	_	NN	NN	_	4	dobj	_	_
8	of	_	IN	IN	_	0	erased	_	_
9	meat	_	NN	NN	_	7	prep_of	_	_
10	.	_	.	.	_	4	punct	_	_","['det$@%this$@%waiter', 'nsubj$@%waiter$@%deliver', 'aux$@%be$@%deliver', 'root$@%deliver$@%VROOT', 'det$@%a$@%piece', 'amod$@%hot$@%piece', 'dobj$@%piece$@%deliver', 'erased$@%of$@%WORDERASED', 'prep_of$@%meat$@%piece', 'punct$@%.$@%deliver']","['x$@%this$@%waiter', 'x$@%waiter$@%deliver', 'x$@%be$@%deliver', 'x$@%deliver$@%VROOT', 'x$@%a$@%piece', 'x$@%hot$@%piece', 'x$@%piece$@%deliver', 'x$@%of$@%WORDERASED', 'x$@%meat$@%piece', 'x$@%.$@%deliver']","['x$@%this$@%x', 'x$@%waiter$@%x', 'x$@%be$@%x', 'x$@%deliver$@%x', 'x$@%a$@%x', 'x$@%hot$@%x', 'x$@%piece$@%x', 'x$@%of$@%x', 'x$@%meat$@%x', 'x$@%.$@%x']"
I08T-gNSC-p230-r1,The waiter is serving dinner.,1,1,1,1,1,"1	the	_	DT	DT	_	2	det	_	_
2	waiter	_	NN	NN	_	4	nsubj	_	_
3	be	_	VBZ	VBZ	_	4	aux	_	_
4	serve	_	VBG	VBG	_	0	root	_	_
5	dinner	_	NN	NN	_	4	dobj	_	_
6	.	_	.	.	_	4	punct	_	_","['det$@%the$@%waiter', 'nsubj$@%waiter$@%serve', 'aux$@%be$@%serve', 'root$@%serve$@%VROOT', 'dobj$@%dinner$@%serve', 'punct$@%.$@%serve']","['x$@%the$@%waiter', 'x$@%waiter$@%serve', 'x$@%be$@%serve', 'x$@%serve$@%VROOT', 'x$@%dinner$@%serve', 'x$@%.$@%serve']","['x$@%the$@%x', 'x$@%waiter$@%x', 'x$@%be$@%x', 'x$@%serve$@%x', 'x$@%dinner$@%x', 'x$@%.$@%x']"
I08T-gNSC-p231-r1,Serving food to the lady. ,1,1,1,1,1,"1	serve	_	VBG	VBG	_	0	root	_	_
2	food	_	NN	NN	_	1	dobj	_	_
3	to	_	TO	TO	_	0	erased	_	_
4	the	_	DT	DT	_	5	det	_	_
5	lady	_	NN	NN	_	1	prep_to	_	_
6	.	_	.	.	_	1	punct	_	_","['root$@%serve$@%VROOT', 'dobj$@%food$@%serve', 'erased$@%to$@%WORDERASED', 'det$@%the$@%lady', 'prep_to$@%lady$@%serve', 'punct$@%.$@%serve']","['x$@%serve$@%VROOT', 'x$@%food$@%serve', 'x$@%to$@%WORDERASED', 'x$@%the$@%lady', 'x$@%lady$@%serve', 'x$@%.$@%serve']","['x$@%serve$@%x', 'x$@%food$@%x', 'x$@%to$@%x', 'x$@%the$@%x', 'x$@%lady$@%x', 'x$@%.$@%x']"
I08T-gNSC-p234-r1,The waiter is serving dinner,1,1,1,1,1,"1	the	_	DT	DT	_	2	det	_	_
2	waiter	_	NN	NN	_	4	nsubj	_	_
3	be	_	VBZ	VBZ	_	4	aux	_	_
4	serve	_	VBG	VBG	_	0	root	_	_
5	dinner	_	NN	NN	_	4	dobj	_	_
6	.	_	.	.	_	4	punct	_	_","['det$@%the$@%waiter', 'nsubj$@%waiter$@%serve', 'aux$@%be$@%serve', 'root$@%serve$@%VROOT', 'dobj$@%dinner$@%serve', 'punct$@%.$@%serve']","['x$@%the$@%waiter', 'x$@%waiter$@%serve', 'x$@%be$@%serve', 'x$@%serve$@%VROOT', 'x$@%dinner$@%serve', 'x$@%.$@%serve']","['x$@%the$@%x', 'x$@%waiter$@%x', 'x$@%be$@%x', 'x$@%serve$@%x', 'x$@%dinner$@%x', 'x$@%.$@%x']"
I08T-gNSC-p235-r1,The man is serving the woman her food.,1,0,1,1,1,"1	the	_	DT	DT	_	2	det	_	_
2	man	_	NN	NN	_	4	nsubj	_	_
3	be	_	VBZ	VBZ	_	4	aux	_	_
4	serve	_	VBG	VBG	_	0	root	_	_
5	the	_	DT	DT	_	6	det	_	_
6	woman	_	NN	NN	_	8	nsubj	_	_
7	she	_	PRP$	PRP$	_	8	poss	_	_
8	food	_	NN	NN	_	4	xcomp	_	_
9	.	_	.	.	_	4	punct	_	_","['det$@%the$@%man', 'nsubj$@%man$@%serve', 'aux$@%be$@%serve', 'root$@%serve$@%VROOT', 'det$@%the$@%woman', 'nsubj$@%woman$@%food', 'poss$@%she$@%food', 'xcomp$@%food$@%serve', 'punct$@%.$@%serve']","['x$@%the$@%man', 'x$@%man$@%serve', 'x$@%be$@%serve', 'x$@%serve$@%VROOT', 'x$@%the$@%woman', 'x$@%woman$@%food', 'x$@%she$@%food', 'x$@%food$@%serve', 'x$@%.$@%serve']","['x$@%the$@%x', 'x$@%man$@%x', 'x$@%be$@%x', 'x$@%serve$@%x', 'x$@%the$@%x', 'x$@%woman$@%x', 'x$@%she$@%x', 'x$@%food$@%x', 'x$@%.$@%x']"
I08T-gNSC-p236-r1,The waiter is serving the woman food. ,1,1,1,1,1,"1	the	_	DT	DT	_	2	det	_	_
2	waiter	_	NN	NN	_	4	nsubj	_	_
3	be	_	VBZ	VBZ	_	4	aux	_	_
4	serve	_	VBG	VBG	_	0	root	_	_
5	the	_	DT	DT	_	7	det	_	_
6	woman	_	NN	NN	_	7	nn	_	_
7	food	_	NN	NN	_	4	dobj	_	_
8	.	_	.	.	_	4	punct	_	_","['det$@%the$@%waiter', 'nsubj$@%waiter$@%serve', 'aux$@%be$@%serve', 'root$@%serve$@%VROOT', 'det$@%the$@%food', 'nn$@%woman$@%food', 'dobj$@%food$@%serve', 'punct$@%.$@%serve']","['x$@%the$@%waiter', 'x$@%waiter$@%serve', 'x$@%be$@%serve', 'x$@%serve$@%VROOT', 'x$@%the$@%food', 'x$@%woman$@%food', 'x$@%food$@%serve', 'x$@%.$@%serve']","['x$@%the$@%x', 'x$@%waiter$@%x', 'x$@%be$@%x', 'x$@%serve$@%x', 'x$@%the$@%x', 'x$@%woman$@%x', 'x$@%food$@%x', 'x$@%.$@%x']"
I08T-gNSC-p244-r1,The waiter is serving her a turkey. ,1,1,1,1,1,"1	the	_	DT	DT	_	2	det	_	_
2	waiter	_	NN	NN	_	4	nsubj	_	_
3	be	_	VBZ	VBZ	_	4	aux	_	_
4	serve	_	VBG	VBG	_	0	root	_	_
5	she	_	PRP	PRP	_	7	nsubj	_	_
6	a	_	DT	DT	_	7	det	_	_
7	turkey	_	NN	NN	_	4	xcomp	_	_
8	.	_	.	.	_	4	punct	_	_","['det$@%the$@%waiter', 'nsubj$@%waiter$@%serve', 'aux$@%be$@%serve', 'root$@%serve$@%VROOT', 'nsubj$@%she$@%turkey', 'det$@%a$@%turkey', 'xcomp$@%turkey$@%serve', 'punct$@%.$@%serve']","['x$@%the$@%waiter', 'x$@%waiter$@%serve', 'x$@%be$@%serve', 'x$@%serve$@%VROOT', 'x$@%she$@%turkey', 'x$@%a$@%turkey', 'x$@%turkey$@%serve', 'x$@%.$@%serve']","['x$@%the$@%x', 'x$@%waiter$@%x', 'x$@%be$@%x', 'x$@%serve$@%x', 'x$@%she$@%x', 'x$@%a$@%x', 'x$@%turkey$@%x', 'x$@%.$@%x']"
I08T-gNSC-p245-r1,The waiter is serving a turkey to the woman.,1,1,1,1,1,"1	the	_	DT	DT	_	2	det	_	_
2	waiter	_	NN	NN	_	4	nsubj	_	_
3	be	_	VBZ	VBZ	_	4	aux	_	_
4	serve	_	VBG	VBG	_	0	root	_	_
5	a	_	DT	DT	_	6	det	_	_
6	turkey	_	NN	NN	_	4	dobj	_	_
7	to	_	TO	TO	_	0	erased	_	_
8	the	_	DT	DT	_	9	det	_	_
9	woman	_	NN	NN	_	4	prep_to	_	_
10	.	_	.	.	_	4	punct	_	_","['det$@%the$@%waiter', 'nsubj$@%waiter$@%serve', 'aux$@%be$@%serve', 'root$@%serve$@%VROOT', 'det$@%a$@%turkey', 'dobj$@%turkey$@%serve', 'erased$@%to$@%WORDERASED', 'det$@%the$@%woman', 'prep_to$@%woman$@%serve', 'punct$@%.$@%serve']","['x$@%the$@%waiter', 'x$@%waiter$@%serve', 'x$@%be$@%serve', 'x$@%serve$@%VROOT', 'x$@%a$@%turkey', 'x$@%turkey$@%serve', 'x$@%to$@%WORDERASED', 'x$@%the$@%woman', 'x$@%woman$@%serve', 'x$@%.$@%serve']","['x$@%the$@%x', 'x$@%waiter$@%x', 'x$@%be$@%x', 'x$@%serve$@%x', 'x$@%a$@%x', 'x$@%turkey$@%x', 'x$@%to$@%x', 'x$@%the$@%x', 'x$@%woman$@%x', 'x$@%.$@%x']"
I08T-gNSC-p247-r1,The waiter is showing the woman a roasted turkey,0,1,0,1,1,"1	the	_	DT	DT	_	2	det	_	_
2	waiter	_	NN	NN	_	4	nsubj	_	_
3	be	_	VBZ	VBZ	_	4	aux	_	_
4	show	_	VBG	VBG	_	0	root	_	_
5	the	_	DT	DT	_	6	det	_	_
6	woman	_	NN	NN	_	4	iobj	_	_
7	a	_	DT	DT	_	9	det	_	_
8	roasted	_	JJ	JJ	_	9	amod	_	_
9	turkey	_	NN	NN	_	4	dobj	_	_
10	.	_	.	.	_	4	punct	_	_","['det$@%the$@%waiter', 'nsubj$@%waiter$@%show', 'aux$@%be$@%show', 'root$@%show$@%VROOT', 'det$@%the$@%woman', 'iobj$@%woman$@%show', 'det$@%a$@%turkey', 'amod$@%roasted$@%turkey', 'dobj$@%turkey$@%show', 'punct$@%.$@%show']","['x$@%the$@%waiter', 'x$@%waiter$@%show', 'x$@%be$@%show', 'x$@%show$@%VROOT', 'x$@%the$@%woman', 'x$@%woman$@%show', 'x$@%a$@%turkey', 'x$@%roasted$@%turkey', 'x$@%turkey$@%show', 'x$@%.$@%show']","['x$@%the$@%x', 'x$@%waiter$@%x', 'x$@%be$@%x', 'x$@%show$@%x', 'x$@%the$@%x', 'x$@%woman$@%x', 'x$@%a$@%x', 'x$@%roasted$@%x', 'x$@%turkey$@%x', 'x$@%.$@%x']"
I08T-gNSC-p249-r1,The waiter is bringing the food.,1,1,1,1,1,"1	the	_	DT	DT	_	2	det	_	_
2	waiter	_	NN	NN	_	4	nsubj	_	_
3	be	_	VBZ	VBZ	_	4	aux	_	_
4	bring	_	VBG	VBG	_	0	root	_	_
5	the	_	DT	DT	_	6	det	_	_
6	food	_	NN	NN	_	4	dobj	_	_
7	.	_	.	.	_	4	punct	_	_","['det$@%the$@%waiter', 'nsubj$@%waiter$@%bring', 'aux$@%be$@%bring', 'root$@%bring$@%VROOT', 'det$@%the$@%food', 'dobj$@%food$@%bring', 'punct$@%.$@%bring']","['x$@%the$@%waiter', 'x$@%waiter$@%bring', 'x$@%be$@%bring', 'x$@%bring$@%VROOT', 'x$@%the$@%food', 'x$@%food$@%bring', 'x$@%.$@%bring']","['x$@%the$@%x', 'x$@%waiter$@%x', 'x$@%be$@%x', 'x$@%bring$@%x', 'x$@%the$@%x', 'x$@%food$@%x', 'x$@%.$@%x']"
I08T-gNSC-p252-r1,serving the patron,1,1,1,1,1,"1	serve	_	VBG	VBG	_	0	root	_	_
2	the	_	DT	DT	_	3	det	_	_
3	patron	_	NN	NN	_	1	dobj	_	_
4	.	_	.	.	_	1	punct	_	_","['root$@%serve$@%VROOT', 'det$@%the$@%patron', 'dobj$@%patron$@%serve', 'punct$@%.$@%serve']","['x$@%serve$@%VROOT', 'x$@%the$@%patron', 'x$@%patron$@%serve', 'x$@%.$@%serve']","['x$@%serve$@%x', 'x$@%the$@%x', 'x$@%patron$@%x', 'x$@%.$@%x']"
I08T-gNSC-p253-r1,bringing the food to the table,1,1,1,1,1,"1	bring	_	VBG	VBG	_	0	root	_	_
2	the	_	DT	DT	_	3	det	_	_
3	food	_	NN	NN	_	1	dobj	_	_
4	to	_	TO	TO	_	0	erased	_	_
5	the	_	DT	DT	_	6	det	_	_
6	table	_	NN	NN	_	1	prep_to	_	_
7	.	_	.	.	_	1	punct	_	_","['root$@%bring$@%VROOT', 'det$@%the$@%food', 'dobj$@%food$@%bring', 'erased$@%to$@%WORDERASED', 'det$@%the$@%table', 'prep_to$@%table$@%bring', 'punct$@%.$@%bring']","['x$@%bring$@%VROOT', 'x$@%the$@%food', 'x$@%food$@%bring', 'x$@%to$@%WORDERASED', 'x$@%the$@%table', 'x$@%table$@%bring', 'x$@%.$@%bring']","['x$@%bring$@%x', 'x$@%the$@%x', 'x$@%food$@%x', 'x$@%to$@%x', 'x$@%the$@%x', 'x$@%table$@%x', 'x$@%.$@%x']"
I08T-gNSC-p254-r1,Bringing food to the table,1,1,1,1,1,"1	bring	_	VBG	VBG	_	0	root	_	_
2	food	_	NN	NN	_	1	dobj	_	_
3	to	_	TO	TO	_	0	erased	_	_
4	the	_	DT	DT	_	5	det	_	_
5	table	_	NN	NN	_	1	prep_to	_	_
6	.	_	.	.	_	1	punct	_	_","['root$@%bring$@%VROOT', 'dobj$@%food$@%bring', 'erased$@%to$@%WORDERASED', 'det$@%the$@%table', 'prep_to$@%table$@%bring', 'punct$@%.$@%bring']","['x$@%bring$@%VROOT', 'x$@%food$@%bring', 'x$@%to$@%WORDERASED', 'x$@%the$@%table', 'x$@%table$@%bring', 'x$@%.$@%bring']","['x$@%bring$@%x', 'x$@%food$@%x', 'x$@%to$@%x', 'x$@%the$@%x', 'x$@%table$@%x', 'x$@%.$@%x']"
I08T-gNSC-p255-r1,The waiter is serving a turkey dinner to a lady that will need a doggie bag to take most of it home.,1,1,1,1,0,"1	the	_	DT	DT	_	2	det	_	_
2	waiter	_	NN	NN	_	4	nsubj	_	_
3	be	_	VBZ	VBZ	_	4	aux	_	_
4	serve	_	VBG	VBG	_	0	root	_	_
5	a	_	DT	DT	_	7	det	_	_
6	turkey	_	NN	NN	_	7	nn	_	_
7	dinner	_	NN	NN	_	4	dobj	_	_
8	to	_	TO	TO	_	0	erased	_	_
9	a	_	DT	DT	_	10	det	_	_
10	lady	_	NN	NN	_	13	nsubj	_	_
11	that	_	WDT	WDT	_	0	erased	_	_
12	will	_	MD	MD	_	13	aux	_	_
13	need	_	VB	VB	_	10	rcmod	_	_
14	a	_	DT	DT	_	16	det	_	_
15	doggie	_	JJ	JJ	_	16	amod	_	_
16	bag	_	NN	NN	_	13	dobj	_	_
17	to	_	TO	TO	_	18	aux	_	_
18	take	_	VB	VB	_	13	xcomp	_	_
19	most	_	JJS	JJS	_	18	dobj	_	_
20	of	_	IN	IN	_	0	erased	_	_
21	it	_	PRP	PRP	_	19	prep_of	_	_
22	home	_	RB	RB	_	18	advmod	_	_
23	.	_	.	.	_	4	punct	_	_","['det$@%the$@%waiter', 'nsubj$@%waiter$@%serve', 'aux$@%be$@%serve', 'root$@%serve$@%VROOT', 'det$@%a$@%dinner', 'nn$@%turkey$@%dinner', 'dobj$@%dinner$@%serve', 'erased$@%to$@%WORDERASED', 'det$@%a$@%lady', 'nsubj$@%lady$@%need', 'erased$@%that$@%WORDERASED', 'aux$@%will$@%need', 'rcmod$@%need$@%lady', 'det$@%a$@%bag', 'amod$@%doggie$@%bag', 'dobj$@%bag$@%need', 'aux$@%to$@%take', 'xcomp$@%take$@%need', 'dobj$@%most$@%take', 'erased$@%of$@%WORDERASED', 'prep_of$@%it$@%most', 'advmod$@%home$@%take', 'punct$@%.$@%serve']","['x$@%the$@%waiter', 'x$@%waiter$@%serve', 'x$@%be$@%serve', 'x$@%serve$@%VROOT', 'x$@%a$@%dinner', 'x$@%turkey$@%dinner', 'x$@%dinner$@%serve', 'x$@%to$@%WORDERASED', 'x$@%a$@%lady', 'x$@%lady$@%need', 'x$@%that$@%WORDERASED', 'x$@%will$@%need', 'x$@%need$@%lady', 'x$@%a$@%bag', 'x$@%doggie$@%bag', 'x$@%bag$@%need', 'x$@%to$@%take', 'x$@%take$@%need', 'x$@%most$@%take', 'x$@%of$@%WORDERASED', 'x$@%it$@%most', 'x$@%home$@%take', 'x$@%.$@%serve']","['x$@%the$@%x', 'x$@%waiter$@%x', 'x$@%be$@%x', 'x$@%serve$@%x', 'x$@%a$@%x', 'x$@%turkey$@%x', 'x$@%dinner$@%x', 'x$@%to$@%x', 'x$@%a$@%x', 'x$@%lady$@%x', 'x$@%that$@%x', 'x$@%will$@%x', 'x$@%need$@%x', 'x$@%a$@%x', 'x$@%doggie$@%x', 'x$@%bag$@%x', 'x$@%to$@%x', 'x$@%take$@%x', 'x$@%most$@%x', 'x$@%of$@%x', 'x$@%it$@%x', 'x$@%home$@%x', 'x$@%.$@%x']"
I08T-gNSC-p257-r1,I think the young lady likes the smell of a roasted Turkey.,0,0,1,0,0,"1	i	_	PRP	PRP	_	2	nsubj	_	_
2	think	_	VBP	VBP	_	0	root	_	_
3	the	_	DT	DT	_	5	det	_	_
4	young	_	JJ	JJ	_	5	amod	_	_
5	lady	_	NN	NN	_	6	nsubj	_	_
6	like	_	VBZ	VBZ	_	2	ccomp	_	_
7	the	_	DT	DT	_	8	det	_	_
8	smell	_	NN	NN	_	6	dobj	_	_
9	of	_	IN	IN	_	0	erased	_	_
10	a	_	DT	DT	_	12	det	_	_
11	roasted	_	NNP	NNP	_	12	nn	_	_
12	turkey	_	NNP	NNP	_	8	prep_of	_	_
13	.	_	.	.	_	2	punct	_	_","['nsubj$@%i$@%think', 'root$@%think$@%VROOT', 'det$@%the$@%lady', 'amod$@%young$@%lady', 'nsubj$@%lady$@%like', 'ccomp$@%like$@%think', 'det$@%the$@%smell', 'dobj$@%smell$@%like', 'erased$@%of$@%WORDERASED', 'det$@%a$@%turkey', 'nn$@%roasted$@%turkey', 'prep_of$@%turkey$@%smell', 'punct$@%.$@%think']","['x$@%i$@%think', 'x$@%think$@%VROOT', 'x$@%the$@%lady', 'x$@%young$@%lady', 'x$@%lady$@%like', 'x$@%like$@%think', 'x$@%the$@%smell', 'x$@%smell$@%like', 'x$@%of$@%WORDERASED', 'x$@%a$@%turkey', 'x$@%roasted$@%turkey', 'x$@%turkey$@%smell', 'x$@%.$@%think']","['x$@%i$@%x', 'x$@%think$@%x', 'x$@%the$@%x', 'x$@%young$@%x', 'x$@%lady$@%x', 'x$@%like$@%x', 'x$@%the$@%x', 'x$@%smell$@%x', 'x$@%of$@%x', 'x$@%a$@%x', 'x$@%roasted$@%x', 'x$@%turkey$@%x', 'x$@%.$@%x']"
I08T-gNSC-p258-r1,The waiter is trying hard not to tip the hot bid into the lovely lady's lap b ecuase his fingers are burning from a hot platter!,0,1,0,0,0,"1	the	_	DT	DT	_	2	det	_	_
2	waiter	_	NN	NN	_	4	nsubj	_	_
3	be	_	VBZ	VBZ	_	4	aux	_	_
4	try	_	VBG	VBG	_	0	root	_	_
5	hard	_	JJ	JJ	_	4	acomp	_	_
6	not	_	RB	RB	_	5	neg	_	_
7	to	_	TO	TO	_	8	aux	_	_
8	tip	_	VB	VB	_	5	xcomp	_	_
9	the	_	DT	DT	_	11	det	_	_
10	hot	_	JJ	JJ	_	11	amod	_	_
11	bid	_	NN	NN	_	8	dobj	_	_
12	into	_	IN	IN	_	0	erased	_	_
13	the	_	DT	DT	_	15	det	_	_
14	lovely	_	JJ	JJ	_	15	amod	_	_
15	lady	_	NN	NN	_	17	poss	_	_
16	's	_	POS	POS	_	0	erased	_	_
17	lap	_	NN	NN	_	8	prep_into	_	_
18	b	_	SYM	SYM	_	19	dep	_	_
19	ecuase	_	NN	NN	_	23	dep	_	_
20	he	_	PRP$	PRP$	_	21	poss	_	_
21	finger	_	NNS	NNS	_	23	nsubj	_	_
22	be	_	VBP	VBP	_	23	aux	_	_
23	burn	_	VBG	VBG	_	5	dep	_	_
24	from	_	IN	IN	_	0	erased	_	_
25	a	_	DT	DT	_	27	det	_	_
26	hot	_	JJ	JJ	_	27	amod	_	_
27	platter	_	NN	NN	_	23	prep_from	_	_
28	!	_	.	.	_	4	punct	_	_","['det$@%the$@%waiter', 'nsubj$@%waiter$@%try', 'aux$@%be$@%try', 'root$@%try$@%VROOT', 'acomp$@%hard$@%try', 'neg$@%not$@%hard', 'aux$@%to$@%tip', 'xcomp$@%tip$@%hard', 'det$@%the$@%bid', 'amod$@%hot$@%bid', 'dobj$@%bid$@%tip', 'erased$@%into$@%WORDERASED', 'det$@%the$@%lady', 'amod$@%lovely$@%lady', 'poss$@%lady$@%lap', ""erased$@%'s$@%WORDERASED"", 'prep_into$@%lap$@%tip', 'dep$@%b$@%ecuase', 'dep$@%ecuase$@%burn', 'poss$@%he$@%finger', 'nsubj$@%finger$@%burn', 'aux$@%be$@%burn', 'dep$@%burn$@%hard', 'erased$@%from$@%WORDERASED', 'det$@%a$@%platter', 'amod$@%hot$@%platter', 'prep_from$@%platter$@%burn', 'punct$@%!$@%try']","['x$@%the$@%waiter', 'x$@%waiter$@%try', 'x$@%be$@%try', 'x$@%try$@%VROOT', 'x$@%hard$@%try', 'x$@%not$@%hard', 'x$@%to$@%tip', 'x$@%tip$@%hard', 'x$@%the$@%bid', 'x$@%hot$@%bid', 'x$@%bid$@%tip', 'x$@%into$@%WORDERASED', 'x$@%the$@%lady', 'x$@%lovely$@%lady', 'x$@%lady$@%lap', ""x$@%'s$@%WORDERASED"", 'x$@%lap$@%tip', 'x$@%b$@%ecuase', 'x$@%ecuase$@%burn', 'x$@%he$@%finger', 'x$@%finger$@%burn', 'x$@%be$@%burn', 'x$@%burn$@%hard', 'x$@%from$@%WORDERASED', 'x$@%a$@%platter', 'x$@%hot$@%platter', 'x$@%platter$@%burn', 'x$@%!$@%try']","['x$@%the$@%x', 'x$@%waiter$@%x', 'x$@%be$@%x', 'x$@%try$@%x', 'x$@%hard$@%x', 'x$@%not$@%x', 'x$@%to$@%x', 'x$@%tip$@%x', 'x$@%the$@%x', 'x$@%hot$@%x', 'x$@%bid$@%x', 'x$@%into$@%x', 'x$@%the$@%x', 'x$@%lovely$@%x', 'x$@%lady$@%x', ""x$@%'s$@%x"", 'x$@%lap$@%x', 'x$@%b$@%x', 'x$@%ecuase$@%x', 'x$@%he$@%x', 'x$@%finger$@%x', 'x$@%be$@%x', 'x$@%burn$@%x', 'x$@%from$@%x', 'x$@%a$@%x', 'x$@%hot$@%x', 'x$@%platter$@%x', 'x$@%!$@%x']"
I08T-gNSC-p260-r1,serving a patron,1,1,1,1,1,"1	serve	_	VBG	VBG	_	0	root	_	_
2	a	_	DT	DT	_	3	det	_	_
3	patron	_	NN	NN	_	1	dobj	_	_
4	.	_	.	.	_	1	punct	_	_","['root$@%serve$@%VROOT', 'det$@%a$@%patron', 'dobj$@%patron$@%serve', 'punct$@%.$@%serve']","['x$@%serve$@%VROOT', 'x$@%a$@%patron', 'x$@%patron$@%serve', 'x$@%.$@%serve']","['x$@%serve$@%x', 'x$@%a$@%x', 'x$@%patron$@%x', 'x$@%.$@%x']"
I08T-gNSC-p261-r1,The waiter is serving a turkey dinner.,1,1,1,1,1,"1	the	_	DT	DT	_	2	det	_	_
2	waiter	_	NN	NN	_	4	nsubj	_	_
3	be	_	VBZ	VBZ	_	4	aux	_	_
4	serve	_	VBG	VBG	_	0	root	_	_
5	a	_	DT	DT	_	7	det	_	_
6	turkey	_	NN	NN	_	7	nn	_	_
7	dinner	_	NN	NN	_	4	dobj	_	_
8	.	_	.	.	_	4	punct	_	_","['det$@%the$@%waiter', 'nsubj$@%waiter$@%serve', 'aux$@%be$@%serve', 'root$@%serve$@%VROOT', 'det$@%a$@%dinner', 'nn$@%turkey$@%dinner', 'dobj$@%dinner$@%serve', 'punct$@%.$@%serve']","['x$@%the$@%waiter', 'x$@%waiter$@%serve', 'x$@%be$@%serve', 'x$@%serve$@%VROOT', 'x$@%a$@%dinner', 'x$@%turkey$@%dinner', 'x$@%dinner$@%serve', 'x$@%.$@%serve']","['x$@%the$@%x', 'x$@%waiter$@%x', 'x$@%be$@%x', 'x$@%serve$@%x', 'x$@%a$@%x', 'x$@%turkey$@%x', 'x$@%dinner$@%x', 'x$@%.$@%x']"
I08T-gNSC-p262-r1,"Waiter presenting the main course before carving, for her approval",1,0,1,0,1,"1	waiter	_	NNP	NNP	_	0	root	_	_
2	present	_	VBG	VBG	_	1	partmod	_	_
3	the	_	DT	DT	_	5	det	_	_
4	main	_	JJ	JJ	_	5	amod	_	_
5	course	_	NN	NN	_	2	dobj	_	_
6	before	_	IN	IN	_	0	erased	_	_
7	carve	_	VBG	VBG	_	2	prepc_before	_	_
8	,	_	,	,	_	7	punct	_	_
9	for	_	IN	IN	_	0	erased	_	_
10	she	_	PRP$	PRP$	_	11	poss	_	_
11	approval	_	NN	NN	_	7	prep_for	_	_
12	.	_	.	.	_	1	punct	_	_","['root$@%waiter$@%VROOT', 'partmod$@%present$@%waiter', 'det$@%the$@%course', 'amod$@%main$@%course', 'dobj$@%course$@%present', 'erased$@%before$@%WORDERASED', 'prepc_before$@%carve$@%present', 'punct$@%,$@%carve', 'erased$@%for$@%WORDERASED', 'poss$@%she$@%approval', 'prep_for$@%approval$@%carve', 'punct$@%.$@%waiter']","['x$@%waiter$@%VROOT', 'x$@%present$@%waiter', 'x$@%the$@%course', 'x$@%main$@%course', 'x$@%course$@%present', 'x$@%before$@%WORDERASED', 'x$@%carve$@%present', 'x$@%,$@%carve', 'x$@%for$@%WORDERASED', 'x$@%she$@%approval', 'x$@%approval$@%carve', 'x$@%.$@%waiter']","['x$@%waiter$@%x', 'x$@%present$@%x', 'x$@%the$@%x', 'x$@%main$@%x', 'x$@%course$@%x', 'x$@%before$@%x', 'x$@%carve$@%x', 'x$@%,$@%x', 'x$@%for$@%x', 'x$@%she$@%x', 'x$@%approval$@%x', 'x$@%.$@%x']"
I08T-gNSC-p263-r1,The waiter is serving the woman her order.,1,1,1,1,1,"1	the	_	DT	DT	_	2	det	_	_
2	waiter	_	NN	NN	_	4	nsubj	_	_
3	be	_	VBZ	VBZ	_	4	aux	_	_
4	serve	_	VBG	VBG	_	0	root	_	_
5	the	_	DT	DT	_	6	det	_	_
6	woman	_	NN	NN	_	8	nsubj	_	_
7	she	_	PRP$	PRP$	_	8	poss	_	_
8	order	_	NN	NN	_	4	xcomp	_	_
9	.	_	.	.	_	4	punct	_	_","['det$@%the$@%waiter', 'nsubj$@%waiter$@%serve', 'aux$@%be$@%serve', 'root$@%serve$@%VROOT', 'det$@%the$@%woman', 'nsubj$@%woman$@%order', 'poss$@%she$@%order', 'xcomp$@%order$@%serve', 'punct$@%.$@%serve']","['x$@%the$@%waiter', 'x$@%waiter$@%serve', 'x$@%be$@%serve', 'x$@%serve$@%VROOT', 'x$@%the$@%woman', 'x$@%woman$@%order', 'x$@%she$@%order', 'x$@%order$@%serve', 'x$@%.$@%serve']","['x$@%the$@%x', 'x$@%waiter$@%x', 'x$@%be$@%x', 'x$@%serve$@%x', 'x$@%the$@%x', 'x$@%woman$@%x', 'x$@%she$@%x', 'x$@%order$@%x', 'x$@%.$@%x']"
I08T-gNSC-p264-r1,Serving dinner,1,1,1,1,1,"1	serve	_	VBG	VBG	_	0	root	_	_
2	dinner	_	NN	NN	_	1	dobj	_	_
3	.	_	.	.	_	1	punct	_	_","['root$@%serve$@%VROOT', 'dobj$@%dinner$@%serve', 'punct$@%.$@%serve']","['x$@%serve$@%VROOT', 'x$@%dinner$@%serve', 'x$@%.$@%serve']","['x$@%serve$@%x', 'x$@%dinner$@%x', 'x$@%.$@%x']"
I08T-gNSC-p266-r1,A waiter is serving a roasted bird. ,1,0,1,1,1,"1	a	_	DT	DT	_	2	det	_	_
2	waiter	_	NN	NN	_	4	nsubj	_	_
3	be	_	VBZ	VBZ	_	4	aux	_	_
4	serve	_	VBG	VBG	_	0	root	_	_
5	a	_	DT	DT	_	7	det	_	_
6	roasted	_	JJ	JJ	_	7	amod	_	_
7	bird	_	NN	NN	_	4	dobj	_	_
8	.	_	.	.	_	4	punct	_	_","['det$@%a$@%waiter', 'nsubj$@%waiter$@%serve', 'aux$@%be$@%serve', 'root$@%serve$@%VROOT', 'det$@%a$@%bird', 'amod$@%roasted$@%bird', 'dobj$@%bird$@%serve', 'punct$@%.$@%serve']","['x$@%a$@%waiter', 'x$@%waiter$@%serve', 'x$@%be$@%serve', 'x$@%serve$@%VROOT', 'x$@%a$@%bird', 'x$@%roasted$@%bird', 'x$@%bird$@%serve', 'x$@%.$@%serve']","['x$@%a$@%x', 'x$@%waiter$@%x', 'x$@%be$@%x', 'x$@%serve$@%x', 'x$@%a$@%x', 'x$@%roasted$@%x', 'x$@%bird$@%x', 'x$@%.$@%x']"
I08T-gNSC-p270-r1,He is serving dinner.,1,1,1,1,1,"1	he	_	PRP	PRP	_	3	nsubj	_	_
2	be	_	VBZ	VBZ	_	3	aux	_	_
3	serve	_	VBG	VBG	_	0	root	_	_
4	dinner	_	NN	NN	_	3	dobj	_	_
5	.	_	.	.	_	3	punct	_	_","['nsubj$@%he$@%serve', 'aux$@%be$@%serve', 'root$@%serve$@%VROOT', 'dobj$@%dinner$@%serve', 'punct$@%.$@%serve']","['x$@%he$@%serve', 'x$@%be$@%serve', 'x$@%serve$@%VROOT', 'x$@%dinner$@%serve', 'x$@%.$@%serve']","['x$@%he$@%x', 'x$@%be$@%x', 'x$@%serve$@%x', 'x$@%dinner$@%x', 'x$@%.$@%x']"
I08T-gNSC-p271-r1,The waiter is bringing the meal. ,1,1,1,1,1,"1	the	_	DT	DT	_	2	det	_	_
2	waiter	_	NN	NN	_	4	nsubj	_	_
3	be	_	VBZ	VBZ	_	4	aux	_	_
4	bring	_	VBG	VBG	_	0	root	_	_
5	the	_	DT	DT	_	6	det	_	_
6	meal	_	NN	NN	_	4	dobj	_	_
7	.	_	.	.	_	4	punct	_	_","['det$@%the$@%waiter', 'nsubj$@%waiter$@%bring', 'aux$@%be$@%bring', 'root$@%bring$@%VROOT', 'det$@%the$@%meal', 'dobj$@%meal$@%bring', 'punct$@%.$@%bring']","['x$@%the$@%waiter', 'x$@%waiter$@%bring', 'x$@%be$@%bring', 'x$@%bring$@%VROOT', 'x$@%the$@%meal', 'x$@%meal$@%bring', 'x$@%.$@%bring']","['x$@%the$@%x', 'x$@%waiter$@%x', 'x$@%be$@%x', 'x$@%bring$@%x', 'x$@%the$@%x', 'x$@%meal$@%x', 'x$@%.$@%x']"
I08T-gNSC-p272-r1,Fjjg,0,0,0,0,0,"1	fjjg	_	VBG	VBG	_	0	root	_	_
2	.	_	.	.	_	1	punct	_	_","['root$@%fjjg$@%VROOT', 'punct$@%.$@%fjjg']","['x$@%fjjg$@%VROOT', 'x$@%.$@%fjjg']","['x$@%fjjg$@%x', 'x$@%.$@%x']"
I08T-gNSC-p274-r1,The waiter is bringing food to the woman.,1,1,1,1,1,"1	the	_	DT	DT	_	2	det	_	_
2	waiter	_	NN	NN	_	4	nsubj	_	_
3	be	_	VBZ	VBZ	_	4	aux	_	_
4	bring	_	VBG	VBG	_	0	root	_	_
5	food	_	NN	NN	_	4	dobj	_	_
6	to	_	TO	TO	_	0	erased	_	_
7	the	_	DT	DT	_	8	det	_	_
8	woman	_	NN	NN	_	4	prep_to	_	_
9	.	_	.	.	_	4	punct	_	_","['det$@%the$@%waiter', 'nsubj$@%waiter$@%bring', 'aux$@%be$@%bring', 'root$@%bring$@%VROOT', 'dobj$@%food$@%bring', 'erased$@%to$@%WORDERASED', 'det$@%the$@%woman', 'prep_to$@%woman$@%bring', 'punct$@%.$@%bring']","['x$@%the$@%waiter', 'x$@%waiter$@%bring', 'x$@%be$@%bring', 'x$@%bring$@%VROOT', 'x$@%food$@%bring', 'x$@%to$@%WORDERASED', 'x$@%the$@%woman', 'x$@%woman$@%bring', 'x$@%.$@%bring']","['x$@%the$@%x', 'x$@%waiter$@%x', 'x$@%be$@%x', 'x$@%bring$@%x', 'x$@%food$@%x', 'x$@%to$@%x', 'x$@%the$@%x', 'x$@%woman$@%x', 'x$@%.$@%x']"
I08T-gNSC-p276-r1,The waiter is serving food to the lady.,1,1,1,1,1,"1	the	_	DT	DT	_	2	det	_	_
2	waiter	_	NN	NN	_	4	nsubj	_	_
3	be	_	VBZ	VBZ	_	4	aux	_	_
4	serve	_	VBG	VBG	_	0	root	_	_
5	food	_	NN	NN	_	4	dobj	_	_
6	to	_	TO	TO	_	0	erased	_	_
7	the	_	DT	DT	_	8	det	_	_
8	lady	_	NN	NN	_	4	prep_to	_	_
9	.	_	.	.	_	4	punct	_	_","['det$@%the$@%waiter', 'nsubj$@%waiter$@%serve', 'aux$@%be$@%serve', 'root$@%serve$@%VROOT', 'dobj$@%food$@%serve', 'erased$@%to$@%WORDERASED', 'det$@%the$@%lady', 'prep_to$@%lady$@%serve', 'punct$@%.$@%serve']","['x$@%the$@%waiter', 'x$@%waiter$@%serve', 'x$@%be$@%serve', 'x$@%serve$@%VROOT', 'x$@%food$@%serve', 'x$@%to$@%WORDERASED', 'x$@%the$@%lady', 'x$@%lady$@%serve', 'x$@%.$@%serve']","['x$@%the$@%x', 'x$@%waiter$@%x', 'x$@%be$@%x', 'x$@%serve$@%x', 'x$@%food$@%x', 'x$@%to$@%x', 'x$@%the$@%x', 'x$@%lady$@%x', 'x$@%.$@%x']"
I08T-gNSC-p277-r1,The waiter is serving a customer.,1,1,1,1,1,"1	the	_	DT	DT	_	2	det	_	_
2	waiter	_	NN	NN	_	4	nsubj	_	_
3	be	_	VBZ	VBZ	_	4	aux	_	_
4	serve	_	VBG	VBG	_	0	root	_	_
5	a	_	DT	DT	_	6	det	_	_
6	customer	_	NN	NN	_	4	dobj	_	_
7	.	_	.	.	_	4	punct	_	_","['det$@%the$@%waiter', 'nsubj$@%waiter$@%serve', 'aux$@%be$@%serve', 'root$@%serve$@%VROOT', 'det$@%a$@%customer', 'dobj$@%customer$@%serve', 'punct$@%.$@%serve']","['x$@%the$@%waiter', 'x$@%waiter$@%serve', 'x$@%be$@%serve', 'x$@%serve$@%VROOT', 'x$@%a$@%customer', 'x$@%customer$@%serve', 'x$@%.$@%serve']","['x$@%the$@%x', 'x$@%waiter$@%x', 'x$@%be$@%x', 'x$@%serve$@%x', 'x$@%a$@%x', 'x$@%customer$@%x', 'x$@%.$@%x']"
I08T-gNSC-p282-r1,The waiter is serving a chicken.,1,1,1,1,1,"1	the	_	DT	DT	_	2	det	_	_
2	waiter	_	NN	NN	_	4	nsubj	_	_
3	be	_	VBZ	VBZ	_	4	aux	_	_
4	serve	_	VBG	VBG	_	0	root	_	_
5	a	_	DT	DT	_	6	det	_	_
6	chicken	_	NN	NN	_	4	dobj	_	_
7	.	_	.	.	_	4	punct	_	_","['det$@%the$@%waiter', 'nsubj$@%waiter$@%serve', 'aux$@%be$@%serve', 'root$@%serve$@%VROOT', 'det$@%a$@%chicken', 'dobj$@%chicken$@%serve', 'punct$@%.$@%serve']","['x$@%the$@%waiter', 'x$@%waiter$@%serve', 'x$@%be$@%serve', 'x$@%serve$@%VROOT', 'x$@%a$@%chicken', 'x$@%chicken$@%serve', 'x$@%.$@%serve']","['x$@%the$@%x', 'x$@%waiter$@%x', 'x$@%be$@%x', 'x$@%serve$@%x', 'x$@%a$@%x', 'x$@%chicken$@%x', 'x$@%.$@%x']"
